ISO-10303-21;
HEADER;
/* Generated by software containing ST-Developer
 * from STEP Tools, Inc. (www.steptools.com) 
 */
/* OPTION: using custom renumber hook */

FILE_DESCRIPTION(
/* description */ ('STEP AP242 Edition 2',
'CAx-IF Rec.Pracs.---Representation and Presentation of Product Manufa
cturing Information (PMI)---4.0---2014-10-13',
'CAx-IF Rec.Pracs.---3D Tessellated Geometry---0.4---2014-09-14','2;1',
'CAx-IF Rec.Pracs.---User Defined Attributes---1.5---2016-08-15'),
/* implementation_level */ '2;1');

FILE_NAME(
/* name */ 'Top Case',
/* time_stamp */ '2026-08-25T18:53:18Z',
/* author */ (''),
/* organization */ (''),
/* preprocessor_version */ 'ST-DEVELOPER v20',
/* originating_system */ 'ONSHAPE BY PTC INC, 1.219',
/* authorisation */ '  ');

FILE_SCHEMA (('AP242_MANAGED_MODEL_BASED_3D_ENGINEERING_MIM_LF { 1 0 10303 442 3 1 4 }'));
ENDSEC;

DATA;
#10=SHAPE_REPRESENTATION_RELATIONSHIP('','',#4236,#11);
#11=ADVANCED_BREP_SHAPE_REPRESENTATION('',(#4234),#7129);
#12=TOROIDAL_SURFACE('',#4428,0.004,0.001);
#13=TOROIDAL_SURFACE('',#4431,0.004,0.001);
#14=TOROIDAL_SURFACE('',#4434,0.004,0.001);
#15=TOROIDAL_SURFACE('',#4437,0.004,0.001);
#16=TOROIDAL_SURFACE('',#4440,0.004,0.001);
#17=TOROIDAL_SURFACE('',#4443,0.004,0.001);
#18=TOROIDAL_SURFACE('',#4446,0.004,0.001);
#19=TOROIDAL_SURFACE('',#4449,0.004,0.001);
#20=TOROIDAL_SURFACE('',#4452,0.004,0.001);
#21=TOROIDAL_SURFACE('',#4455,0.004,0.001);
#22=TOROIDAL_SURFACE('',#4458,0.004,0.001);
#23=TOROIDAL_SURFACE('',#4461,0.004,0.001);
#24=TOROIDAL_SURFACE('',#4464,0.004,0.001);
#25=TOROIDAL_SURFACE('',#4469,0.004,0.001);
#26=CYLINDRICAL_SURFACE('',#4360,0.003);
#27=CYLINDRICAL_SURFACE('',#4364,0.0016);
#28=CYLINDRICAL_SURFACE('',#4370,0.003);
#29=CYLINDRICAL_SURFACE('',#4374,0.0016);
#30=CYLINDRICAL_SURFACE('',#4379,0.003);
#31=CYLINDRICAL_SURFACE('',#4383,0.0016);
#32=CYLINDRICAL_SURFACE('',#4388,0.003);
#33=CYLINDRICAL_SURFACE('',#4392,0.0016);
#34=CYLINDRICAL_SURFACE('',#4397,0.003);
#35=CYLINDRICAL_SURFACE('',#4401,0.0016);
#36=CYLINDRICAL_SURFACE('',#4406,0.003);
#37=CYLINDRICAL_SURFACE('',#4410,0.0016);
#38=CYLINDRICAL_SURFACE('',#4415,0.003);
#39=CYLINDRICAL_SURFACE('',#4419,0.0016);
#40=CYLINDRICAL_SURFACE('',#4430,0.001);
#41=CYLINDRICAL_SURFACE('',#4433,0.001);
#42=CYLINDRICAL_SURFACE('',#4436,0.001);
#43=CYLINDRICAL_SURFACE('',#4439,0.001);
#44=CYLINDRICAL_SURFACE('',#4442,0.001);
#45=CYLINDRICAL_SURFACE('',#4445,0.001);
#46=CYLINDRICAL_SURFACE('',#4448,0.001);
#47=CYLINDRICAL_SURFACE('',#4451,0.001);
#48=CYLINDRICAL_SURFACE('',#4454,0.001);
#49=CYLINDRICAL_SURFACE('',#4457,0.001);
#50=CYLINDRICAL_SURFACE('',#4460,0.001);
#51=CYLINDRICAL_SURFACE('',#4463,0.001);
#52=CYLINDRICAL_SURFACE('',#4466,0.001);
#53=CYLINDRICAL_SURFACE('',#4467,0.001);
#54=CYLINDRICAL_SURFACE('',#4507,0.001);
#55=CYLINDRICAL_SURFACE('',#4509,0.001);
#56=CYLINDRICAL_SURFACE('',#4512,0.00149999999999997);
#57=CYLINDRICAL_SURFACE('',#4514,0.00150000000000003);
#58=CYLINDRICAL_SURFACE('',#4518,0.001);
#59=CYLINDRICAL_SURFACE('',#4520,0.001);
#60=CYLINDRICAL_SURFACE('',#4523,0.0015);
#61=CYLINDRICAL_SURFACE('',#4525,0.0015);
#62=CYLINDRICAL_SURFACE('',#4529,0.001);
#63=CYLINDRICAL_SURFACE('',#4531,0.00100000000000003);
#64=CYLINDRICAL_SURFACE('',#4534,0.0015);
#65=CYLINDRICAL_SURFACE('',#4536,0.0015);
#66=CYLINDRICAL_SURFACE('',#4540,0.001);
#67=CYLINDRICAL_SURFACE('',#4542,0.00100000000000002);
#68=CYLINDRICAL_SURFACE('',#4545,0.00149999999999997);
#69=CYLINDRICAL_SURFACE('',#4547,0.00149999999999998);
#70=CYLINDRICAL_SURFACE('',#4551,0.00100000000000003);
#71=CYLINDRICAL_SURFACE('',#4553,0.001);
#72=CYLINDRICAL_SURFACE('',#4556,0.00149999999999998);
#73=CYLINDRICAL_SURFACE('',#4558,0.00149999999999996);
#74=CYLINDRICAL_SURFACE('',#4561,0.001);
#75=CYLINDRICAL_SURFACE('',#4564,0.0015);
#76=CYLINDRICAL_SURFACE('',#4566,0.00150000000000003);
#77=CYLINDRICAL_SURFACE('',#4569,0.001);
#78=CYLINDRICAL_SURFACE('',#4573,0.001);
#79=CYLINDRICAL_SURFACE('',#4575,0.001);
#80=CYLINDRICAL_SURFACE('',#4578,0.0015);
#81=CYLINDRICAL_SURFACE('',#4580,0.0015);
#82=CYLINDRICAL_SURFACE('',#4584,0.001);
#83=CYLINDRICAL_SURFACE('',#4586,0.001);
#84=CYLINDRICAL_SURFACE('',#4589,0.0015);
#85=CYLINDRICAL_SURFACE('',#4591,0.0015);
#86=CYLINDRICAL_SURFACE('',#4595,0.001);
#87=CYLINDRICAL_SURFACE('',#4597,0.001);
#88=CYLINDRICAL_SURFACE('',#4600,0.00149999999999996);
#89=CYLINDRICAL_SURFACE('',#4602,0.00149999999999996);
#90=CYLINDRICAL_SURFACE('',#4606,0.001);
#91=CYLINDRICAL_SURFACE('',#4608,0.001);
#92=CYLINDRICAL_SURFACE('',#4611,0.00149999999999998);
#93=CYLINDRICAL_SURFACE('',#4613,0.00149999999999994);
#94=B_SPLINE_CURVE_WITH_KNOTS('',3,(#6094,#6095,#6096,#6097,#6098,#6099),
 .UNSPECIFIED.,.F.,.F.,(4,1,1,4),(0.,0.00105255279405608,0.00157882919108412,
0.00210510558811216),.UNSPECIFIED.);
#95=B_SPLINE_CURVE_WITH_KNOTS('',3,(#6107,#6108,#6109,#6110,#6111,#6112,
#6113),.UNSPECIFIED.,.F.,.F.,(4,1,1,1,4),(0.,0.000530845135792782,0.00106169027158556,
0.00159253540737834,0.00212338054317113),.UNSPECIFIED.);
#96=B_SPLINE_CURVE_WITH_KNOTS('',3,(#6124,#6125,#6126,#6127,#6128,#6129),
 .UNSPECIFIED.,.F.,.F.,(4,1,1,4),(0.,0.00105255279405467,0.00157882919108201,
0.00210510558810934),.UNSPECIFIED.);
#97=B_SPLINE_CURVE_WITH_KNOTS('',3,(#6137,#6138,#6139,#6140,#6141,#6142,
#6143),.UNSPECIFIED.,.F.,.F.,(4,1,1,1,4),(0.,0.000530845135793576,0.00106169027158715,
0.00159253540738073,0.0021233805431743),.UNSPECIFIED.);
#98=B_SPLINE_CURVE_WITH_KNOTS('',3,(#6189,#6190,#6191,#6192,#6193,#6194),
 .UNSPECIFIED.,.F.,.F.,(4,1,1,4),(8.67361737988404E-19,0.00105255279405735,
0.00157882919108602,0.0021051055881147),.UNSPECIFIED.);
#99=B_SPLINE_CURVE_WITH_KNOTS('',3,(#6202,#6203,#6204,#6205,#6206,#6207,
#6208),.UNSPECIFIED.,.F.,.F.,(4,1,1,1,4),(0.,0.000530845135791798,0.0010616902715836,
0.00159253540737539,0.00212338054316719),.UNSPECIFIED.);
#100=B_SPLINE_CURVE_WITH_KNOTS('',3,(#6538,#6539,#6540,#6541,#6542,#6543),
 .UNSPECIFIED.,.F.,.F.,(4,1,1,4),(4.33680868994202E-19,0.00105255279405636,
0.00157882919108454,0.00210510558811272),.UNSPECIFIED.);
#101=B_SPLINE_CURVE_WITH_KNOTS('',3,(#6551,#6552,#6553,#6554,#6555,#6556,
#6557),.UNSPECIFIED.,.F.,.F.,(4,1,1,1,4),(0.,0.000530845135792575,0.00106169027158515,
0.00159253540737772,0.0021233805431703),.UNSPECIFIED.);
#102=B_SPLINE_CURVE_WITH_KNOTS('',3,(#6563,#6564,#6565,#6566,#6567,#6568),
 .UNSPECIFIED.,.F.,.F.,(4,1,1,4),(4.33680868994202E-19,0.00105255279405578,
0.00157882919108367,0.00210510558811157),.UNSPECIFIED.);
#103=B_SPLINE_CURVE_WITH_KNOTS('',3,(#6576,#6577,#6578,#6579,#6580,#6581,
#6582),.UNSPECIFIED.,.F.,.F.,(4,1,1,1,4),(0.,0.000530845135792894,0.00106169027158579,
0.00159253540737868,0.00212338054317158),.UNSPECIFIED.);
#104=B_SPLINE_CURVE_WITH_KNOTS('',3,(#6588,#6589,#6590,#6591,#6592,#6593),
 .UNSPECIFIED.,.F.,.F.,(4,1,1,4),(4.33680868994202E-19,0.00105255279405466,
0.00157882919108199,0.00210510558810932),.UNSPECIFIED.);
#105=B_SPLINE_CURVE_WITH_KNOTS('',3,(#6601,#6602,#6603,#6604,#6605,#6606,
#6607),.UNSPECIFIED.,.F.,.F.,(4,1,1,1,4),(0.,0.00053084513579329,0.00106169027158658,
0.00159253540737987,0.00212338054317316),.UNSPECIFIED.);
#106=B_SPLINE_CURVE_WITH_KNOTS('',3,(#6611,#6612,#6613,#6614,#6615,#6616),
 .UNSPECIFIED.,.F.,.F.,(4,1,1,4),(4.33680868994202E-19,0.00105255279405735,
0.00157882919108603,0.00210510558811471),.UNSPECIFIED.);
#107=B_SPLINE_CURVE_WITH_KNOTS('',3,(#6624,#6625,#6626,#6627,#6628,#6629,
#6630),.UNSPECIFIED.,.F.,.F.,(4,1,1,1,4),(0.,0.000530845135792074,0.00106169027158415,
0.00159253540737622,0.0021233805431683),.UNSPECIFIED.);
#108=LINE('',#5816,#545);
#109=LINE('',#5818,#546);
#110=LINE('',#5822,#547);
#111=LINE('',#5826,#548);
#112=LINE('',#5831,#549);
#113=LINE('',#5835,#550);
#114=LINE('',#5839,#551);
#115=LINE('',#5841,#552);
#116=LINE('',#5846,#553);
#117=LINE('',#5848,#554);
#118=LINE('',#5850,#555);
#119=LINE('',#5854,#556);
#120=LINE('',#5856,#557);
#121=LINE('',#5860,#558);
#122=LINE('',#5865,#559);
#123=LINE('',#5869,#560);
#124=LINE('',#5873,#561);
#125=LINE('',#5877,#562);
#126=LINE('',#5882,#563);
#127=LINE('',#5886,#564);
#128=LINE('',#5888,#565);
#129=LINE('',#5892,#566);
#130=LINE('',#5894,#567);
#131=LINE('',#5896,#568);
#132=LINE('',#5901,#569);
#133=LINE('',#5903,#570);
#134=LINE('',#5907,#571);
#135=LINE('',#5911,#572);
#136=LINE('',#5916,#573);
#137=LINE('',#5920,#574);
#138=LINE('',#5924,#575);
#139=LINE('',#5926,#576);
#140=LINE('',#5931,#577);
#141=LINE('',#5935,#578);
#142=LINE('',#5939,#579);
#143=LINE('',#5943,#580);
#144=LINE('',#5948,#581);
#145=LINE('',#5950,#582);
#146=LINE('',#5954,#583);
#147=LINE('',#5958,#584);
#148=LINE('',#5963,#585);
#149=LINE('',#5967,#586);
#150=LINE('',#5971,#587);
#151=LINE('',#5973,#588);
#152=LINE('',#5978,#589);
#153=LINE('',#5982,#590);
#154=LINE('',#5986,#591);
#155=LINE('',#5990,#592);
#156=LINE('',#5995,#593);
#157=LINE('',#5997,#594);
#158=LINE('',#5999,#595);
#159=LINE('',#6003,#596);
#160=LINE('',#6005,#597);
#161=LINE('',#6009,#598);
#162=LINE('',#6014,#599);
#163=LINE('',#6018,#600);
#164=LINE('',#6020,#601);
#165=LINE('',#6024,#602);
#166=LINE('',#6026,#603);
#167=LINE('',#6028,#604);
#168=LINE('',#6033,#605);
#169=LINE('',#6035,#606);
#170=LINE('',#6039,#607);
#171=LINE('',#6043,#608);
#172=LINE('',#6048,#609);
#173=LINE('',#6052,#610);
#174=LINE('',#6056,#611);
#175=LINE('',#6058,#612);
#176=LINE('',#6063,#613);
#177=LINE('',#6065,#614);
#178=LINE('',#6069,#615);
#179=LINE('',#6073,#616);
#180=LINE('',#6078,#617);
#181=LINE('',#6082,#618);
#182=LINE('',#6086,#619);
#183=LINE('',#6088,#620);
#184=LINE('',#6090,#621);
#185=LINE('',#6093,#622);
#186=LINE('',#6101,#623);
#187=LINE('',#6103,#624);
#188=LINE('',#6105,#625);
#189=LINE('',#6114,#626);
#190=LINE('',#6116,#627);
#191=LINE('',#6118,#628);
#192=LINE('',#6119,#629);
#193=LINE('',#6121,#630);
#194=LINE('',#6123,#631);
#195=LINE('',#6131,#632);
#196=LINE('',#6133,#633);
#197=LINE('',#6135,#634);
#198=LINE('',#6144,#635);
#199=LINE('',#6146,#636);
#200=LINE('',#6148,#637);
#201=LINE('',#6150,#638);
#202=LINE('',#6152,#639);
#203=LINE('',#6154,#640);
#204=LINE('',#6156,#641);
#205=LINE('',#6158,#642);
#206=LINE('',#6160,#643);
#207=LINE('',#6162,#644);
#208=LINE('',#6164,#645);
#209=LINE('',#6166,#646);
#210=LINE('',#6168,#647);
#211=LINE('',#6170,#648);
#212=LINE('',#6172,#649);
#213=LINE('',#6174,#650);
#214=LINE('',#6176,#651);
#215=LINE('',#6178,#652);
#216=LINE('',#6180,#653);
#217=LINE('',#6182,#654);
#218=LINE('',#6184,#655);
#219=LINE('',#6186,#656);
#220=LINE('',#6188,#657);
#221=LINE('',#6196,#658);
#222=LINE('',#6198,#659);
#223=LINE('',#6200,#660);
#224=LINE('',#6209,#661);
#225=LINE('',#6211,#662);
#226=LINE('',#6214,#663);
#227=LINE('',#6215,#664);
#228=LINE('',#6217,#665);
#229=LINE('',#6219,#666);
#230=LINE('',#6220,#667);
#231=LINE('',#6222,#668);
#232=LINE('',#6224,#669);
#233=LINE('',#6226,#670);
#234=LINE('',#6228,#671);
#235=LINE('',#6230,#672);
#236=LINE('',#6232,#673);
#237=LINE('',#6234,#674);
#238=LINE('',#6235,#675);
#239=LINE('',#6237,#676);
#240=LINE('',#6240,#677);
#241=LINE('',#6241,#678);
#242=LINE('',#6243,#679);
#243=LINE('',#6245,#680);
#244=LINE('',#6247,#681);
#245=LINE('',#6249,#682);
#246=LINE('',#6251,#683);
#247=LINE('',#6252,#684);
#248=LINE('',#6254,#685);
#249=LINE('',#6256,#686);
#250=LINE('',#6257,#687);
#251=LINE('',#6259,#688);
#252=LINE('',#6263,#689);
#253=LINE('',#6265,#690);
#254=LINE('',#6269,#691);
#255=LINE('',#6271,#692);
#256=LINE('',#6273,#693);
#257=LINE('',#6276,#694);
#258=LINE('',#6278,#695);
#259=LINE('',#6280,#696);
#260=LINE('',#6284,#697);
#261=LINE('',#6286,#698);
#262=LINE('',#6288,#699);
#263=LINE('',#6291,#700);
#264=LINE('',#6293,#701);
#265=LINE('',#6295,#702);
#266=LINE('',#6296,#703);
#267=LINE('',#6298,#704);
#268=LINE('',#6300,#705);
#269=LINE('',#6304,#706);
#270=LINE('',#6306,#707);
#271=LINE('',#6308,#708);
#272=LINE('',#6310,#709);
#273=LINE('',#6312,#710);
#274=LINE('',#6314,#711);
#275=LINE('',#6317,#712);
#276=LINE('',#6319,#713);
#277=LINE('',#6321,#714);
#278=LINE('',#6325,#715);
#279=LINE('',#6327,#716);
#280=LINE('',#6329,#717);
#281=LINE('',#6332,#718);
#282=LINE('',#6334,#719);
#283=LINE('',#6336,#720);
#284=LINE('',#6340,#721);
#285=LINE('',#6342,#722);
#286=LINE('',#6344,#723);
#287=LINE('',#6347,#724);
#288=LINE('',#6349,#725);
#289=LINE('',#6351,#726);
#290=LINE('',#6357,#727);
#291=LINE('',#6359,#728);
#292=LINE('',#6361,#729);
#293=LINE('',#6363,#730);
#294=LINE('',#6365,#731);
#295=LINE('',#6367,#732);
#296=LINE('',#6369,#733);
#297=LINE('',#6370,#734);
#298=LINE('',#6372,#735);
#299=LINE('',#6374,#736);
#300=LINE('',#6375,#737);
#301=LINE('',#6377,#738);
#302=LINE('',#6381,#739);
#303=LINE('',#6383,#740);
#304=LINE('',#6386,#741);
#305=LINE('',#6388,#742);
#306=LINE('',#6390,#743);
#307=LINE('',#6392,#744);
#308=LINE('',#6394,#745);
#309=LINE('',#6396,#746);
#310=LINE('',#6398,#747);
#311=LINE('',#6400,#748);
#312=LINE('',#6402,#749);
#313=LINE('',#6404,#750);
#314=LINE('',#6405,#751);
#315=LINE('',#6407,#752);
#316=LINE('',#6408,#753);
#317=LINE('',#6410,#754);
#318=LINE('',#6412,#755);
#319=LINE('',#6413,#756);
#320=LINE('',#6415,#757);
#321=LINE('',#6417,#758);
#322=LINE('',#6419,#759);
#323=LINE('',#6421,#760);
#324=LINE('',#6425,#761);
#325=LINE('',#6426,#762);
#326=LINE('',#6430,#763);
#327=LINE('',#6431,#764);
#328=LINE('',#6435,#765);
#329=LINE('',#6436,#766);
#330=LINE('',#6440,#767);
#331=LINE('',#6441,#768);
#332=LINE('',#6445,#769);
#333=LINE('',#6446,#770);
#334=LINE('',#6450,#771);
#335=LINE('',#6451,#772);
#336=LINE('',#6469,#773);
#337=LINE('',#6471,#774);
#338=LINE('',#6473,#775);
#339=LINE('',#6474,#776);
#340=LINE('',#6476,#777);
#341=LINE('',#6478,#778);
#342=LINE('',#6479,#779);
#343=LINE('',#6481,#780);
#344=LINE('',#6483,#781);
#345=LINE('',#6484,#782);
#346=LINE('',#6486,#783);
#347=LINE('',#6488,#784);
#348=LINE('',#6489,#785);
#349=LINE('',#6491,#786);
#350=LINE('',#6493,#787);
#351=LINE('',#6494,#788);
#352=LINE('',#6496,#789);
#353=LINE('',#6498,#790);
#354=LINE('',#6499,#791);
#355=LINE('',#6501,#792);
#356=LINE('',#6503,#793);
#357=LINE('',#6504,#794);
#358=LINE('',#6506,#795);
#359=LINE('',#6508,#796);
#360=LINE('',#6510,#797);
#361=LINE('',#6512,#798);
#362=LINE('',#6514,#799);
#363=LINE('',#6516,#800);
#364=LINE('',#6517,#801);
#365=LINE('',#6520,#802);
#366=LINE('',#6522,#803);
#367=LINE('',#6524,#804);
#368=LINE('',#6526,#805);
#369=LINE('',#6528,#806);
#370=LINE('',#6530,#807);
#371=LINE('',#6532,#808);
#372=LINE('',#6534,#809);
#373=LINE('',#6537,#810);
#374=LINE('',#6545,#811);
#375=LINE('',#6547,#812);
#376=LINE('',#6549,#813);
#377=LINE('',#6558,#814);
#378=LINE('',#6560,#815);
#379=LINE('',#6562,#816);
#380=LINE('',#6570,#817);
#381=LINE('',#6572,#818);
#382=LINE('',#6574,#819);
#383=LINE('',#6583,#820);
#384=LINE('',#6585,#821);
#385=LINE('',#6587,#822);
#386=LINE('',#6595,#823);
#387=LINE('',#6597,#824);
#388=LINE('',#6599,#825);
#389=LINE('',#6608,#826);
#390=LINE('',#6610,#827);
#391=LINE('',#6618,#828);
#392=LINE('',#6620,#829);
#393=LINE('',#6622,#830);
#394=LINE('',#6631,#831);
#395=LINE('',#6637,#832);
#396=LINE('',#6638,#833);
#397=LINE('',#6642,#834);
#398=LINE('',#6647,#835);
#399=LINE('',#6651,#836);
#400=LINE('',#6653,#837);
#401=LINE('',#6657,#838);
#402=LINE('',#6660,#839);
#403=LINE('',#6667,#840);
#404=LINE('',#6669,#841);
#405=LINE('',#6673,#842);
#406=LINE('',#6676,#843);
#407=LINE('',#6683,#844);
#408=LINE('',#6685,#845);
#409=LINE('',#6689,#846);
#410=LINE('',#6692,#847);
#411=LINE('',#6699,#848);
#412=LINE('',#6701,#849);
#413=LINE('',#6705,#850);
#414=LINE('',#6708,#851);
#415=LINE('',#6715,#852);
#416=LINE('',#6717,#853);
#417=LINE('',#6721,#854);
#418=LINE('',#6724,#855);
#419=LINE('',#6731,#856);
#420=LINE('',#6733,#857);
#421=LINE('',#6737,#858);
#422=LINE('',#6740,#859);
#423=LINE('',#6794,#860);
#424=LINE('',#6796,#861);
#425=LINE('',#6798,#862);
#426=LINE('',#6800,#863);
#427=LINE('',#6802,#864);
#428=LINE('',#6804,#865);
#429=LINE('',#6806,#866);
#430=LINE('',#6808,#867);
#431=LINE('',#6810,#868);
#432=LINE('',#6812,#869);
#433=LINE('',#6814,#870);
#434=LINE('',#6816,#871);
#435=LINE('',#6818,#872);
#436=LINE('',#6820,#873);
#437=LINE('',#6822,#874);
#438=LINE('',#6824,#875);
#439=LINE('',#6826,#876);
#440=LINE('',#6828,#877);
#441=LINE('',#6830,#878);
#442=LINE('',#6832,#879);
#443=LINE('',#6834,#880);
#444=LINE('',#6836,#881);
#445=LINE('',#6838,#882);
#446=LINE('',#6840,#883);
#447=LINE('',#6842,#884);
#448=LINE('',#6844,#885);
#449=LINE('',#6846,#886);
#450=LINE('',#6848,#887);
#451=LINE('',#6850,#888);
#452=LINE('',#6852,#889);
#453=LINE('',#6854,#890);
#454=LINE('',#6856,#891);
#455=LINE('',#6858,#892);
#456=LINE('',#6860,#893);
#457=LINE('',#6862,#894);
#458=LINE('',#6864,#895);
#459=LINE('',#6866,#896);
#460=LINE('',#6868,#897);
#461=LINE('',#6870,#898);
#462=LINE('',#6872,#899);
#463=LINE('',#6874,#900);
#464=LINE('',#6876,#901);
#465=LINE('',#6878,#902);
#466=LINE('',#6880,#903);
#467=LINE('',#6882,#904);
#468=LINE('',#6884,#905);
#469=LINE('',#6886,#906);
#470=LINE('',#6888,#907);
#471=LINE('',#6890,#908);
#472=LINE('',#6892,#909);
#473=LINE('',#6894,#910);
#474=LINE('',#6896,#911);
#475=LINE('',#6898,#912);
#476=LINE('',#6900,#913);
#477=LINE('',#6902,#914);
#478=LINE('',#6904,#915);
#479=LINE('',#6906,#916);
#480=LINE('',#6908,#917);
#481=LINE('',#6910,#918);
#482=LINE('',#6912,#919);
#483=LINE('',#6914,#920);
#484=LINE('',#6916,#921);
#485=LINE('',#6919,#922);
#486=LINE('',#6921,#923);
#487=LINE('',#6923,#924);
#488=LINE('',#6927,#925);
#489=LINE('',#6931,#926);
#490=LINE('',#6933,#927);
#491=LINE('',#6940,#928);
#492=LINE('',#6942,#929);
#493=LINE('',#6944,#930);
#494=LINE('',#6948,#931);
#495=LINE('',#6952,#932);
#496=LINE('',#6954,#933);
#497=LINE('',#6961,#934);
#498=LINE('',#6963,#935);
#499=LINE('',#6965,#936);
#500=LINE('',#6969,#937);
#501=LINE('',#6973,#938);
#502=LINE('',#6975,#939);
#503=LINE('',#6982,#940);
#504=LINE('',#6984,#941);
#505=LINE('',#6986,#942);
#506=LINE('',#6990,#943);
#507=LINE('',#6994,#944);
#508=LINE('',#6996,#945);
#509=LINE('',#7003,#946);
#510=LINE('',#7005,#947);
#511=LINE('',#7007,#948);
#512=LINE('',#7011,#949);
#513=LINE('',#7015,#950);
#514=LINE('',#7017,#951);
#515=LINE('',#7024,#952);
#516=LINE('',#7028,#953);
#517=LINE('',#7030,#954);
#518=LINE('',#7034,#955);
#519=LINE('',#7038,#956);
#520=LINE('',#7040,#957);
#521=LINE('',#7045,#958);
#522=LINE('',#7047,#959);
#523=LINE('',#7049,#960);
#524=LINE('',#7053,#961);
#525=LINE('',#7057,#962);
#526=LINE('',#7059,#963);
#527=LINE('',#7066,#964);
#528=LINE('',#7068,#965);
#529=LINE('',#7070,#966);
#530=LINE('',#7074,#967);
#531=LINE('',#7078,#968);
#532=LINE('',#7080,#969);
#533=LINE('',#7087,#970);
#534=LINE('',#7089,#971);
#535=LINE('',#7091,#972);
#536=LINE('',#7095,#973);
#537=LINE('',#7099,#974);
#538=LINE('',#7101,#975);
#539=LINE('',#7108,#976);
#540=LINE('',#7110,#977);
#541=LINE('',#7112,#978);
#542=LINE('',#7116,#979);
#543=LINE('',#7120,#980);
#544=LINE('',#7122,#981);
#545=VECTOR('',#4622,1.);
#546=VECTOR('',#4623,1.);
#547=VECTOR('',#4626,1.);
#548=VECTOR('',#4629,1.);
#549=VECTOR('',#4634,1.);
#550=VECTOR('',#4637,1.);
#551=VECTOR('',#4640,1.);
#552=VECTOR('',#4641,1.);
#553=VECTOR('',#4646,1.);
#554=VECTOR('',#4647,1.);
#555=VECTOR('',#4648,1.);
#556=VECTOR('',#4651,1.);
#557=VECTOR('',#4652,1.);
#558=VECTOR('',#4655,1.);
#559=VECTOR('',#4660,1.);
#560=VECTOR('',#4663,1.);
#561=VECTOR('',#4666,1.);
#562=VECTOR('',#4669,1.);
#563=VECTOR('',#4674,1.);
#564=VECTOR('',#4677,1.);
#565=VECTOR('',#4678,1.);
#566=VECTOR('',#4681,1.);
#567=VECTOR('',#4682,1.);
#568=VECTOR('',#4683,1.);
#569=VECTOR('',#4688,1.);
#570=VECTOR('',#4689,1.);
#571=VECTOR('',#4692,1.);
#572=VECTOR('',#4695,1.);
#573=VECTOR('',#4700,1.);
#574=VECTOR('',#4703,1.);
#575=VECTOR('',#4706,1.);
#576=VECTOR('',#4707,1.);
#577=VECTOR('',#4712,1.);
#578=VECTOR('',#4715,1.);
#579=VECTOR('',#4718,1.);
#580=VECTOR('',#4721,1.);
#581=VECTOR('',#4726,1.);
#582=VECTOR('',#4727,1.);
#583=VECTOR('',#4730,1.);
#584=VECTOR('',#4733,1.);
#585=VECTOR('',#4738,1.);
#586=VECTOR('',#4741,1.);
#587=VECTOR('',#4744,1.);
#588=VECTOR('',#4745,1.);
#589=VECTOR('',#4750,1.);
#590=VECTOR('',#4753,1.);
#591=VECTOR('',#4756,1.);
#592=VECTOR('',#4759,1.);
#593=VECTOR('',#4764,1.);
#594=VECTOR('',#4765,1.);
#595=VECTOR('',#4766,1.);
#596=VECTOR('',#4769,1.);
#597=VECTOR('',#4770,1.);
#598=VECTOR('',#4773,1.);
#599=VECTOR('',#4778,1.);
#600=VECTOR('',#4781,1.);
#601=VECTOR('',#4782,1.);
#602=VECTOR('',#4785,1.);
#603=VECTOR('',#4786,1.);
#604=VECTOR('',#4787,1.);
#605=VECTOR('',#4792,1.);
#606=VECTOR('',#4793,1.);
#607=VECTOR('',#4796,1.);
#608=VECTOR('',#4799,1.);
#609=VECTOR('',#4804,1.);
#610=VECTOR('',#4807,1.);
#611=VECTOR('',#4810,1.);
#612=VECTOR('',#4811,1.);
#613=VECTOR('',#4816,1.);
#614=VECTOR('',#4817,1.);
#615=VECTOR('',#4820,1.);
#616=VECTOR('',#4823,1.);
#617=VECTOR('',#4828,1.);
#618=VECTOR('',#4831,1.);
#619=VECTOR('',#4834,1.);
#620=VECTOR('',#4835,1.);
#621=VECTOR('',#4838,1.);
#622=VECTOR('',#4839,1.);
#623=VECTOR('',#4840,1.);
#624=VECTOR('',#4841,1.);
#625=VECTOR('',#4842,1.);
#626=VECTOR('',#4843,1.);
#627=VECTOR('',#4844,1.);
#628=VECTOR('',#4845,1.);
#629=VECTOR('',#4846,1.);
#630=VECTOR('',#4847,1.);
#631=VECTOR('',#4848,1.);
#632=VECTOR('',#4849,1.);
#633=VECTOR('',#4850,1.);
#634=VECTOR('',#4851,1.);
#635=VECTOR('',#4852,1.);
#636=VECTOR('',#4853,1.);
#637=VECTOR('',#4854,1.);
#638=VECTOR('',#4855,1.);
#639=VECTOR('',#4856,1.);
#640=VECTOR('',#4857,1.);
#641=VECTOR('',#4858,1.);
#642=VECTOR('',#4859,1.);
#643=VECTOR('',#4860,1.);
#644=VECTOR('',#4861,1.);
#645=VECTOR('',#4862,1.);
#646=VECTOR('',#4863,1.);
#647=VECTOR('',#4864,1.);
#648=VECTOR('',#4865,1.);
#649=VECTOR('',#4866,1.);
#650=VECTOR('',#4867,1.);
#651=VECTOR('',#4868,1.);
#652=VECTOR('',#4869,1.);
#653=VECTOR('',#4870,1.);
#654=VECTOR('',#4871,1.);
#655=VECTOR('',#4872,1.);
#656=VECTOR('',#4873,1.);
#657=VECTOR('',#4874,1.);
#658=VECTOR('',#4875,1.);
#659=VECTOR('',#4876,1.);
#660=VECTOR('',#4877,1.);
#661=VECTOR('',#4878,1.);
#662=VECTOR('',#4881,1.);
#663=VECTOR('',#4882,1.);
#664=VECTOR('',#4883,1.);
#665=VECTOR('',#4884,1.);
#666=VECTOR('',#4885,1.);
#667=VECTOR('',#4886,1.);
#668=VECTOR('',#4887,1.);
#669=VECTOR('',#4888,1.);
#670=VECTOR('',#4889,1.);
#671=VECTOR('',#4890,1.);
#672=VECTOR('',#4891,1.);
#673=VECTOR('',#4892,1.);
#674=VECTOR('',#4893,1.);
#675=VECTOR('',#4894,1.);
#676=VECTOR('',#4897,1.);
#677=VECTOR('',#4898,1.);
#678=VECTOR('',#4899,1.);
#679=VECTOR('',#4900,1.);
#680=VECTOR('',#4901,1.);
#681=VECTOR('',#4902,1.);
#682=VECTOR('',#4903,1.);
#683=VECTOR('',#4904,1.);
#684=VECTOR('',#4905,1.);
#685=VECTOR('',#4906,1.);
#686=VECTOR('',#4907,1.);
#687=VECTOR('',#4908,1.);
#688=VECTOR('',#4911,1.);
#689=VECTOR('',#4914,1.);
#690=VECTOR('',#4915,1.);
#691=VECTOR('',#4920,1.);
#692=VECTOR('',#4921,1.);
#693=VECTOR('',#4922,1.);
#694=VECTOR('',#4925,1.);
#695=VECTOR('',#4926,1.);
#696=VECTOR('',#4927,1.);
#697=VECTOR('',#4932,1.);
#698=VECTOR('',#4933,1.);
#699=VECTOR('',#4934,1.);
#700=VECTOR('',#4937,1.);
#701=VECTOR('',#4938,1.);
#702=VECTOR('',#4939,1.);
#703=VECTOR('',#4940,1.);
#704=VECTOR('',#4941,1.);
#705=VECTOR('',#4942,1.);
#706=VECTOR('',#4947,1.);
#707=VECTOR('',#4948,1.);
#708=VECTOR('',#4949,1.);
#709=VECTOR('',#4952,1.);
#710=VECTOR('',#4953,1.);
#711=VECTOR('',#4954,1.);
#712=VECTOR('',#4957,1.);
#713=VECTOR('',#4958,1.);
#714=VECTOR('',#4959,1.);
#715=VECTOR('',#4964,1.);
#716=VECTOR('',#4965,1.);
#717=VECTOR('',#4966,1.);
#718=VECTOR('',#4969,1.);
#719=VECTOR('',#4970,1.);
#720=VECTOR('',#4971,1.);
#721=VECTOR('',#4976,1.);
#722=VECTOR('',#4977,1.);
#723=VECTOR('',#4978,1.);
#724=VECTOR('',#4981,1.);
#725=VECTOR('',#4982,1.);
#726=VECTOR('',#4983,1.);
#727=VECTOR('',#4990,1.);
#728=VECTOR('',#4991,1.);
#729=VECTOR('',#4992,1.);
#730=VECTOR('',#4995,1.);
#731=VECTOR('',#4996,1.);
#732=VECTOR('',#4997,1.);
#733=VECTOR('',#4998,1.);
#734=VECTOR('',#4999,1.);
#735=VECTOR('',#5000,1.);
#736=VECTOR('',#5001,1.);
#737=VECTOR('',#5002,1.);
#738=VECTOR('',#5005,1.);
#739=VECTOR('',#5008,1.);
#740=VECTOR('',#5011,1.);
#741=VECTOR('',#5012,1.);
#742=VECTOR('',#5013,1.);
#743=VECTOR('',#5014,1.);
#744=VECTOR('',#5017,1.);
#745=VECTOR('',#5018,1.);
#746=VECTOR('',#5019,1.);
#747=VECTOR('',#5022,1.);
#748=VECTOR('',#5023,1.);
#749=VECTOR('',#5024,1.);
#750=VECTOR('',#5027,1.);
#751=VECTOR('',#5028,1.);
#752=VECTOR('',#5031,1.);
#753=VECTOR('',#5032,1.);
#754=VECTOR('',#5033,1.);
#755=VECTOR('',#5034,1.);
#756=VECTOR('',#5035,1.);
#757=VECTOR('',#5036,1.);
#758=VECTOR('',#5037,1.);
#759=VECTOR('',#5040,1.);
#760=VECTOR('',#5041,1.);
#761=VECTOR('',#5044,1.);
#762=VECTOR('',#5045,1.);
#763=VECTOR('',#5048,1.);
#764=VECTOR('',#5049,1.);
#765=VECTOR('',#5052,1.);
#766=VECTOR('',#5053,1.);
#767=VECTOR('',#5056,1.);
#768=VECTOR('',#5057,1.);
#769=VECTOR('',#5060,1.);
#770=VECTOR('',#5061,1.);
#771=VECTOR('',#5064,1.);
#772=VECTOR('',#5065,1.);
#773=VECTOR('',#5084,1.);
#774=VECTOR('',#5085,1.);
#775=VECTOR('',#5086,1.);
#776=VECTOR('',#5087,1.);
#777=VECTOR('',#5088,1.);
#778=VECTOR('',#5089,1.);
#779=VECTOR('',#5090,1.);
#780=VECTOR('',#5091,1.);
#781=VECTOR('',#5092,1.);
#782=VECTOR('',#5093,1.);
#783=VECTOR('',#5094,1.);
#784=VECTOR('',#5095,1.);
#785=VECTOR('',#5096,1.);
#786=VECTOR('',#5097,1.);
#787=VECTOR('',#5098,1.);
#788=VECTOR('',#5099,1.);
#789=VECTOR('',#5100,1.);
#790=VECTOR('',#5101,1.);
#791=VECTOR('',#5102,1.);
#792=VECTOR('',#5103,1.);
#793=VECTOR('',#5104,1.);
#794=VECTOR('',#5105,1.);
#795=VECTOR('',#5106,1.);
#796=VECTOR('',#5107,1.);
#797=VECTOR('',#5108,1.);
#798=VECTOR('',#5109,1.);
#799=VECTOR('',#5110,1.);
#800=VECTOR('',#5111,1.);
#801=VECTOR('',#5112,1.);
#802=VECTOR('',#5113,1.);
#803=VECTOR('',#5114,1.);
#804=VECTOR('',#5115,1.);
#805=VECTOR('',#5116,1.);
#806=VECTOR('',#5117,1.);
#807=VECTOR('',#5118,1.);
#808=VECTOR('',#5119,1.);
#809=VECTOR('',#5122,1.);
#810=VECTOR('',#5123,1.);
#811=VECTOR('',#5124,1.);
#812=VECTOR('',#5125,1.);
#813=VECTOR('',#5126,1.);
#814=VECTOR('',#5127,1.);
#815=VECTOR('',#5128,1.);
#816=VECTOR('',#5129,1.);
#817=VECTOR('',#5130,1.);
#818=VECTOR('',#5131,1.);
#819=VECTOR('',#5132,1.);
#820=VECTOR('',#5133,1.);
#821=VECTOR('',#5134,1.);
#822=VECTOR('',#5135,1.);
#823=VECTOR('',#5136,1.);
#824=VECTOR('',#5137,1.);
#825=VECTOR('',#5138,1.);
#826=VECTOR('',#5139,1.);
#827=VECTOR('',#5140,1.);
#828=VECTOR('',#5141,1.);
#829=VECTOR('',#5142,1.);
#830=VECTOR('',#5143,1.);
#831=VECTOR('',#5144,1.);
#832=VECTOR('',#5153,1.);
#833=VECTOR('',#5154,1.);
#834=VECTOR('',#5159,1.);
#835=VECTOR('',#5166,1.);
#836=VECTOR('',#5173,1.);
#837=VECTOR('',#5174,1.);
#838=VECTOR('',#5179,1.);
#839=VECTOR('',#5184,1.);
#840=VECTOR('',#5195,1.);
#841=VECTOR('',#5196,1.);
#842=VECTOR('',#5201,1.);
#843=VECTOR('',#5206,1.);
#844=VECTOR('',#5217,1.);
#845=VECTOR('',#5218,1.);
#846=VECTOR('',#5223,1.);
#847=VECTOR('',#5228,1.);
#848=VECTOR('',#5239,1.);
#849=VECTOR('',#5240,1.);
#850=VECTOR('',#5245,1.);
#851=VECTOR('',#5250,1.);
#852=VECTOR('',#5261,1.);
#853=VECTOR('',#5262,1.);
#854=VECTOR('',#5267,1.);
#855=VECTOR('',#5272,1.);
#856=VECTOR('',#5283,1.);
#857=VECTOR('',#5284,1.);
#858=VECTOR('',#5289,1.);
#859=VECTOR('',#5294,1.);
#860=VECTOR('',#5399,1.);
#861=VECTOR('',#5400,1.);
#862=VECTOR('',#5403,1.);
#863=VECTOR('',#5404,1.);
#864=VECTOR('',#5407,1.);
#865=VECTOR('',#5408,1.);
#866=VECTOR('',#5411,1.);
#867=VECTOR('',#5414,1.);
#868=VECTOR('',#5415,1.);
#869=VECTOR('',#5418,1.);
#870=VECTOR('',#5419,1.);
#871=VECTOR('',#5422,1.);
#872=VECTOR('',#5423,1.);
#873=VECTOR('',#5426,1.);
#874=VECTOR('',#5427,1.);
#875=VECTOR('',#5430,1.);
#876=VECTOR('',#5431,1.);
#877=VECTOR('',#5434,1.);
#878=VECTOR('',#5437,1.);
#879=VECTOR('',#5438,1.);
#880=VECTOR('',#5441,1.);
#881=VECTOR('',#5442,1.);
#882=VECTOR('',#5445,1.);
#883=VECTOR('',#5448,1.);
#884=VECTOR('',#5449,1.);
#885=VECTOR('',#5452,1.);
#886=VECTOR('',#5453,1.);
#887=VECTOR('',#5456,1.);
#888=VECTOR('',#5459,1.);
#889=VECTOR('',#5460,1.);
#890=VECTOR('',#5463,1.);
#891=VECTOR('',#5464,1.);
#892=VECTOR('',#5467,1.);
#893=VECTOR('',#5470,1.);
#894=VECTOR('',#5471,1.);
#895=VECTOR('',#5474,1.);
#896=VECTOR('',#5475,1.);
#897=VECTOR('',#5478,1.);
#898=VECTOR('',#5481,1.);
#899=VECTOR('',#5482,1.);
#900=VECTOR('',#5485,1.);
#901=VECTOR('',#5486,1.);
#902=VECTOR('',#5489,1.);
#903=VECTOR('',#5492,1.);
#904=VECTOR('',#5493,1.);
#905=VECTOR('',#5496,1.);
#906=VECTOR('',#5497,1.);
#907=VECTOR('',#5498,1.);
#908=VECTOR('',#5501,1.);
#909=VECTOR('',#5502,1.);
#910=VECTOR('',#5505,1.);
#911=VECTOR('',#5506,1.);
#912=VECTOR('',#5509,1.);
#913=VECTOR('',#5510,1.);
#914=VECTOR('',#5513,1.);
#915=VECTOR('',#5514,1.);
#916=VECTOR('',#5517,1.);
#917=VECTOR('',#5518,1.);
#918=VECTOR('',#5521,1.);
#919=VECTOR('',#5522,1.);
#920=VECTOR('',#5525,1.);
#921=VECTOR('',#5528,1.);
#922=VECTOR('',#5533,1.);
#923=VECTOR('',#5534,1.);
#924=VECTOR('',#5535,1.);
#925=VECTOR('',#5542,1.);
#926=VECTOR('',#5547,1.);
#927=VECTOR('',#5548,1.);
#928=VECTOR('',#5561,1.);
#929=VECTOR('',#5562,1.);
#930=VECTOR('',#5563,1.);
#931=VECTOR('',#5570,1.);
#932=VECTOR('',#5575,1.);
#933=VECTOR('',#5576,1.);
#934=VECTOR('',#5589,1.);
#935=VECTOR('',#5590,1.);
#936=VECTOR('',#5591,1.);
#937=VECTOR('',#5598,1.);
#938=VECTOR('',#5603,1.);
#939=VECTOR('',#5604,1.);
#940=VECTOR('',#5617,1.);
#941=VECTOR('',#5618,1.);
#942=VECTOR('',#5619,1.);
#943=VECTOR('',#5626,1.);
#944=VECTOR('',#5631,1.);
#945=VECTOR('',#5632,1.);
#946=VECTOR('',#5645,1.);
#947=VECTOR('',#5646,1.);
#948=VECTOR('',#5647,1.);
#949=VECTOR('',#5654,1.);
#950=VECTOR('',#5659,1.);
#951=VECTOR('',#5660,1.);
#952=VECTOR('',#5673,1.);
#953=VECTOR('',#5678,1.);
#954=VECTOR('',#5679,1.);
#955=VECTOR('',#5686,1.);
#956=VECTOR('',#5691,1.);
#957=VECTOR('',#5692,1.);
#958=VECTOR('',#5701,1.);
#959=VECTOR('',#5702,1.);
#960=VECTOR('',#5703,1.);
#961=VECTOR('',#5710,1.);
#962=VECTOR('',#5715,1.);
#963=VECTOR('',#5716,1.);
#964=VECTOR('',#5729,1.);
#965=VECTOR('',#5730,1.);
#966=VECTOR('',#5731,1.);
#967=VECTOR('',#5738,1.);
#968=VECTOR('',#5743,1.);
#969=VECTOR('',#5744,1.);
#970=VECTOR('',#5757,1.);
#971=VECTOR('',#5758,1.);
#972=VECTOR('',#5759,1.);
#973=VECTOR('',#5766,1.);
#974=VECTOR('',#5771,1.);
#975=VECTOR('',#5772,1.);
#976=VECTOR('',#5785,1.);
#977=VECTOR('',#5786,1.);
#978=VECTOR('',#5787,1.);
#979=VECTOR('',#5794,1.);
#980=VECTOR('',#5799,1.);
#981=VECTOR('',#5800,1.);
#982=ORIENTED_EDGE('',*,*,#2212,.F.);
#983=ORIENTED_EDGE('',*,*,#2213,.F.);
#984=ORIENTED_EDGE('',*,*,#2214,.T.);
#985=ORIENTED_EDGE('',*,*,#2215,.T.);
#986=ORIENTED_EDGE('',*,*,#2216,.F.);
#987=ORIENTED_EDGE('',*,*,#2217,.T.);
#988=ORIENTED_EDGE('',*,*,#2218,.F.);
#989=ORIENTED_EDGE('',*,*,#2219,.F.);
#990=ORIENTED_EDGE('',*,*,#2220,.T.);
#991=ORIENTED_EDGE('',*,*,#2221,.T.);
#992=ORIENTED_EDGE('',*,*,#2222,.F.);
#993=ORIENTED_EDGE('',*,*,#2223,.T.);
#994=ORIENTED_EDGE('',*,*,#2224,.T.);
#995=ORIENTED_EDGE('',*,*,#2225,.F.);
#996=ORIENTED_EDGE('',*,*,#2226,.F.);
#997=ORIENTED_EDGE('',*,*,#2227,.T.);
#998=ORIENTED_EDGE('',*,*,#2228,.T.);
#999=ORIENTED_EDGE('',*,*,#2229,.T.);
#1000=ORIENTED_EDGE('',*,*,#2230,.T.);
#1001=ORIENTED_EDGE('',*,*,#2231,.T.);
#1002=ORIENTED_EDGE('',*,*,#2232,.F.);
#1003=ORIENTED_EDGE('',*,*,#2233,.T.);
#1004=ORIENTED_EDGE('',*,*,#2234,.F.);
#1005=ORIENTED_EDGE('',*,*,#2235,.F.);
#1006=ORIENTED_EDGE('',*,*,#2236,.T.);
#1007=ORIENTED_EDGE('',*,*,#2237,.F.);
#1008=ORIENTED_EDGE('',*,*,#2238,.T.);
#1009=ORIENTED_EDGE('',*,*,#2239,.T.);
#1010=ORIENTED_EDGE('',*,*,#2240,.F.);
#1011=ORIENTED_EDGE('',*,*,#2241,.T.);
#1012=ORIENTED_EDGE('',*,*,#2242,.F.);
#1013=ORIENTED_EDGE('',*,*,#2243,.F.);
#1014=ORIENTED_EDGE('',*,*,#2244,.T.);
#1015=ORIENTED_EDGE('',*,*,#2245,.T.);
#1016=ORIENTED_EDGE('',*,*,#2246,.F.);
#1017=ORIENTED_EDGE('',*,*,#2247,.F.);
#1018=ORIENTED_EDGE('',*,*,#2248,.T.);
#1019=ORIENTED_EDGE('',*,*,#2249,.T.);
#1020=ORIENTED_EDGE('',*,*,#2250,.F.);
#1021=ORIENTED_EDGE('',*,*,#2251,.T.);
#1022=ORIENTED_EDGE('',*,*,#2252,.F.);
#1023=ORIENTED_EDGE('',*,*,#2253,.T.);
#1024=ORIENTED_EDGE('',*,*,#2254,.T.);
#1025=ORIENTED_EDGE('',*,*,#2255,.T.);
#1026=ORIENTED_EDGE('',*,*,#2256,.T.);
#1027=ORIENTED_EDGE('',*,*,#2257,.T.);
#1028=ORIENTED_EDGE('',*,*,#2258,.T.);
#1029=ORIENTED_EDGE('',*,*,#2259,.F.);
#1030=ORIENTED_EDGE('',*,*,#2260,.F.);
#1031=ORIENTED_EDGE('',*,*,#2261,.T.);
#1032=ORIENTED_EDGE('',*,*,#2262,.T.);
#1033=ORIENTED_EDGE('',*,*,#2263,.T.);
#1034=ORIENTED_EDGE('',*,*,#2264,.T.);
#1035=ORIENTED_EDGE('',*,*,#2265,.T.);
#1036=ORIENTED_EDGE('',*,*,#2266,.F.);
#1037=ORIENTED_EDGE('',*,*,#2267,.T.);
#1038=ORIENTED_EDGE('',*,*,#2268,.F.);
#1039=ORIENTED_EDGE('',*,*,#2269,.F.);
#1040=ORIENTED_EDGE('',*,*,#2270,.T.);
#1041=ORIENTED_EDGE('',*,*,#2271,.T.);
#1042=ORIENTED_EDGE('',*,*,#2272,.T.);
#1043=ORIENTED_EDGE('',*,*,#2273,.T.);
#1044=ORIENTED_EDGE('',*,*,#2274,.F.);
#1045=ORIENTED_EDGE('',*,*,#2275,.T.);
#1046=ORIENTED_EDGE('',*,*,#2276,.T.);
#1047=ORIENTED_EDGE('',*,*,#2277,.T.);
#1048=ORIENTED_EDGE('',*,*,#2278,.T.);
#1049=ORIENTED_EDGE('',*,*,#2279,.T.);
#1050=ORIENTED_EDGE('',*,*,#2280,.T.);
#1051=ORIENTED_EDGE('',*,*,#2281,.F.);
#1052=ORIENTED_EDGE('',*,*,#2282,.F.);
#1053=ORIENTED_EDGE('',*,*,#2283,.T.);
#1054=ORIENTED_EDGE('',*,*,#2284,.T.);
#1055=ORIENTED_EDGE('',*,*,#2285,.T.);
#1056=ORIENTED_EDGE('',*,*,#2286,.T.);
#1057=ORIENTED_EDGE('',*,*,#2287,.T.);
#1058=ORIENTED_EDGE('',*,*,#2288,.F.);
#1059=ORIENTED_EDGE('',*,*,#2289,.F.);
#1060=ORIENTED_EDGE('',*,*,#2290,.F.);
#1061=ORIENTED_EDGE('',*,*,#2291,.T.);
#1062=ORIENTED_EDGE('',*,*,#2292,.T.);
#1063=ORIENTED_EDGE('',*,*,#2293,.T.);
#1064=ORIENTED_EDGE('',*,*,#2294,.T.);
#1065=ORIENTED_EDGE('',*,*,#2295,.F.);
#1066=ORIENTED_EDGE('',*,*,#2296,.F.);
#1067=ORIENTED_EDGE('',*,*,#2297,.F.);
#1068=ORIENTED_EDGE('',*,*,#2298,.F.);
#1069=ORIENTED_EDGE('',*,*,#2299,.T.);
#1070=ORIENTED_EDGE('',*,*,#2300,.T.);
#1071=ORIENTED_EDGE('',*,*,#2301,.F.);
#1072=ORIENTED_EDGE('',*,*,#2302,.T.);
#1073=ORIENTED_EDGE('',*,*,#2303,.T.);
#1074=ORIENTED_EDGE('',*,*,#2304,.F.);
#1075=ORIENTED_EDGE('',*,*,#2305,.F.);
#1076=ORIENTED_EDGE('',*,*,#2306,.T.);
#1077=ORIENTED_EDGE('',*,*,#2307,.T.);
#1078=ORIENTED_EDGE('',*,*,#2308,.T.);
#1079=ORIENTED_EDGE('',*,*,#2309,.T.);
#1080=ORIENTED_EDGE('',*,*,#2310,.T.);
#1081=ORIENTED_EDGE('',*,*,#2311,.T.);
#1082=ORIENTED_EDGE('',*,*,#2312,.T.);
#1083=ORIENTED_EDGE('',*,*,#2313,.F.);
#1084=ORIENTED_EDGE('',*,*,#2314,.F.);
#1085=ORIENTED_EDGE('',*,*,#2315,.F.);
#1086=ORIENTED_EDGE('',*,*,#2316,.T.);
#1087=ORIENTED_EDGE('',*,*,#2317,.T.);
#1088=ORIENTED_EDGE('',*,*,#2318,.F.);
#1089=ORIENTED_EDGE('',*,*,#2319,.T.);
#1090=ORIENTED_EDGE('',*,*,#2320,.F.);
#1091=ORIENTED_EDGE('',*,*,#2321,.F.);
#1092=ORIENTED_EDGE('',*,*,#2322,.T.);
#1093=ORIENTED_EDGE('',*,*,#2323,.T.);
#1094=ORIENTED_EDGE('',*,*,#2324,.F.);
#1095=ORIENTED_EDGE('',*,*,#2325,.T.);
#1096=ORIENTED_EDGE('',*,*,#2326,.T.);
#1097=ORIENTED_EDGE('',*,*,#2327,.F.);
#1098=ORIENTED_EDGE('',*,*,#2328,.F.);
#1099=ORIENTED_EDGE('',*,*,#2329,.F.);
#1100=ORIENTED_EDGE('',*,*,#2330,.T.);
#1101=ORIENTED_EDGE('',*,*,#2331,.T.);
#1102=ORIENTED_EDGE('',*,*,#2332,.F.);
#1103=ORIENTED_EDGE('',*,*,#2333,.T.);
#1104=ORIENTED_EDGE('',*,*,#2334,.F.);
#1105=ORIENTED_EDGE('',*,*,#2335,.F.);
#1106=ORIENTED_EDGE('',*,*,#2336,.T.);
#1107=ORIENTED_EDGE('',*,*,#2337,.T.);
#1108=ORIENTED_EDGE('',*,*,#2338,.F.);
#1109=ORIENTED_EDGE('',*,*,#2339,.T.);
#1110=ORIENTED_EDGE('',*,*,#2340,.T.);
#1111=ORIENTED_EDGE('',*,*,#2341,.F.);
#1112=ORIENTED_EDGE('',*,*,#2342,.F.);
#1113=ORIENTED_EDGE('',*,*,#2343,.T.);
#1114=ORIENTED_EDGE('',*,*,#2256,.F.);
#1115=ORIENTED_EDGE('',*,*,#2344,.T.);
#1116=ORIENTED_EDGE('',*,*,#2345,.F.);
#1117=ORIENTED_EDGE('',*,*,#2346,.F.);
#1118=ORIENTED_EDGE('',*,*,#2347,.F.);
#1119=ORIENTED_EDGE('',*,*,#2348,.T.);
#1120=ORIENTED_EDGE('',*,*,#2284,.F.);
#1121=ORIENTED_EDGE('',*,*,#2349,.F.);
#1122=ORIENTED_EDGE('',*,*,#2350,.F.);
#1123=ORIENTED_EDGE('',*,*,#2351,.T.);
#1124=ORIENTED_EDGE('',*,*,#2271,.F.);
#1125=ORIENTED_EDGE('',*,*,#2352,.F.);
#1126=ORIENTED_EDGE('',*,*,#2353,.F.);
#1127=ORIENTED_EDGE('',*,*,#2354,.T.);
#1128=ORIENTED_EDGE('',*,*,#2278,.F.);
#1129=ORIENTED_EDGE('',*,*,#2355,.T.);
#1130=ORIENTED_EDGE('',*,*,#2356,.F.);
#1131=ORIENTED_EDGE('',*,*,#2357,.F.);
#1132=ORIENTED_EDGE('',*,*,#2358,.F.);
#1133=ORIENTED_EDGE('',*,*,#2359,.T.);
#1134=ORIENTED_EDGE('',*,*,#2309,.F.);
#1135=ORIENTED_EDGE('',*,*,#2360,.T.);
#1136=ORIENTED_EDGE('',*,*,#2361,.F.);
#1137=ORIENTED_EDGE('',*,*,#2362,.T.);
#1138=ORIENTED_EDGE('',*,*,#2363,.F.);
#1139=ORIENTED_EDGE('',*,*,#2364,.F.);
#1140=ORIENTED_EDGE('',*,*,#2365,.F.);
#1141=ORIENTED_EDGE('',*,*,#2366,.T.);
#1142=ORIENTED_EDGE('',*,*,#2367,.F.);
#1143=ORIENTED_EDGE('',*,*,#2368,.F.);
#1144=ORIENTED_EDGE('',*,*,#2369,.F.);
#1145=ORIENTED_EDGE('',*,*,#2370,.T.);
#1146=ORIENTED_EDGE('',*,*,#2371,.F.);
#1147=ORIENTED_EDGE('',*,*,#2372,.F.);
#1148=ORIENTED_EDGE('',*,*,#2373,.F.);
#1149=ORIENTED_EDGE('',*,*,#2374,.T.);
#1150=ORIENTED_EDGE('',*,*,#2375,.F.);
#1151=ORIENTED_EDGE('',*,*,#2376,.F.);
#1152=ORIENTED_EDGE('',*,*,#2377,.F.);
#1153=ORIENTED_EDGE('',*,*,#2378,.T.);
#1154=ORIENTED_EDGE('',*,*,#2379,.F.);
#1155=ORIENTED_EDGE('',*,*,#2380,.F.);
#1156=ORIENTED_EDGE('',*,*,#2381,.F.);
#1157=ORIENTED_EDGE('',*,*,#2382,.F.);
#1158=ORIENTED_EDGE('',*,*,#2231,.F.);
#1159=ORIENTED_EDGE('',*,*,#2383,.T.);
#1160=ORIENTED_EDGE('',*,*,#2384,.F.);
#1161=ORIENTED_EDGE('',*,*,#2385,.F.);
#1162=ORIENTED_EDGE('',*,*,#2386,.F.);
#1163=ORIENTED_EDGE('',*,*,#2387,.T.);
#1164=ORIENTED_EDGE('',*,*,#2262,.F.);
#1165=ORIENTED_EDGE('',*,*,#2388,.F.);
#1166=ORIENTED_EDGE('',*,*,#2389,.F.);
#1167=ORIENTED_EDGE('',*,*,#2390,.T.);
#1168=ORIENTED_EDGE('',*,*,#2293,.F.);
#1169=ORIENTED_EDGE('',*,*,#2391,.F.);
#1170=ORIENTED_EDGE('',*,*,#2392,.F.);
#1171=ORIENTED_EDGE('',*,*,#2393,.T.);
#1172=ORIENTED_EDGE('',*,*,#2302,.F.);
#1173=ORIENTED_EDGE('',*,*,#2394,.T.);
#1174=ORIENTED_EDGE('',*,*,#2395,.F.);
#1175=ORIENTED_EDGE('',*,*,#2396,.F.);
#1176=ORIENTED_EDGE('',*,*,#2397,.F.);
#1177=ORIENTED_EDGE('',*,*,#2398,.T.);
#1178=ORIENTED_EDGE('',*,*,#2399,.F.);
#1179=ORIENTED_EDGE('',*,*,#2400,.F.);
#1180=ORIENTED_EDGE('',*,*,#2401,.F.);
#1181=ORIENTED_EDGE('',*,*,#2360,.F.);
#1182=ORIENTED_EDGE('',*,*,#2308,.F.);
#1183=ORIENTED_EDGE('',*,*,#2402,.F.);
#1184=ORIENTED_EDGE('',*,*,#2403,.T.);
#1185=ORIENTED_EDGE('',*,*,#2404,.T.);
#1186=ORIENTED_EDGE('',*,*,#2232,.T.);
#1187=ORIENTED_EDGE('',*,*,#2382,.T.);
#1188=ORIENTED_EDGE('',*,*,#2405,.T.);
#1189=ORIENTED_EDGE('',*,*,#2406,.T.);
#1190=ORIENTED_EDGE('',*,*,#2407,.T.);
#1191=ORIENTED_EDGE('',*,*,#2408,.F.);
#1192=ORIENTED_EDGE('',*,*,#2409,.T.);
#1193=ORIENTED_EDGE('',*,*,#2410,.F.);
#1194=ORIENTED_EDGE('',*,*,#2246,.T.);
#1195=ORIENTED_EDGE('',*,*,#2411,.F.);
#1196=ORIENTED_EDGE('',*,*,#2412,.T.);
#1197=ORIENTED_EDGE('',*,*,#2413,.T.);
#1198=ORIENTED_EDGE('',*,*,#2240,.T.);
#1199=ORIENTED_EDGE('',*,*,#2414,.F.);
#1200=ORIENTED_EDGE('',*,*,#2415,.T.);
#1201=ORIENTED_EDGE('',*,*,#2416,.T.);
#1202=ORIENTED_EDGE('',*,*,#2228,.F.);
#1203=ORIENTED_EDGE('',*,*,#2417,.T.);
#1204=ORIENTED_EDGE('',*,*,#2418,.F.);
#1205=ORIENTED_EDGE('',*,*,#2265,.F.);
#1206=ORIENTED_EDGE('',*,*,#2419,.T.);
#1207=ORIENTED_EDGE('',*,*,#2420,.F.);
#1208=ORIENTED_EDGE('',*,*,#2421,.F.);
#1209=ORIENTED_EDGE('',*,*,#2422,.T.);
#1210=ORIENTED_EDGE('',*,*,#2423,.T.);
#1211=ORIENTED_EDGE('',*,*,#2253,.F.);
#1212=ORIENTED_EDGE('',*,*,#2424,.F.);
#1213=ORIENTED_EDGE('',*,*,#2425,.F.);
#1214=ORIENTED_EDGE('',*,*,#2426,.T.);
#1215=ORIENTED_EDGE('',*,*,#2287,.F.);
#1216=ORIENTED_EDGE('',*,*,#2427,.T.);
#1217=ORIENTED_EDGE('',*,*,#2428,.F.);
#1218=ORIENTED_EDGE('',*,*,#2429,.F.);
#1219=ORIENTED_EDGE('',*,*,#2430,.T.);
#1220=ORIENTED_EDGE('',*,*,#2431,.T.);
#1221=ORIENTED_EDGE('',*,*,#2275,.F.);
#1222=ORIENTED_EDGE('',*,*,#2432,.F.);
#1223=ORIENTED_EDGE('',*,*,#2433,.F.);
#1224=ORIENTED_EDGE('',*,*,#2434,.T.);
#1225=ORIENTED_EDGE('',*,*,#2267,.F.);
#1226=ORIENTED_EDGE('',*,*,#2435,.F.);
#1227=ORIENTED_EDGE('',*,*,#2436,.F.);
#1228=ORIENTED_EDGE('',*,*,#2437,.T.);
#1229=ORIENTED_EDGE('',*,*,#2250,.T.);
#1230=ORIENTED_EDGE('',*,*,#2438,.T.);
#1231=ORIENTED_EDGE('',*,*,#2439,.F.);
#1232=ORIENTED_EDGE('',*,*,#2440,.T.);
#1233=ORIENTED_EDGE('',*,*,#2441,.F.);
#1234=ORIENTED_EDGE('',*,*,#2315,.T.);
#1235=ORIENTED_EDGE('',*,*,#2442,.F.);
#1236=ORIENTED_EDGE('',*,*,#2443,.T.);
#1237=ORIENTED_EDGE('',*,*,#2444,.T.);
#1238=ORIENTED_EDGE('',*,*,#2327,.T.);
#1239=ORIENTED_EDGE('',*,*,#2445,.T.);
#1240=ORIENTED_EDGE('',*,*,#2446,.F.);
#1241=ORIENTED_EDGE('',*,*,#2447,.T.);
#1242=ORIENTED_EDGE('',*,*,#2448,.T.);
#1243=ORIENTED_EDGE('',*,*,#2449,.T.);
#1244=ORIENTED_EDGE('',*,*,#2329,.T.);
#1245=ORIENTED_EDGE('',*,*,#2450,.F.);
#1246=ORIENTED_EDGE('',*,*,#2451,.T.);
#1247=ORIENTED_EDGE('',*,*,#2452,.T.);
#1248=ORIENTED_EDGE('',*,*,#2341,.T.);
#1249=ORIENTED_EDGE('',*,*,#2453,.T.);
#1250=ORIENTED_EDGE('',*,*,#2454,.F.);
#1251=ORIENTED_EDGE('',*,*,#2455,.T.);
#1252=ORIENTED_EDGE('',*,*,#2456,.T.);
#1253=ORIENTED_EDGE('',*,*,#2457,.T.);
#1254=ORIENTED_EDGE('',*,*,#2213,.T.);
#1255=ORIENTED_EDGE('',*,*,#2458,.F.);
#1256=ORIENTED_EDGE('',*,*,#2459,.T.);
#1257=ORIENTED_EDGE('',*,*,#2460,.T.);
#1258=ORIENTED_EDGE('',*,*,#2225,.T.);
#1259=ORIENTED_EDGE('',*,*,#2461,.T.);
#1260=ORIENTED_EDGE('',*,*,#2462,.F.);
#1261=ORIENTED_EDGE('',*,*,#2463,.T.);
#1262=ORIENTED_EDGE('',*,*,#2464,.T.);
#1263=ORIENTED_EDGE('',*,*,#2465,.T.);
#1264=ORIENTED_EDGE('',*,*,#2312,.F.);
#1265=ORIENTED_EDGE('',*,*,#2466,.T.);
#1266=ORIENTED_EDGE('',*,*,#2467,.F.);
#1267=ORIENTED_EDGE('',*,*,#2468,.F.);
#1268=ORIENTED_EDGE('',*,*,#2469,.F.);
#1269=ORIENTED_EDGE('',*,*,#2470,.F.);
#1270=ORIENTED_EDGE('',*,*,#2297,.T.);
#1271=ORIENTED_EDGE('',*,*,#2471,.F.);
#1272=ORIENTED_EDGE('',*,*,#2472,.T.);
#1273=ORIENTED_EDGE('',*,*,#2473,.T.);
#1274=ORIENTED_EDGE('',*,*,#2289,.T.);
#1275=ORIENTED_EDGE('',*,*,#2474,.F.);
#1276=ORIENTED_EDGE('',*,*,#2475,.T.);
#1277=ORIENTED_EDGE('',*,*,#2476,.T.);
#1278=ORIENTED_EDGE('',*,*,#2313,.T.);
#1279=ORIENTED_EDGE('',*,*,#2469,.T.);
#1280=ORIENTED_EDGE('',*,*,#2477,.T.);
#1281=ORIENTED_EDGE('',*,*,#2478,.T.);
#1282=ORIENTED_EDGE('',*,*,#2479,.T.);
#1283=ORIENTED_EDGE('',*,*,#2298,.T.);
#1284=ORIENTED_EDGE('',*,*,#2470,.T.);
#1285=ORIENTED_EDGE('',*,*,#2480,.T.);
#1286=ORIENTED_EDGE('',*,*,#2481,.F.);
#1287=ORIENTED_EDGE('',*,*,#2482,.F.);
#1288=ORIENTED_EDGE('',*,*,#2483,.T.);
#1289=ORIENTED_EDGE('',*,*,#2484,.T.);
#1290=ORIENTED_EDGE('',*,*,#2485,.T.);
#1291=ORIENTED_EDGE('',*,*,#2486,.F.);
#1292=ORIENTED_EDGE('',*,*,#2487,.F.);
#1293=ORIENTED_EDGE('',*,*,#2482,.T.);
#1294=ORIENTED_EDGE('',*,*,#2488,.T.);
#1295=ORIENTED_EDGE('',*,*,#2489,.F.);
#1296=ORIENTED_EDGE('',*,*,#2490,.F.);
#1297=ORIENTED_EDGE('',*,*,#2486,.T.);
#1298=ORIENTED_EDGE('',*,*,#2491,.F.);
#1299=ORIENTED_EDGE('',*,*,#2484,.F.);
#1300=ORIENTED_EDGE('',*,*,#2492,.T.);
#1301=ORIENTED_EDGE('',*,*,#2489,.T.);
#1302=ORIENTED_EDGE('',*,*,#2251,.F.);
#1303=ORIENTED_EDGE('',*,*,#2441,.T.);
#1304=ORIENTED_EDGE('',*,*,#2493,.F.);
#1305=ORIENTED_EDGE('',*,*,#2417,.F.);
#1306=ORIENTED_EDGE('',*,*,#2227,.F.);
#1307=ORIENTED_EDGE('',*,*,#2494,.F.);
#1308=ORIENTED_EDGE('',*,*,#2495,.F.);
#1309=ORIENTED_EDGE('',*,*,#2496,.T.);
#1310=ORIENTED_EDGE('',*,*,#2236,.F.);
#1311=ORIENTED_EDGE('',*,*,#2497,.F.);
#1312=ORIENTED_EDGE('',*,*,#2498,.F.);
#1313=ORIENTED_EDGE('',*,*,#2499,.T.);
#1314=ORIENTED_EDGE('',*,*,#2500,.T.);
#1315=ORIENTED_EDGE('',*,*,#2463,.F.);
#1316=ORIENTED_EDGE('',*,*,#2501,.F.);
#1317=ORIENTED_EDGE('',*,*,#2502,.T.);
#1318=ORIENTED_EDGE('',*,*,#2503,.T.);
#1319=ORIENTED_EDGE('',*,*,#2455,.F.);
#1320=ORIENTED_EDGE('',*,*,#2504,.F.);
#1321=ORIENTED_EDGE('',*,*,#2505,.T.);
#1322=ORIENTED_EDGE('',*,*,#2506,.T.);
#1323=ORIENTED_EDGE('',*,*,#2447,.F.);
#1324=ORIENTED_EDGE('',*,*,#2507,.F.);
#1325=ORIENTED_EDGE('',*,*,#2508,.T.);
#1326=ORIENTED_EDGE('',*,*,#2509,.T.);
#1327=ORIENTED_EDGE('',*,*,#2480,.F.);
#1328=ORIENTED_EDGE('',*,*,#2477,.F.);
#1329=ORIENTED_EDGE('',*,*,#2468,.T.);
#1330=ORIENTED_EDGE('',*,*,#2510,.F.);
#1331=ORIENTED_EDGE('',*,*,#2511,.T.);
#1332=ORIENTED_EDGE('',*,*,#2512,.T.);
#1333=ORIENTED_EDGE('',*,*,#2429,.T.);
#1334=ORIENTED_EDGE('',*,*,#2513,.F.);
#1335=ORIENTED_EDGE('',*,*,#2514,.T.);
#1336=ORIENTED_EDGE('',*,*,#2515,.T.);
#1337=ORIENTED_EDGE('',*,*,#2421,.T.);
#1338=ORIENTED_EDGE('',*,*,#2516,.F.);
#1339=ORIENTED_EDGE('',*,*,#2517,.T.);
#1340=ORIENTED_EDGE('',*,*,#2518,.T.);
#1341=ORIENTED_EDGE('',*,*,#2418,.T.);
#1342=ORIENTED_EDGE('',*,*,#2493,.T.);
#1343=ORIENTED_EDGE('',*,*,#2440,.F.);
#1344=ORIENTED_EDGE('',*,*,#2519,.F.);
#1345=ORIENTED_EDGE('',*,*,#2520,.T.);
#1346=ORIENTED_EDGE('',*,*,#2521,.F.);
#1347=ORIENTED_EDGE('',*,*,#2481,.T.);
#1348=ORIENTED_EDGE('',*,*,#2491,.T.);
#1349=ORIENTED_EDGE('',*,*,#2488,.F.);
#1350=ORIENTED_EDGE('',*,*,#2485,.F.);
#1351=ORIENTED_EDGE('',*,*,#2522,.F.);
#1352=ORIENTED_EDGE('',*,*,#2523,.F.);
#1353=ORIENTED_EDGE('',*,*,#2524,.F.);
#1354=ORIENTED_EDGE('',*,*,#2525,.F.);
#1355=ORIENTED_EDGE('',*,*,#2526,.F.);
#1356=ORIENTED_EDGE('',*,*,#2527,.F.);
#1357=ORIENTED_EDGE('',*,*,#2407,.F.);
#1358=ORIENTED_EDGE('',*,*,#2528,.T.);
#1359=ORIENTED_EDGE('',*,*,#2529,.T.);
#1360=ORIENTED_EDGE('',*,*,#2530,.F.);
#1361=ORIENTED_EDGE('',*,*,#2531,.F.);
#1362=ORIENTED_EDGE('',*,*,#2379,.T.);
#1363=ORIENTED_EDGE('',*,*,#2532,.T.);
#1364=ORIENTED_EDGE('',*,*,#2533,.F.);
#1365=ORIENTED_EDGE('',*,*,#2534,.F.);
#1366=ORIENTED_EDGE('',*,*,#2375,.T.);
#1367=ORIENTED_EDGE('',*,*,#2535,.T.);
#1368=ORIENTED_EDGE('',*,*,#2536,.F.);
#1369=ORIENTED_EDGE('',*,*,#2537,.F.);
#1370=ORIENTED_EDGE('',*,*,#2371,.T.);
#1371=ORIENTED_EDGE('',*,*,#2538,.T.);
#1372=ORIENTED_EDGE('',*,*,#2539,.F.);
#1373=ORIENTED_EDGE('',*,*,#2540,.F.);
#1374=ORIENTED_EDGE('',*,*,#2367,.T.);
#1375=ORIENTED_EDGE('',*,*,#2541,.T.);
#1376=ORIENTED_EDGE('',*,*,#2542,.F.);
#1377=ORIENTED_EDGE('',*,*,#2543,.F.);
#1378=ORIENTED_EDGE('',*,*,#2363,.T.);
#1379=ORIENTED_EDGE('',*,*,#2544,.T.);
#1380=ORIENTED_EDGE('',*,*,#2545,.F.);
#1381=ORIENTED_EDGE('',*,*,#2546,.T.);
#1382=ORIENTED_EDGE('',*,*,#2399,.T.);
#1383=ORIENTED_EDGE('',*,*,#2547,.F.);
#1384=ORIENTED_EDGE('',*,*,#2548,.F.);
#1385=ORIENTED_EDGE('',*,*,#2549,.T.);
#1386=ORIENTED_EDGE('',*,*,#2395,.T.);
#1387=ORIENTED_EDGE('',*,*,#2550,.F.);
#1388=ORIENTED_EDGE('',*,*,#2551,.T.);
#1389=ORIENTED_EDGE('',*,*,#2552,.T.);
#1390=ORIENTED_EDGE('',*,*,#2553,.T.);
#1391=ORIENTED_EDGE('',*,*,#2554,.T.);
#1392=ORIENTED_EDGE('',*,*,#2555,.T.);
#1393=ORIENTED_EDGE('',*,*,#2483,.F.);
#1394=ORIENTED_EDGE('',*,*,#2487,.T.);
#1395=ORIENTED_EDGE('',*,*,#2490,.T.);
#1396=ORIENTED_EDGE('',*,*,#2492,.F.);
#1397=ORIENTED_EDGE('',*,*,#2556,.F.);
#1398=ORIENTED_EDGE('',*,*,#2557,.T.);
#1399=ORIENTED_EDGE('',*,*,#2558,.T.);
#1400=ORIENTED_EDGE('',*,*,#2559,.T.);
#1401=ORIENTED_EDGE('',*,*,#2560,.F.);
#1402=ORIENTED_EDGE('',*,*,#2561,.F.);
#1403=ORIENTED_EDGE('',*,*,#2562,.F.);
#1404=ORIENTED_EDGE('',*,*,#2563,.F.);
#1405=ORIENTED_EDGE('',*,*,#2564,.T.);
#1406=ORIENTED_EDGE('',*,*,#2565,.T.);
#1407=ORIENTED_EDGE('',*,*,#2318,.T.);
#1408=ORIENTED_EDGE('',*,*,#2566,.T.);
#1409=ORIENTED_EDGE('',*,*,#2567,.F.);
#1410=ORIENTED_EDGE('',*,*,#2568,.T.);
#1411=ORIENTED_EDGE('',*,*,#2569,.F.);
#1412=ORIENTED_EDGE('',*,*,#2570,.T.);
#1413=ORIENTED_EDGE('',*,*,#2338,.T.);
#1414=ORIENTED_EDGE('',*,*,#2571,.F.);
#1415=ORIENTED_EDGE('',*,*,#2572,.T.);
#1416=ORIENTED_EDGE('',*,*,#2573,.T.);
#1417=ORIENTED_EDGE('',*,*,#2332,.T.);
#1418=ORIENTED_EDGE('',*,*,#2574,.T.);
#1419=ORIENTED_EDGE('',*,*,#2575,.F.);
#1420=ORIENTED_EDGE('',*,*,#2576,.T.);
#1421=ORIENTED_EDGE('',*,*,#2577,.F.);
#1422=ORIENTED_EDGE('',*,*,#2578,.T.);
#1423=ORIENTED_EDGE('',*,*,#2222,.T.);
#1424=ORIENTED_EDGE('',*,*,#2579,.F.);
#1425=ORIENTED_EDGE('',*,*,#2580,.T.);
#1426=ORIENTED_EDGE('',*,*,#2581,.T.);
#1427=ORIENTED_EDGE('',*,*,#2216,.T.);
#1428=ORIENTED_EDGE('',*,*,#2582,.T.);
#1429=ORIENTED_EDGE('',*,*,#2583,.F.);
#1430=ORIENTED_EDGE('',*,*,#2584,.T.);
#1431=ORIENTED_EDGE('',*,*,#2585,.F.);
#1432=ORIENTED_EDGE('',*,*,#2586,.T.);
#1433=ORIENTED_EDGE('',*,*,#2247,.T.);
#1434=ORIENTED_EDGE('',*,*,#2410,.T.);
#1435=ORIENTED_EDGE('',*,*,#2587,.T.);
#1436=ORIENTED_EDGE('',*,*,#2588,.T.);
#1437=ORIENTED_EDGE('',*,*,#2550,.T.);
#1438=ORIENTED_EDGE('',*,*,#2394,.F.);
#1439=ORIENTED_EDGE('',*,*,#2301,.T.);
#1440=ORIENTED_EDGE('',*,*,#2589,.T.);
#1441=ORIENTED_EDGE('',*,*,#2590,.F.);
#1442=ORIENTED_EDGE('',*,*,#2591,.T.);
#1443=ORIENTED_EDGE('',*,*,#2592,.F.);
#1444=ORIENTED_EDGE('',*,*,#2593,.T.);
#1445=ORIENTED_EDGE('',*,*,#2324,.T.);
#1446=ORIENTED_EDGE('',*,*,#2594,.F.);
#1447=ORIENTED_EDGE('',*,*,#2576,.F.);
#1448=ORIENTED_EDGE('',*,*,#2595,.F.);
#1449=ORIENTED_EDGE('',*,*,#2575,.T.);
#1450=ORIENTED_EDGE('',*,*,#2596,.T.);
#1451=ORIENTED_EDGE('',*,*,#2597,.F.);
#1452=ORIENTED_EDGE('',*,*,#2502,.F.);
#1453=ORIENTED_EDGE('',*,*,#2598,.T.);
#1454=ORIENTED_EDGE('',*,*,#2599,.T.);
#1455=ORIENTED_EDGE('',*,*,#2577,.T.);
#1456=ORIENTED_EDGE('',*,*,#2595,.T.);
#1457=ORIENTED_EDGE('',*,*,#2597,.T.);
#1458=ORIENTED_EDGE('',*,*,#2600,.T.);
#1459=ORIENTED_EDGE('',*,*,#2456,.F.);
#1460=ORIENTED_EDGE('',*,*,#2503,.F.);
#1461=ORIENTED_EDGE('',*,*,#2521,.T.);
#1462=ORIENTED_EDGE('',*,*,#2601,.F.);
#1463=ORIENTED_EDGE('',*,*,#2462,.T.);
#1464=ORIENTED_EDGE('',*,*,#2602,.T.);
#1465=ORIENTED_EDGE('',*,*,#2598,.F.);
#1466=ORIENTED_EDGE('',*,*,#2501,.T.);
#1467=ORIENTED_EDGE('',*,*,#2568,.F.);
#1468=ORIENTED_EDGE('',*,*,#2603,.F.);
#1469=ORIENTED_EDGE('',*,*,#2454,.T.);
#1470=ORIENTED_EDGE('',*,*,#2604,.T.);
#1471=ORIENTED_EDGE('',*,*,#2605,.F.);
#1472=ORIENTED_EDGE('',*,*,#2504,.T.);
#1473=ORIENTED_EDGE('',*,*,#2567,.T.);
#1474=ORIENTED_EDGE('',*,*,#2606,.T.);
#1475=ORIENTED_EDGE('',*,*,#2607,.F.);
#1476=ORIENTED_EDGE('',*,*,#2505,.F.);
#1477=ORIENTED_EDGE('',*,*,#2605,.T.);
#1478=ORIENTED_EDGE('',*,*,#2608,.T.);
#1479=ORIENTED_EDGE('',*,*,#2569,.T.);
#1480=ORIENTED_EDGE('',*,*,#2603,.T.);
#1481=ORIENTED_EDGE('',*,*,#2607,.T.);
#1482=ORIENTED_EDGE('',*,*,#2609,.T.);
#1483=ORIENTED_EDGE('',*,*,#2448,.F.);
#1484=ORIENTED_EDGE('',*,*,#2506,.F.);
#1485=ORIENTED_EDGE('',*,*,#2522,.T.);
#1486=ORIENTED_EDGE('',*,*,#2610,.F.);
#1487=ORIENTED_EDGE('',*,*,#2591,.F.);
#1488=ORIENTED_EDGE('',*,*,#2611,.F.);
#1489=ORIENTED_EDGE('',*,*,#2446,.T.);
#1490=ORIENTED_EDGE('',*,*,#2612,.T.);
#1491=ORIENTED_EDGE('',*,*,#2613,.F.);
#1492=ORIENTED_EDGE('',*,*,#2507,.T.);
#1493=ORIENTED_EDGE('',*,*,#2590,.T.);
#1494=ORIENTED_EDGE('',*,*,#2614,.T.);
#1495=ORIENTED_EDGE('',*,*,#2615,.F.);
#1496=ORIENTED_EDGE('',*,*,#2508,.F.);
#1497=ORIENTED_EDGE('',*,*,#2613,.T.);
#1498=ORIENTED_EDGE('',*,*,#2616,.T.);
#1499=ORIENTED_EDGE('',*,*,#2592,.T.);
#1500=ORIENTED_EDGE('',*,*,#2611,.T.);
#1501=ORIENTED_EDGE('',*,*,#2615,.T.);
#1502=ORIENTED_EDGE('',*,*,#2617,.T.);
#1503=ORIENTED_EDGE('',*,*,#2478,.F.);
#1504=ORIENTED_EDGE('',*,*,#2509,.F.);
#1505=ORIENTED_EDGE('',*,*,#2523,.T.);
#1506=ORIENTED_EDGE('',*,*,#2618,.F.);
#1507=ORIENTED_EDGE('',*,*,#2619,.F.);
#1508=ORIENTED_EDGE('',*,*,#2357,.T.);
#1509=ORIENTED_EDGE('',*,*,#2467,.T.);
#1510=ORIENTED_EDGE('',*,*,#2620,.T.);
#1511=ORIENTED_EDGE('',*,*,#2621,.F.);
#1512=ORIENTED_EDGE('',*,*,#2510,.T.);
#1513=ORIENTED_EDGE('',*,*,#2356,.T.);
#1514=ORIENTED_EDGE('',*,*,#2622,.T.);
#1515=ORIENTED_EDGE('',*,*,#2623,.F.);
#1516=ORIENTED_EDGE('',*,*,#2511,.F.);
#1517=ORIENTED_EDGE('',*,*,#2621,.T.);
#1518=ORIENTED_EDGE('',*,*,#2624,.T.);
#1519=ORIENTED_EDGE('',*,*,#2358,.T.);
#1520=ORIENTED_EDGE('',*,*,#2619,.T.);
#1521=ORIENTED_EDGE('',*,*,#2623,.T.);
#1522=ORIENTED_EDGE('',*,*,#2625,.T.);
#1523=ORIENTED_EDGE('',*,*,#2430,.F.);
#1524=ORIENTED_EDGE('',*,*,#2512,.F.);
#1525=ORIENTED_EDGE('',*,*,#2524,.T.);
#1526=ORIENTED_EDGE('',*,*,#2626,.F.);
#1527=ORIENTED_EDGE('',*,*,#2627,.F.);
#1528=ORIENTED_EDGE('',*,*,#2346,.T.);
#1529=ORIENTED_EDGE('',*,*,#2428,.T.);
#1530=ORIENTED_EDGE('',*,*,#2628,.T.);
#1531=ORIENTED_EDGE('',*,*,#2629,.F.);
#1532=ORIENTED_EDGE('',*,*,#2513,.T.);
#1533=ORIENTED_EDGE('',*,*,#2345,.T.);
#1534=ORIENTED_EDGE('',*,*,#2630,.T.);
#1535=ORIENTED_EDGE('',*,*,#2631,.F.);
#1536=ORIENTED_EDGE('',*,*,#2514,.F.);
#1537=ORIENTED_EDGE('',*,*,#2629,.T.);
#1538=ORIENTED_EDGE('',*,*,#2632,.T.);
#1539=ORIENTED_EDGE('',*,*,#2347,.T.);
#1540=ORIENTED_EDGE('',*,*,#2627,.T.);
#1541=ORIENTED_EDGE('',*,*,#2631,.T.);
#1542=ORIENTED_EDGE('',*,*,#2633,.T.);
#1543=ORIENTED_EDGE('',*,*,#2422,.F.);
#1544=ORIENTED_EDGE('',*,*,#2515,.F.);
#1545=ORIENTED_EDGE('',*,*,#2525,.T.);
#1546=ORIENTED_EDGE('',*,*,#2634,.F.);
#1547=ORIENTED_EDGE('',*,*,#2635,.F.);
#1548=ORIENTED_EDGE('',*,*,#2385,.T.);
#1549=ORIENTED_EDGE('',*,*,#2420,.T.);
#1550=ORIENTED_EDGE('',*,*,#2636,.T.);
#1551=ORIENTED_EDGE('',*,*,#2637,.F.);
#1552=ORIENTED_EDGE('',*,*,#2516,.T.);
#1553=ORIENTED_EDGE('',*,*,#2384,.T.);
#1554=ORIENTED_EDGE('',*,*,#2638,.T.);
#1555=ORIENTED_EDGE('',*,*,#2639,.F.);
#1556=ORIENTED_EDGE('',*,*,#2517,.F.);
#1557=ORIENTED_EDGE('',*,*,#2637,.T.);
#1558=ORIENTED_EDGE('',*,*,#2640,.T.);
#1559=ORIENTED_EDGE('',*,*,#2386,.T.);
#1560=ORIENTED_EDGE('',*,*,#2635,.T.);
#1561=ORIENTED_EDGE('',*,*,#2639,.T.);
#1562=ORIENTED_EDGE('',*,*,#2641,.T.);
#1563=ORIENTED_EDGE('',*,*,#2415,.F.);
#1564=ORIENTED_EDGE('',*,*,#2518,.F.);
#1565=ORIENTED_EDGE('',*,*,#2526,.T.);
#1566=ORIENTED_EDGE('',*,*,#2642,.F.);
#1567=ORIENTED_EDGE('',*,*,#2584,.F.);
#1568=ORIENTED_EDGE('',*,*,#2643,.F.);
#1569=ORIENTED_EDGE('',*,*,#2439,.T.);
#1570=ORIENTED_EDGE('',*,*,#2644,.T.);
#1571=ORIENTED_EDGE('',*,*,#2645,.F.);
#1572=ORIENTED_EDGE('',*,*,#2519,.T.);
#1573=ORIENTED_EDGE('',*,*,#2583,.T.);
#1574=ORIENTED_EDGE('',*,*,#2646,.T.);
#1575=ORIENTED_EDGE('',*,*,#2647,.F.);
#1576=ORIENTED_EDGE('',*,*,#2520,.F.);
#1577=ORIENTED_EDGE('',*,*,#2645,.T.);
#1578=ORIENTED_EDGE('',*,*,#2648,.T.);
#1579=ORIENTED_EDGE('',*,*,#2585,.T.);
#1580=ORIENTED_EDGE('',*,*,#2643,.T.);
#1581=ORIENTED_EDGE('',*,*,#2647,.T.);
#1582=ORIENTED_EDGE('',*,*,#2649,.T.);
#1583=ORIENTED_EDGE('',*,*,#2464,.F.);
#1584=ORIENTED_EDGE('',*,*,#2500,.F.);
#1585=ORIENTED_EDGE('',*,*,#2527,.T.);
#1586=ORIENTED_EDGE('',*,*,#2650,.F.);
#1587=ORIENTED_EDGE('',*,*,#2601,.T.);
#1588=ORIENTED_EDGE('',*,*,#2610,.T.);
#1589=ORIENTED_EDGE('',*,*,#2618,.T.);
#1590=ORIENTED_EDGE('',*,*,#2626,.T.);
#1591=ORIENTED_EDGE('',*,*,#2634,.T.);
#1592=ORIENTED_EDGE('',*,*,#2642,.T.);
#1593=ORIENTED_EDGE('',*,*,#2650,.T.);
#1594=ORIENTED_EDGE('',*,*,#2383,.F.);
#1595=ORIENTED_EDGE('',*,*,#2230,.F.);
#1596=ORIENTED_EDGE('',*,*,#2651,.F.);
#1597=ORIENTED_EDGE('',*,*,#2638,.F.);
#1598=ORIENTED_EDGE('',*,*,#2651,.T.);
#1599=ORIENTED_EDGE('',*,*,#2229,.F.);
#1600=ORIENTED_EDGE('',*,*,#2416,.F.);
#1601=ORIENTED_EDGE('',*,*,#2641,.F.);
#1602=ORIENTED_EDGE('',*,*,#2387,.F.);
#1603=ORIENTED_EDGE('',*,*,#2640,.F.);
#1604=ORIENTED_EDGE('',*,*,#2652,.F.);
#1605=ORIENTED_EDGE('',*,*,#2263,.F.);
#1606=ORIENTED_EDGE('',*,*,#2652,.T.);
#1607=ORIENTED_EDGE('',*,*,#2636,.F.);
#1608=ORIENTED_EDGE('',*,*,#2419,.F.);
#1609=ORIENTED_EDGE('',*,*,#2264,.F.);
#1610=ORIENTED_EDGE('',*,*,#2344,.F.);
#1611=ORIENTED_EDGE('',*,*,#2255,.F.);
#1612=ORIENTED_EDGE('',*,*,#2653,.F.);
#1613=ORIENTED_EDGE('',*,*,#2630,.F.);
#1614=ORIENTED_EDGE('',*,*,#2653,.T.);
#1615=ORIENTED_EDGE('',*,*,#2254,.F.);
#1616=ORIENTED_EDGE('',*,*,#2423,.F.);
#1617=ORIENTED_EDGE('',*,*,#2633,.F.);
#1618=ORIENTED_EDGE('',*,*,#2348,.F.);
#1619=ORIENTED_EDGE('',*,*,#2632,.F.);
#1620=ORIENTED_EDGE('',*,*,#2654,.F.);
#1621=ORIENTED_EDGE('',*,*,#2285,.F.);
#1622=ORIENTED_EDGE('',*,*,#2654,.T.);
#1623=ORIENTED_EDGE('',*,*,#2628,.F.);
#1624=ORIENTED_EDGE('',*,*,#2427,.F.);
#1625=ORIENTED_EDGE('',*,*,#2286,.F.);
#1626=ORIENTED_EDGE('',*,*,#2355,.F.);
#1627=ORIENTED_EDGE('',*,*,#2277,.F.);
#1628=ORIENTED_EDGE('',*,*,#2655,.F.);
#1629=ORIENTED_EDGE('',*,*,#2622,.F.);
#1630=ORIENTED_EDGE('',*,*,#2655,.T.);
#1631=ORIENTED_EDGE('',*,*,#2276,.F.);
#1632=ORIENTED_EDGE('',*,*,#2431,.F.);
#1633=ORIENTED_EDGE('',*,*,#2625,.F.);
#1634=ORIENTED_EDGE('',*,*,#2359,.F.);
#1635=ORIENTED_EDGE('',*,*,#2624,.F.);
#1636=ORIENTED_EDGE('',*,*,#2656,.F.);
#1637=ORIENTED_EDGE('',*,*,#2310,.F.);
#1638=ORIENTED_EDGE('',*,*,#2656,.T.);
#1639=ORIENTED_EDGE('',*,*,#2620,.F.);
#1640=ORIENTED_EDGE('',*,*,#2466,.F.);
#1641=ORIENTED_EDGE('',*,*,#2311,.F.);
#1642=ORIENTED_EDGE('',*,*,#2589,.F.);
#1643=ORIENTED_EDGE('',*,*,#2300,.F.);
#1644=ORIENTED_EDGE('',*,*,#2657,.F.);
#1645=ORIENTED_EDGE('',*,*,#2614,.F.);
#1646=ORIENTED_EDGE('',*,*,#2657,.T.);
#1647=ORIENTED_EDGE('',*,*,#2299,.F.);
#1648=ORIENTED_EDGE('',*,*,#2479,.F.);
#1649=ORIENTED_EDGE('',*,*,#2617,.F.);
#1650=ORIENTED_EDGE('',*,*,#2593,.F.);
#1651=ORIENTED_EDGE('',*,*,#2616,.F.);
#1652=ORIENTED_EDGE('',*,*,#2658,.F.);
#1653=ORIENTED_EDGE('',*,*,#2325,.F.);
#1654=ORIENTED_EDGE('',*,*,#2658,.T.);
#1655=ORIENTED_EDGE('',*,*,#2612,.F.);
#1656=ORIENTED_EDGE('',*,*,#2445,.F.);
#1657=ORIENTED_EDGE('',*,*,#2326,.F.);
#1658=ORIENTED_EDGE('',*,*,#2566,.F.);
#1659=ORIENTED_EDGE('',*,*,#2317,.F.);
#1660=ORIENTED_EDGE('',*,*,#2659,.F.);
#1661=ORIENTED_EDGE('',*,*,#2606,.F.);
#1662=ORIENTED_EDGE('',*,*,#2659,.T.);
#1663=ORIENTED_EDGE('',*,*,#2316,.F.);
#1664=ORIENTED_EDGE('',*,*,#2449,.F.);
#1665=ORIENTED_EDGE('',*,*,#2609,.F.);
#1666=ORIENTED_EDGE('',*,*,#2570,.F.);
#1667=ORIENTED_EDGE('',*,*,#2608,.F.);
#1668=ORIENTED_EDGE('',*,*,#2660,.F.);
#1669=ORIENTED_EDGE('',*,*,#2339,.F.);
#1670=ORIENTED_EDGE('',*,*,#2660,.T.);
#1671=ORIENTED_EDGE('',*,*,#2604,.F.);
#1672=ORIENTED_EDGE('',*,*,#2453,.F.);
#1673=ORIENTED_EDGE('',*,*,#2340,.F.);
#1674=ORIENTED_EDGE('',*,*,#2574,.F.);
#1675=ORIENTED_EDGE('',*,*,#2331,.F.);
#1676=ORIENTED_EDGE('',*,*,#2661,.F.);
#1677=ORIENTED_EDGE('',*,*,#2596,.F.);
#1678=ORIENTED_EDGE('',*,*,#2661,.T.);
#1679=ORIENTED_EDGE('',*,*,#2330,.F.);
#1680=ORIENTED_EDGE('',*,*,#2457,.F.);
#1681=ORIENTED_EDGE('',*,*,#2600,.F.);
#1682=ORIENTED_EDGE('',*,*,#2578,.F.);
#1683=ORIENTED_EDGE('',*,*,#2599,.F.);
#1684=ORIENTED_EDGE('',*,*,#2662,.F.);
#1685=ORIENTED_EDGE('',*,*,#2223,.F.);
#1686=ORIENTED_EDGE('',*,*,#2662,.T.);
#1687=ORIENTED_EDGE('',*,*,#2602,.F.);
#1688=ORIENTED_EDGE('',*,*,#2461,.F.);
#1689=ORIENTED_EDGE('',*,*,#2224,.F.);
#1690=ORIENTED_EDGE('',*,*,#2582,.F.);
#1691=ORIENTED_EDGE('',*,*,#2215,.F.);
#1692=ORIENTED_EDGE('',*,*,#2663,.F.);
#1693=ORIENTED_EDGE('',*,*,#2646,.F.);
#1694=ORIENTED_EDGE('',*,*,#2663,.T.);
#1695=ORIENTED_EDGE('',*,*,#2214,.F.);
#1696=ORIENTED_EDGE('',*,*,#2465,.F.);
#1697=ORIENTED_EDGE('',*,*,#2649,.F.);
#1698=ORIENTED_EDGE('',*,*,#2438,.F.);
#1699=ORIENTED_EDGE('',*,*,#2249,.F.);
#1700=ORIENTED_EDGE('',*,*,#2664,.F.);
#1701=ORIENTED_EDGE('',*,*,#2644,.F.);
#1702=ORIENTED_EDGE('',*,*,#2664,.T.);
#1703=ORIENTED_EDGE('',*,*,#2248,.F.);
#1704=ORIENTED_EDGE('',*,*,#2586,.F.);
#1705=ORIENTED_EDGE('',*,*,#2648,.F.);
#1706=ORIENTED_EDGE('',*,*,#2531,.T.);
#1707=ORIENTED_EDGE('',*,*,#2665,.F.);
#1708=ORIENTED_EDGE('',*,*,#2666,.F.);
#1709=ORIENTED_EDGE('',*,*,#2380,.T.);
#1710=ORIENTED_EDGE('',*,*,#2528,.F.);
#1711=ORIENTED_EDGE('',*,*,#2406,.F.);
#1712=ORIENTED_EDGE('',*,*,#2667,.T.);
#1713=ORIENTED_EDGE('',*,*,#2668,.T.);
#1714=ORIENTED_EDGE('',*,*,#2529,.F.);
#1715=ORIENTED_EDGE('',*,*,#2668,.F.);
#1716=ORIENTED_EDGE('',*,*,#2669,.T.);
#1717=ORIENTED_EDGE('',*,*,#2670,.T.);
#1718=ORIENTED_EDGE('',*,*,#2530,.T.);
#1719=ORIENTED_EDGE('',*,*,#2670,.F.);
#1720=ORIENTED_EDGE('',*,*,#2671,.F.);
#1721=ORIENTED_EDGE('',*,*,#2408,.T.);
#1722=ORIENTED_EDGE('',*,*,#2551,.F.);
#1723=ORIENTED_EDGE('',*,*,#2588,.F.);
#1724=ORIENTED_EDGE('',*,*,#2672,.T.);
#1725=ORIENTED_EDGE('',*,*,#2673,.T.);
#1726=ORIENTED_EDGE('',*,*,#2552,.F.);
#1727=ORIENTED_EDGE('',*,*,#2673,.F.);
#1728=ORIENTED_EDGE('',*,*,#2674,.T.);
#1729=ORIENTED_EDGE('',*,*,#2675,.T.);
#1730=ORIENTED_EDGE('',*,*,#2553,.F.);
#1731=ORIENTED_EDGE('',*,*,#2675,.F.);
#1732=ORIENTED_EDGE('',*,*,#2676,.T.);
#1733=ORIENTED_EDGE('',*,*,#2677,.T.);
#1734=ORIENTED_EDGE('',*,*,#2554,.F.);
#1735=ORIENTED_EDGE('',*,*,#2677,.F.);
#1736=ORIENTED_EDGE('',*,*,#2678,.T.);
#1737=ORIENTED_EDGE('',*,*,#2679,.T.);
#1738=ORIENTED_EDGE('',*,*,#2555,.F.);
#1739=ORIENTED_EDGE('',*,*,#2679,.F.);
#1740=ORIENTED_EDGE('',*,*,#2680,.T.);
#1741=ORIENTED_EDGE('',*,*,#2681,.T.);
#1742=ORIENTED_EDGE('',*,*,#2549,.F.);
#1743=ORIENTED_EDGE('',*,*,#2681,.F.);
#1744=ORIENTED_EDGE('',*,*,#2682,.T.);
#1745=ORIENTED_EDGE('',*,*,#2396,.T.);
#1746=ORIENTED_EDGE('',*,*,#2547,.T.);
#1747=ORIENTED_EDGE('',*,*,#2398,.F.);
#1748=ORIENTED_EDGE('',*,*,#2683,.F.);
#1749=ORIENTED_EDGE('',*,*,#2684,.T.);
#1750=ORIENTED_EDGE('',*,*,#2548,.T.);
#1751=ORIENTED_EDGE('',*,*,#2684,.F.);
#1752=ORIENTED_EDGE('',*,*,#2685,.F.);
#1753=ORIENTED_EDGE('',*,*,#2686,.T.);
#1754=ORIENTED_EDGE('',*,*,#2546,.F.);
#1755=ORIENTED_EDGE('',*,*,#2686,.F.);
#1756=ORIENTED_EDGE('',*,*,#2687,.T.);
#1757=ORIENTED_EDGE('',*,*,#2400,.T.);
#1758=ORIENTED_EDGE('',*,*,#2544,.F.);
#1759=ORIENTED_EDGE('',*,*,#2362,.F.);
#1760=ORIENTED_EDGE('',*,*,#2688,.T.);
#1761=ORIENTED_EDGE('',*,*,#2689,.T.);
#1762=ORIENTED_EDGE('',*,*,#2545,.T.);
#1763=ORIENTED_EDGE('',*,*,#2689,.F.);
#1764=ORIENTED_EDGE('',*,*,#2690,.F.);
#1765=ORIENTED_EDGE('',*,*,#2691,.T.);
#1766=ORIENTED_EDGE('',*,*,#2543,.T.);
#1767=ORIENTED_EDGE('',*,*,#2691,.F.);
#1768=ORIENTED_EDGE('',*,*,#2692,.F.);
#1769=ORIENTED_EDGE('',*,*,#2364,.T.);
#1770=ORIENTED_EDGE('',*,*,#2541,.F.);
#1771=ORIENTED_EDGE('',*,*,#2366,.F.);
#1772=ORIENTED_EDGE('',*,*,#2693,.T.);
#1773=ORIENTED_EDGE('',*,*,#2694,.T.);
#1774=ORIENTED_EDGE('',*,*,#2542,.T.);
#1775=ORIENTED_EDGE('',*,*,#2694,.F.);
#1776=ORIENTED_EDGE('',*,*,#2695,.F.);
#1777=ORIENTED_EDGE('',*,*,#2696,.T.);
#1778=ORIENTED_EDGE('',*,*,#2540,.T.);
#1779=ORIENTED_EDGE('',*,*,#2696,.F.);
#1780=ORIENTED_EDGE('',*,*,#2697,.F.);
#1781=ORIENTED_EDGE('',*,*,#2368,.T.);
#1782=ORIENTED_EDGE('',*,*,#2538,.F.);
#1783=ORIENTED_EDGE('',*,*,#2370,.F.);
#1784=ORIENTED_EDGE('',*,*,#2698,.T.);
#1785=ORIENTED_EDGE('',*,*,#2699,.T.);
#1786=ORIENTED_EDGE('',*,*,#2539,.T.);
#1787=ORIENTED_EDGE('',*,*,#2699,.F.);
#1788=ORIENTED_EDGE('',*,*,#2700,.F.);
#1789=ORIENTED_EDGE('',*,*,#2701,.T.);
#1790=ORIENTED_EDGE('',*,*,#2537,.T.);
#1791=ORIENTED_EDGE('',*,*,#2701,.F.);
#1792=ORIENTED_EDGE('',*,*,#2702,.F.);
#1793=ORIENTED_EDGE('',*,*,#2372,.T.);
#1794=ORIENTED_EDGE('',*,*,#2535,.F.);
#1795=ORIENTED_EDGE('',*,*,#2374,.F.);
#1796=ORIENTED_EDGE('',*,*,#2703,.T.);
#1797=ORIENTED_EDGE('',*,*,#2704,.T.);
#1798=ORIENTED_EDGE('',*,*,#2536,.T.);
#1799=ORIENTED_EDGE('',*,*,#2704,.F.);
#1800=ORIENTED_EDGE('',*,*,#2705,.F.);
#1801=ORIENTED_EDGE('',*,*,#2706,.T.);
#1802=ORIENTED_EDGE('',*,*,#2534,.T.);
#1803=ORIENTED_EDGE('',*,*,#2706,.F.);
#1804=ORIENTED_EDGE('',*,*,#2707,.F.);
#1805=ORIENTED_EDGE('',*,*,#2376,.T.);
#1806=ORIENTED_EDGE('',*,*,#2532,.F.);
#1807=ORIENTED_EDGE('',*,*,#2378,.F.);
#1808=ORIENTED_EDGE('',*,*,#2708,.T.);
#1809=ORIENTED_EDGE('',*,*,#2709,.T.);
#1810=ORIENTED_EDGE('',*,*,#2556,.T.);
#1811=ORIENTED_EDGE('',*,*,#2710,.F.);
#1812=ORIENTED_EDGE('',*,*,#2711,.F.);
#1813=ORIENTED_EDGE('',*,*,#2712,.T.);
#1814=ORIENTED_EDGE('',*,*,#2557,.F.);
#1815=ORIENTED_EDGE('',*,*,#2712,.F.);
#1816=ORIENTED_EDGE('',*,*,#2713,.T.);
#1817=ORIENTED_EDGE('',*,*,#2714,.T.);
#1818=ORIENTED_EDGE('',*,*,#2558,.F.);
#1819=ORIENTED_EDGE('',*,*,#2714,.F.);
#1820=ORIENTED_EDGE('',*,*,#2715,.T.);
#1821=ORIENTED_EDGE('',*,*,#2716,.T.);
#1822=ORIENTED_EDGE('',*,*,#2559,.F.);
#1823=ORIENTED_EDGE('',*,*,#2716,.F.);
#1824=ORIENTED_EDGE('',*,*,#2717,.T.);
#1825=ORIENTED_EDGE('',*,*,#2718,.T.);
#1826=ORIENTED_EDGE('',*,*,#2560,.T.);
#1827=ORIENTED_EDGE('',*,*,#2718,.F.);
#1828=ORIENTED_EDGE('',*,*,#2719,.F.);
#1829=ORIENTED_EDGE('',*,*,#2720,.T.);
#1830=ORIENTED_EDGE('',*,*,#2561,.T.);
#1831=ORIENTED_EDGE('',*,*,#2720,.F.);
#1832=ORIENTED_EDGE('',*,*,#2721,.F.);
#1833=ORIENTED_EDGE('',*,*,#2722,.T.);
#1834=ORIENTED_EDGE('',*,*,#2562,.T.);
#1835=ORIENTED_EDGE('',*,*,#2722,.F.);
#1836=ORIENTED_EDGE('',*,*,#2723,.F.);
#1837=ORIENTED_EDGE('',*,*,#2724,.T.);
#1838=ORIENTED_EDGE('',*,*,#2563,.T.);
#1839=ORIENTED_EDGE('',*,*,#2724,.F.);
#1840=ORIENTED_EDGE('',*,*,#2725,.F.);
#1841=ORIENTED_EDGE('',*,*,#2710,.T.);
#1842=ORIENTED_EDGE('',*,*,#2533,.T.);
#1843=ORIENTED_EDGE('',*,*,#2709,.F.);
#1844=ORIENTED_EDGE('',*,*,#2726,.F.);
#1845=ORIENTED_EDGE('',*,*,#2665,.T.);
#1846=ORIENTED_EDGE('',*,*,#2711,.T.);
#1847=ORIENTED_EDGE('',*,*,#2725,.T.);
#1848=ORIENTED_EDGE('',*,*,#2723,.T.);
#1849=ORIENTED_EDGE('',*,*,#2721,.T.);
#1850=ORIENTED_EDGE('',*,*,#2719,.T.);
#1851=ORIENTED_EDGE('',*,*,#2717,.F.);
#1852=ORIENTED_EDGE('',*,*,#2715,.F.);
#1853=ORIENTED_EDGE('',*,*,#2713,.F.);
#1854=ORIENTED_EDGE('',*,*,#2666,.T.);
#1855=ORIENTED_EDGE('',*,*,#2726,.T.);
#1856=ORIENTED_EDGE('',*,*,#2708,.F.);
#1857=ORIENTED_EDGE('',*,*,#2377,.T.);
#1858=ORIENTED_EDGE('',*,*,#2707,.T.);
#1859=ORIENTED_EDGE('',*,*,#2705,.T.);
#1860=ORIENTED_EDGE('',*,*,#2703,.F.);
#1861=ORIENTED_EDGE('',*,*,#2373,.T.);
#1862=ORIENTED_EDGE('',*,*,#2702,.T.);
#1863=ORIENTED_EDGE('',*,*,#2700,.T.);
#1864=ORIENTED_EDGE('',*,*,#2698,.F.);
#1865=ORIENTED_EDGE('',*,*,#2369,.T.);
#1866=ORIENTED_EDGE('',*,*,#2697,.T.);
#1867=ORIENTED_EDGE('',*,*,#2695,.T.);
#1868=ORIENTED_EDGE('',*,*,#2693,.F.);
#1869=ORIENTED_EDGE('',*,*,#2365,.T.);
#1870=ORIENTED_EDGE('',*,*,#2692,.T.);
#1871=ORIENTED_EDGE('',*,*,#2690,.T.);
#1872=ORIENTED_EDGE('',*,*,#2688,.F.);
#1873=ORIENTED_EDGE('',*,*,#2361,.T.);
#1874=ORIENTED_EDGE('',*,*,#2401,.T.);
#1875=ORIENTED_EDGE('',*,*,#2687,.F.);
#1876=ORIENTED_EDGE('',*,*,#2685,.T.);
#1877=ORIENTED_EDGE('',*,*,#2683,.T.);
#1878=ORIENTED_EDGE('',*,*,#2397,.T.);
#1879=ORIENTED_EDGE('',*,*,#2682,.F.);
#1880=ORIENTED_EDGE('',*,*,#2680,.F.);
#1881=ORIENTED_EDGE('',*,*,#2678,.F.);
#1882=ORIENTED_EDGE('',*,*,#2676,.F.);
#1883=ORIENTED_EDGE('',*,*,#2674,.F.);
#1884=ORIENTED_EDGE('',*,*,#2672,.F.);
#1885=ORIENTED_EDGE('',*,*,#2587,.F.);
#1886=ORIENTED_EDGE('',*,*,#2409,.F.);
#1887=ORIENTED_EDGE('',*,*,#2671,.T.);
#1888=ORIENTED_EDGE('',*,*,#2669,.F.);
#1889=ORIENTED_EDGE('',*,*,#2667,.F.);
#1890=ORIENTED_EDGE('',*,*,#2405,.F.);
#1891=ORIENTED_EDGE('',*,*,#2381,.T.);
#1892=ORIENTED_EDGE('',*,*,#2220,.F.);
#1893=ORIENTED_EDGE('',*,*,#2727,.F.);
#1894=ORIENTED_EDGE('',*,*,#2728,.T.);
#1895=ORIENTED_EDGE('',*,*,#2729,.T.);
#1896=ORIENTED_EDGE('',*,*,#2219,.T.);
#1897=ORIENTED_EDGE('',*,*,#2460,.F.);
#1898=ORIENTED_EDGE('',*,*,#2730,.F.);
#1899=ORIENTED_EDGE('',*,*,#2727,.T.);
#1900=ORIENTED_EDGE('',*,*,#2212,.T.);
#1901=ORIENTED_EDGE('',*,*,#2731,.F.);
#1902=ORIENTED_EDGE('',*,*,#2732,.F.);
#1903=ORIENTED_EDGE('',*,*,#2458,.T.);
#1904=ORIENTED_EDGE('',*,*,#2218,.T.);
#1905=ORIENTED_EDGE('',*,*,#2733,.F.);
#1906=ORIENTED_EDGE('',*,*,#2734,.F.);
#1907=ORIENTED_EDGE('',*,*,#2731,.T.);
#1908=ORIENTED_EDGE('',*,*,#2217,.F.);
#1909=ORIENTED_EDGE('',*,*,#2581,.F.);
#1910=ORIENTED_EDGE('',*,*,#2735,.T.);
#1911=ORIENTED_EDGE('',*,*,#2733,.T.);
#1912=ORIENTED_EDGE('',*,*,#2221,.F.);
#1913=ORIENTED_EDGE('',*,*,#2729,.F.);
#1914=ORIENTED_EDGE('',*,*,#2736,.T.);
#1915=ORIENTED_EDGE('',*,*,#2579,.T.);
#1916=ORIENTED_EDGE('',*,*,#2728,.F.);
#1917=ORIENTED_EDGE('',*,*,#2730,.T.);
#1918=ORIENTED_EDGE('',*,*,#2459,.F.);
#1919=ORIENTED_EDGE('',*,*,#2732,.T.);
#1920=ORIENTED_EDGE('',*,*,#2734,.T.);
#1921=ORIENTED_EDGE('',*,*,#2735,.F.);
#1922=ORIENTED_EDGE('',*,*,#2580,.F.);
#1923=ORIENTED_EDGE('',*,*,#2736,.F.);
#1924=ORIENTED_EDGE('',*,*,#2336,.F.);
#1925=ORIENTED_EDGE('',*,*,#2737,.F.);
#1926=ORIENTED_EDGE('',*,*,#2738,.T.);
#1927=ORIENTED_EDGE('',*,*,#2739,.T.);
#1928=ORIENTED_EDGE('',*,*,#2335,.T.);
#1929=ORIENTED_EDGE('',*,*,#2452,.F.);
#1930=ORIENTED_EDGE('',*,*,#2740,.F.);
#1931=ORIENTED_EDGE('',*,*,#2737,.T.);
#1932=ORIENTED_EDGE('',*,*,#2328,.T.);
#1933=ORIENTED_EDGE('',*,*,#2741,.F.);
#1934=ORIENTED_EDGE('',*,*,#2742,.F.);
#1935=ORIENTED_EDGE('',*,*,#2450,.T.);
#1936=ORIENTED_EDGE('',*,*,#2334,.T.);
#1937=ORIENTED_EDGE('',*,*,#2743,.F.);
#1938=ORIENTED_EDGE('',*,*,#2744,.F.);
#1939=ORIENTED_EDGE('',*,*,#2741,.T.);
#1940=ORIENTED_EDGE('',*,*,#2333,.F.);
#1941=ORIENTED_EDGE('',*,*,#2573,.F.);
#1942=ORIENTED_EDGE('',*,*,#2745,.T.);
#1943=ORIENTED_EDGE('',*,*,#2743,.T.);
#1944=ORIENTED_EDGE('',*,*,#2337,.F.);
#1945=ORIENTED_EDGE('',*,*,#2739,.F.);
#1946=ORIENTED_EDGE('',*,*,#2746,.T.);
#1947=ORIENTED_EDGE('',*,*,#2571,.T.);
#1948=ORIENTED_EDGE('',*,*,#2738,.F.);
#1949=ORIENTED_EDGE('',*,*,#2740,.T.);
#1950=ORIENTED_EDGE('',*,*,#2451,.F.);
#1951=ORIENTED_EDGE('',*,*,#2742,.T.);
#1952=ORIENTED_EDGE('',*,*,#2744,.T.);
#1953=ORIENTED_EDGE('',*,*,#2745,.F.);
#1954=ORIENTED_EDGE('',*,*,#2572,.F.);
#1955=ORIENTED_EDGE('',*,*,#2746,.F.);
#1956=ORIENTED_EDGE('',*,*,#2322,.F.);
#1957=ORIENTED_EDGE('',*,*,#2747,.F.);
#1958=ORIENTED_EDGE('',*,*,#2748,.T.);
#1959=ORIENTED_EDGE('',*,*,#2749,.T.);
#1960=ORIENTED_EDGE('',*,*,#2321,.T.);
#1961=ORIENTED_EDGE('',*,*,#2444,.F.);
#1962=ORIENTED_EDGE('',*,*,#2750,.F.);
#1963=ORIENTED_EDGE('',*,*,#2747,.T.);
#1964=ORIENTED_EDGE('',*,*,#2314,.T.);
#1965=ORIENTED_EDGE('',*,*,#2751,.F.);
#1966=ORIENTED_EDGE('',*,*,#2752,.F.);
#1967=ORIENTED_EDGE('',*,*,#2442,.T.);
#1968=ORIENTED_EDGE('',*,*,#2320,.T.);
#1969=ORIENTED_EDGE('',*,*,#2753,.F.);
#1970=ORIENTED_EDGE('',*,*,#2754,.F.);
#1971=ORIENTED_EDGE('',*,*,#2751,.T.);
#1972=ORIENTED_EDGE('',*,*,#2319,.F.);
#1973=ORIENTED_EDGE('',*,*,#2565,.F.);
#1974=ORIENTED_EDGE('',*,*,#2755,.T.);
#1975=ORIENTED_EDGE('',*,*,#2753,.T.);
#1976=ORIENTED_EDGE('',*,*,#2323,.F.);
#1977=ORIENTED_EDGE('',*,*,#2749,.F.);
#1978=ORIENTED_EDGE('',*,*,#2756,.T.);
#1979=ORIENTED_EDGE('',*,*,#2594,.T.);
#1980=ORIENTED_EDGE('',*,*,#2748,.F.);
#1981=ORIENTED_EDGE('',*,*,#2750,.T.);
#1982=ORIENTED_EDGE('',*,*,#2443,.F.);
#1983=ORIENTED_EDGE('',*,*,#2752,.T.);
#1984=ORIENTED_EDGE('',*,*,#2754,.T.);
#1985=ORIENTED_EDGE('',*,*,#2755,.F.);
#1986=ORIENTED_EDGE('',*,*,#2564,.F.);
#1987=ORIENTED_EDGE('',*,*,#2756,.F.);
#1988=ORIENTED_EDGE('',*,*,#2291,.F.);
#1989=ORIENTED_EDGE('',*,*,#2757,.F.);
#1990=ORIENTED_EDGE('',*,*,#2758,.T.);
#1991=ORIENTED_EDGE('',*,*,#2759,.T.);
#1992=ORIENTED_EDGE('',*,*,#2290,.T.);
#1993=ORIENTED_EDGE('',*,*,#2473,.F.);
#1994=ORIENTED_EDGE('',*,*,#2760,.F.);
#1995=ORIENTED_EDGE('',*,*,#2757,.T.);
#1996=ORIENTED_EDGE('',*,*,#2296,.T.);
#1997=ORIENTED_EDGE('',*,*,#2761,.F.);
#1998=ORIENTED_EDGE('',*,*,#2762,.F.);
#1999=ORIENTED_EDGE('',*,*,#2471,.T.);
#2000=ORIENTED_EDGE('',*,*,#2304,.T.);
#2001=ORIENTED_EDGE('',*,*,#2763,.F.);
#2002=ORIENTED_EDGE('',*,*,#2764,.F.);
#2003=ORIENTED_EDGE('',*,*,#2761,.T.);
#2004=ORIENTED_EDGE('',*,*,#2303,.F.);
#2005=ORIENTED_EDGE('',*,*,#2393,.F.);
#2006=ORIENTED_EDGE('',*,*,#2765,.T.);
#2007=ORIENTED_EDGE('',*,*,#2763,.T.);
#2008=ORIENTED_EDGE('',*,*,#2292,.F.);
#2009=ORIENTED_EDGE('',*,*,#2759,.F.);
#2010=ORIENTED_EDGE('',*,*,#2766,.T.);
#2011=ORIENTED_EDGE('',*,*,#2391,.T.);
#2012=ORIENTED_EDGE('',*,*,#2758,.F.);
#2013=ORIENTED_EDGE('',*,*,#2760,.T.);
#2014=ORIENTED_EDGE('',*,*,#2472,.F.);
#2015=ORIENTED_EDGE('',*,*,#2762,.T.);
#2016=ORIENTED_EDGE('',*,*,#2764,.T.);
#2017=ORIENTED_EDGE('',*,*,#2765,.F.);
#2018=ORIENTED_EDGE('',*,*,#2392,.T.);
#2019=ORIENTED_EDGE('',*,*,#2766,.F.);
#2020=ORIENTED_EDGE('',*,*,#2306,.F.);
#2021=ORIENTED_EDGE('',*,*,#2767,.F.);
#2022=ORIENTED_EDGE('',*,*,#2768,.T.);
#2023=ORIENTED_EDGE('',*,*,#2769,.T.);
#2024=ORIENTED_EDGE('',*,*,#2305,.T.);
#2025=ORIENTED_EDGE('',*,*,#2476,.F.);
#2026=ORIENTED_EDGE('',*,*,#2770,.F.);
#2027=ORIENTED_EDGE('',*,*,#2767,.T.);
#2028=ORIENTED_EDGE('',*,*,#2288,.T.);
#2029=ORIENTED_EDGE('',*,*,#2771,.F.);
#2030=ORIENTED_EDGE('',*,*,#2772,.F.);
#2031=ORIENTED_EDGE('',*,*,#2474,.T.);
#2032=ORIENTED_EDGE('',*,*,#2295,.T.);
#2033=ORIENTED_EDGE('',*,*,#2773,.F.);
#2034=ORIENTED_EDGE('',*,*,#2774,.F.);
#2035=ORIENTED_EDGE('',*,*,#2771,.T.);
#2036=ORIENTED_EDGE('',*,*,#2294,.F.);
#2037=ORIENTED_EDGE('',*,*,#2390,.F.);
#2038=ORIENTED_EDGE('',*,*,#2775,.T.);
#2039=ORIENTED_EDGE('',*,*,#2773,.T.);
#2040=ORIENTED_EDGE('',*,*,#2307,.F.);
#2041=ORIENTED_EDGE('',*,*,#2769,.F.);
#2042=ORIENTED_EDGE('',*,*,#2776,.T.);
#2043=ORIENTED_EDGE('',*,*,#2402,.T.);
#2044=ORIENTED_EDGE('',*,*,#2768,.F.);
#2045=ORIENTED_EDGE('',*,*,#2770,.T.);
#2046=ORIENTED_EDGE('',*,*,#2475,.F.);
#2047=ORIENTED_EDGE('',*,*,#2772,.T.);
#2048=ORIENTED_EDGE('',*,*,#2774,.T.);
#2049=ORIENTED_EDGE('',*,*,#2775,.F.);
#2050=ORIENTED_EDGE('',*,*,#2389,.T.);
#2051=ORIENTED_EDGE('',*,*,#2776,.F.);
#2052=ORIENTED_EDGE('',*,*,#2274,.T.);
#2053=ORIENTED_EDGE('',*,*,#2777,.F.);
#2054=ORIENTED_EDGE('',*,*,#2778,.F.);
#2055=ORIENTED_EDGE('',*,*,#2432,.T.);
#2056=ORIENTED_EDGE('',*,*,#2280,.F.);
#2057=ORIENTED_EDGE('',*,*,#2779,.F.);
#2058=ORIENTED_EDGE('',*,*,#2780,.T.);
#2059=ORIENTED_EDGE('',*,*,#2777,.T.);
#2060=ORIENTED_EDGE('',*,*,#2279,.F.);
#2061=ORIENTED_EDGE('',*,*,#2354,.F.);
#2062=ORIENTED_EDGE('',*,*,#2781,.T.);
#2063=ORIENTED_EDGE('',*,*,#2779,.T.);
#2064=ORIENTED_EDGE('',*,*,#2270,.F.);
#2065=ORIENTED_EDGE('',*,*,#2782,.F.);
#2066=ORIENTED_EDGE('',*,*,#2783,.T.);
#2067=ORIENTED_EDGE('',*,*,#2352,.T.);
#2068=ORIENTED_EDGE('',*,*,#2269,.T.);
#2069=ORIENTED_EDGE('',*,*,#2784,.F.);
#2070=ORIENTED_EDGE('',*,*,#2785,.F.);
#2071=ORIENTED_EDGE('',*,*,#2782,.T.);
#2072=ORIENTED_EDGE('',*,*,#2268,.T.);
#2073=ORIENTED_EDGE('',*,*,#2434,.F.);
#2074=ORIENTED_EDGE('',*,*,#2786,.F.);
#2075=ORIENTED_EDGE('',*,*,#2784,.T.);
#2076=ORIENTED_EDGE('',*,*,#2433,.T.);
#2077=ORIENTED_EDGE('',*,*,#2778,.T.);
#2078=ORIENTED_EDGE('',*,*,#2780,.F.);
#2079=ORIENTED_EDGE('',*,*,#2781,.F.);
#2080=ORIENTED_EDGE('',*,*,#2353,.T.);
#2081=ORIENTED_EDGE('',*,*,#2783,.F.);
#2082=ORIENTED_EDGE('',*,*,#2785,.T.);
#2083=ORIENTED_EDGE('',*,*,#2786,.T.);
#2084=ORIENTED_EDGE('',*,*,#2282,.T.);
#2085=ORIENTED_EDGE('',*,*,#2787,.F.);
#2086=ORIENTED_EDGE('',*,*,#2788,.F.);
#2087=ORIENTED_EDGE('',*,*,#2789,.T.);
#2088=ORIENTED_EDGE('',*,*,#2281,.T.);
#2089=ORIENTED_EDGE('',*,*,#2437,.F.);
#2090=ORIENTED_EDGE('',*,*,#2790,.F.);
#2091=ORIENTED_EDGE('',*,*,#2787,.T.);
#2092=ORIENTED_EDGE('',*,*,#2266,.T.);
#2093=ORIENTED_EDGE('',*,*,#2791,.F.);
#2094=ORIENTED_EDGE('',*,*,#2792,.F.);
#2095=ORIENTED_EDGE('',*,*,#2435,.T.);
#2096=ORIENTED_EDGE('',*,*,#2273,.F.);
#2097=ORIENTED_EDGE('',*,*,#2793,.F.);
#2098=ORIENTED_EDGE('',*,*,#2794,.T.);
#2099=ORIENTED_EDGE('',*,*,#2791,.T.);
#2100=ORIENTED_EDGE('',*,*,#2272,.F.);
#2101=ORIENTED_EDGE('',*,*,#2351,.F.);
#2102=ORIENTED_EDGE('',*,*,#2795,.T.);
#2103=ORIENTED_EDGE('',*,*,#2793,.T.);
#2104=ORIENTED_EDGE('',*,*,#2283,.F.);
#2105=ORIENTED_EDGE('',*,*,#2789,.F.);
#2106=ORIENTED_EDGE('',*,*,#2796,.T.);
#2107=ORIENTED_EDGE('',*,*,#2349,.T.);
#2108=ORIENTED_EDGE('',*,*,#2788,.T.);
#2109=ORIENTED_EDGE('',*,*,#2790,.T.);
#2110=ORIENTED_EDGE('',*,*,#2436,.T.);
#2111=ORIENTED_EDGE('',*,*,#2792,.T.);
#2112=ORIENTED_EDGE('',*,*,#2794,.F.);
#2113=ORIENTED_EDGE('',*,*,#2795,.F.);
#2114=ORIENTED_EDGE('',*,*,#2350,.T.);
#2115=ORIENTED_EDGE('',*,*,#2796,.F.);
#2116=ORIENTED_EDGE('',*,*,#2260,.T.);
#2117=ORIENTED_EDGE('',*,*,#2797,.F.);
#2118=ORIENTED_EDGE('',*,*,#2798,.F.);
#2119=ORIENTED_EDGE('',*,*,#2799,.T.);
#2120=ORIENTED_EDGE('',*,*,#2259,.T.);
#2121=ORIENTED_EDGE('',*,*,#2426,.F.);
#2122=ORIENTED_EDGE('',*,*,#2800,.F.);
#2123=ORIENTED_EDGE('',*,*,#2797,.T.);
#2124=ORIENTED_EDGE('',*,*,#2252,.T.);
#2125=ORIENTED_EDGE('',*,*,#2801,.F.);
#2126=ORIENTED_EDGE('',*,*,#2802,.F.);
#2127=ORIENTED_EDGE('',*,*,#2424,.T.);
#2128=ORIENTED_EDGE('',*,*,#2258,.F.);
#2129=ORIENTED_EDGE('',*,*,#2803,.F.);
#2130=ORIENTED_EDGE('',*,*,#2804,.T.);
#2131=ORIENTED_EDGE('',*,*,#2801,.T.);
#2132=ORIENTED_EDGE('',*,*,#2257,.F.);
#2133=ORIENTED_EDGE('',*,*,#2343,.F.);
#2134=ORIENTED_EDGE('',*,*,#2805,.T.);
#2135=ORIENTED_EDGE('',*,*,#2803,.T.);
#2136=ORIENTED_EDGE('',*,*,#2261,.F.);
#2137=ORIENTED_EDGE('',*,*,#2799,.F.);
#2138=ORIENTED_EDGE('',*,*,#2806,.T.);
#2139=ORIENTED_EDGE('',*,*,#2388,.T.);
#2140=ORIENTED_EDGE('',*,*,#2798,.T.);
#2141=ORIENTED_EDGE('',*,*,#2800,.T.);
#2142=ORIENTED_EDGE('',*,*,#2425,.T.);
#2143=ORIENTED_EDGE('',*,*,#2802,.T.);
#2144=ORIENTED_EDGE('',*,*,#2804,.F.);
#2145=ORIENTED_EDGE('',*,*,#2805,.F.);
#2146=ORIENTED_EDGE('',*,*,#2342,.T.);
#2147=ORIENTED_EDGE('',*,*,#2806,.F.);
#2148=ORIENTED_EDGE('',*,*,#2244,.F.);
#2149=ORIENTED_EDGE('',*,*,#2807,.F.);
#2150=ORIENTED_EDGE('',*,*,#2808,.T.);
#2151=ORIENTED_EDGE('',*,*,#2809,.T.);
#2152=ORIENTED_EDGE('',*,*,#2243,.T.);
#2153=ORIENTED_EDGE('',*,*,#2499,.F.);
#2154=ORIENTED_EDGE('',*,*,#2810,.F.);
#2155=ORIENTED_EDGE('',*,*,#2807,.T.);
#2156=ORIENTED_EDGE('',*,*,#2235,.T.);
#2157=ORIENTED_EDGE('',*,*,#2811,.F.);
#2158=ORIENTED_EDGE('',*,*,#2812,.F.);
#2159=ORIENTED_EDGE('',*,*,#2497,.T.);
#2160=ORIENTED_EDGE('',*,*,#2242,.T.);
#2161=ORIENTED_EDGE('',*,*,#2813,.F.);
#2162=ORIENTED_EDGE('',*,*,#2814,.F.);
#2163=ORIENTED_EDGE('',*,*,#2811,.T.);
#2164=ORIENTED_EDGE('',*,*,#2241,.F.);
#2165=ORIENTED_EDGE('',*,*,#2413,.F.);
#2166=ORIENTED_EDGE('',*,*,#2815,.T.);
#2167=ORIENTED_EDGE('',*,*,#2813,.T.);
#2168=ORIENTED_EDGE('',*,*,#2245,.F.);
#2169=ORIENTED_EDGE('',*,*,#2809,.F.);
#2170=ORIENTED_EDGE('',*,*,#2816,.T.);
#2171=ORIENTED_EDGE('',*,*,#2411,.T.);
#2172=ORIENTED_EDGE('',*,*,#2808,.F.);
#2173=ORIENTED_EDGE('',*,*,#2810,.T.);
#2174=ORIENTED_EDGE('',*,*,#2498,.T.);
#2175=ORIENTED_EDGE('',*,*,#2812,.T.);
#2176=ORIENTED_EDGE('',*,*,#2814,.T.);
#2177=ORIENTED_EDGE('',*,*,#2815,.F.);
#2178=ORIENTED_EDGE('',*,*,#2412,.F.);
#2179=ORIENTED_EDGE('',*,*,#2816,.F.);
#2180=ORIENTED_EDGE('',*,*,#2238,.F.);
#2181=ORIENTED_EDGE('',*,*,#2817,.F.);
#2182=ORIENTED_EDGE('',*,*,#2818,.T.);
#2183=ORIENTED_EDGE('',*,*,#2819,.T.);
#2184=ORIENTED_EDGE('',*,*,#2237,.T.);
#2185=ORIENTED_EDGE('',*,*,#2496,.F.);
#2186=ORIENTED_EDGE('',*,*,#2820,.F.);
#2187=ORIENTED_EDGE('',*,*,#2817,.T.);
#2188=ORIENTED_EDGE('',*,*,#2226,.T.);
#2189=ORIENTED_EDGE('',*,*,#2821,.F.);
#2190=ORIENTED_EDGE('',*,*,#2822,.F.);
#2191=ORIENTED_EDGE('',*,*,#2494,.T.);
#2192=ORIENTED_EDGE('',*,*,#2234,.T.);
#2193=ORIENTED_EDGE('',*,*,#2823,.F.);
#2194=ORIENTED_EDGE('',*,*,#2824,.F.);
#2195=ORIENTED_EDGE('',*,*,#2821,.T.);
#2196=ORIENTED_EDGE('',*,*,#2233,.F.);
#2197=ORIENTED_EDGE('',*,*,#2404,.F.);
#2198=ORIENTED_EDGE('',*,*,#2825,.T.);
#2199=ORIENTED_EDGE('',*,*,#2823,.T.);
#2200=ORIENTED_EDGE('',*,*,#2239,.F.);
#2201=ORIENTED_EDGE('',*,*,#2819,.F.);
#2202=ORIENTED_EDGE('',*,*,#2826,.T.);
#2203=ORIENTED_EDGE('',*,*,#2414,.T.);
#2204=ORIENTED_EDGE('',*,*,#2818,.F.);
#2205=ORIENTED_EDGE('',*,*,#2820,.T.);
#2206=ORIENTED_EDGE('',*,*,#2495,.T.);
#2207=ORIENTED_EDGE('',*,*,#2822,.T.);
#2208=ORIENTED_EDGE('',*,*,#2824,.T.);
#2209=ORIENTED_EDGE('',*,*,#2825,.F.);
#2210=ORIENTED_EDGE('',*,*,#2403,.F.);
#2211=ORIENTED_EDGE('',*,*,#2826,.F.);
#2212=EDGE_CURVE('',#2827,#2828,#3237,.T.);
#2213=EDGE_CURVE('',#2829,#2827,#108,.T.);
#2214=EDGE_CURVE('',#2829,#2830,#109,.F.);
#2215=EDGE_CURVE('',#2830,#2831,#3238,.T.);
#2216=EDGE_CURVE('',#2832,#2831,#110,.T.);
#2217=EDGE_CURVE('',#2832,#2833,#3239,.T.);
#2218=EDGE_CURVE('',#2828,#2833,#111,.T.);
#2219=EDGE_CURVE('',#2834,#2835,#3240,.T.);
#2220=EDGE_CURVE('',#2834,#2836,#112,.T.);
#2221=EDGE_CURVE('',#2836,#2837,#3241,.T.);
#2222=EDGE_CURVE('',#2838,#2837,#113,.T.);
#2223=EDGE_CURVE('',#2838,#2839,#3242,.T.);
#2224=EDGE_CURVE('',#2839,#2840,#114,.T.);
#2225=EDGE_CURVE('',#2835,#2840,#115,.T.);
#2226=EDGE_CURVE('',#2841,#2842,#3243,.T.);
#2227=EDGE_CURVE('',#2841,#2843,#116,.T.);
#2228=EDGE_CURVE('',#2843,#2844,#117,.T.);
#2229=EDGE_CURVE('',#2844,#2845,#118,.F.);
#2230=EDGE_CURVE('',#2845,#2846,#3244,.T.);
#2231=EDGE_CURVE('',#2846,#2847,#119,.T.);
#2232=EDGE_CURVE('',#2848,#2847,#120,.T.);
#2233=EDGE_CURVE('',#2848,#2849,#3245,.T.);
#2234=EDGE_CURVE('',#2842,#2849,#121,.T.);
#2235=EDGE_CURVE('',#2850,#2851,#3246,.T.);
#2236=EDGE_CURVE('',#2850,#2852,#122,.T.);
#2237=EDGE_CURVE('',#2853,#2852,#3247,.T.);
#2238=EDGE_CURVE('',#2853,#2854,#123,.T.);
#2239=EDGE_CURVE('',#2854,#2855,#3248,.T.);
#2240=EDGE_CURVE('',#2856,#2855,#124,.T.);
#2241=EDGE_CURVE('',#2856,#2857,#3249,.T.);
#2242=EDGE_CURVE('',#2851,#2857,#125,.T.);
#2243=EDGE_CURVE('',#2858,#2859,#3250,.T.);
#2244=EDGE_CURVE('',#2858,#2860,#126,.T.);
#2245=EDGE_CURVE('',#2860,#2861,#3251,.T.);
#2246=EDGE_CURVE('',#2862,#2861,#127,.T.);
#2247=EDGE_CURVE('',#2863,#2862,#128,.T.);
#2248=EDGE_CURVE('',#2863,#2864,#3252,.T.);
#2249=EDGE_CURVE('',#2864,#2865,#129,.T.);
#2250=EDGE_CURVE('',#2866,#2865,#130,.T.);
#2251=EDGE_CURVE('',#2866,#2859,#131,.T.);
#2252=EDGE_CURVE('',#2867,#2868,#3253,.T.);
#2253=EDGE_CURVE('',#2867,#2869,#132,.T.);
#2254=EDGE_CURVE('',#2869,#2870,#133,.F.);
#2255=EDGE_CURVE('',#2870,#2871,#3254,.T.);
#2256=EDGE_CURVE('',#2871,#2872,#134,.T.);
#2257=EDGE_CURVE('',#2872,#2873,#3255,.T.);
#2258=EDGE_CURVE('',#2873,#2868,#135,.T.);
#2259=EDGE_CURVE('',#2874,#2875,#3256,.T.);
#2260=EDGE_CURVE('',#2876,#2874,#136,.T.);
#2261=EDGE_CURVE('',#2876,#2877,#3257,.T.);
#2262=EDGE_CURVE('',#2877,#2878,#137,.T.);
#2263=EDGE_CURVE('',#2878,#2879,#3258,.T.);
#2264=EDGE_CURVE('',#2879,#2880,#138,.T.);
#2265=EDGE_CURVE('',#2880,#2875,#139,.T.);
#2266=EDGE_CURVE('',#2881,#2882,#3259,.T.);
#2267=EDGE_CURVE('',#2881,#2883,#140,.T.);
#2268=EDGE_CURVE('',#2884,#2883,#3260,.T.);
#2269=EDGE_CURVE('',#2885,#2884,#141,.T.);
#2270=EDGE_CURVE('',#2885,#2886,#3261,.T.);
#2271=EDGE_CURVE('',#2886,#2887,#142,.T.);
#2272=EDGE_CURVE('',#2887,#2888,#3262,.T.);
#2273=EDGE_CURVE('',#2888,#2882,#143,.T.);
#2274=EDGE_CURVE('',#2889,#2890,#3263,.T.);
#2275=EDGE_CURVE('',#2889,#2891,#144,.T.);
#2276=EDGE_CURVE('',#2891,#2892,#145,.F.);
#2277=EDGE_CURVE('',#2892,#2893,#3264,.T.);
#2278=EDGE_CURVE('',#2893,#2894,#146,.T.);
#2279=EDGE_CURVE('',#2894,#2895,#3265,.T.);
#2280=EDGE_CURVE('',#2895,#2890,#147,.T.);
#2281=EDGE_CURVE('',#2896,#2897,#3266,.T.);
#2282=EDGE_CURVE('',#2898,#2896,#148,.T.);
#2283=EDGE_CURVE('',#2898,#2899,#3267,.T.);
#2284=EDGE_CURVE('',#2899,#2900,#149,.T.);
#2285=EDGE_CURVE('',#2900,#2901,#3268,.T.);
#2286=EDGE_CURVE('',#2901,#2902,#150,.T.);
#2287=EDGE_CURVE('',#2902,#2897,#151,.T.);
#2288=EDGE_CURVE('',#2903,#2904,#3269,.T.);
#2289=EDGE_CURVE('',#2905,#2903,#152,.T.);
#2290=EDGE_CURVE('',#2906,#2905,#3270,.T.);
#2291=EDGE_CURVE('',#2906,#2907,#153,.T.);
#2292=EDGE_CURVE('',#2907,#2908,#3271,.T.);
#2293=EDGE_CURVE('',#2908,#2909,#154,.T.);
#2294=EDGE_CURVE('',#2909,#2910,#3272,.T.);
#2295=EDGE_CURVE('',#2904,#2910,#155,.T.);
#2296=EDGE_CURVE('',#2911,#2912,#3273,.T.);
#2297=EDGE_CURVE('',#2913,#2911,#156,.T.);
#2298=EDGE_CURVE('',#2914,#2913,#157,.T.);
#2299=EDGE_CURVE('',#2914,#2915,#158,.F.);
#2300=EDGE_CURVE('',#2915,#2916,#3274,.T.);
#2301=EDGE_CURVE('',#2917,#2916,#159,.T.);
#2302=EDGE_CURVE('',#2917,#2918,#160,.T.);
#2303=EDGE_CURVE('',#2918,#2919,#3275,.T.);
#2304=EDGE_CURVE('',#2912,#2919,#161,.T.);
#2305=EDGE_CURVE('',#2920,#2921,#3276,.T.);
#2306=EDGE_CURVE('',#2920,#2922,#162,.T.);
#2307=EDGE_CURVE('',#2922,#2923,#3277,.T.);
#2308=EDGE_CURVE('',#2923,#2924,#163,.T.);
#2309=EDGE_CURVE('',#2924,#2925,#164,.T.);
#2310=EDGE_CURVE('',#2925,#2926,#3278,.T.);
#2311=EDGE_CURVE('',#2926,#2927,#165,.T.);
#2312=EDGE_CURVE('',#2927,#2928,#166,.T.);
#2313=EDGE_CURVE('',#2921,#2928,#167,.T.);
#2314=EDGE_CURVE('',#2929,#2930,#3279,.T.);
#2315=EDGE_CURVE('',#2931,#2929,#168,.T.);
#2316=EDGE_CURVE('',#2931,#2932,#169,.F.);
#2317=EDGE_CURVE('',#2932,#2933,#3280,.T.);
#2318=EDGE_CURVE('',#2934,#2933,#170,.T.);
#2319=EDGE_CURVE('',#2934,#2935,#3281,.T.);
#2320=EDGE_CURVE('',#2930,#2935,#171,.T.);
#2321=EDGE_CURVE('',#2936,#2937,#3282,.T.);
#2322=EDGE_CURVE('',#2936,#2938,#172,.T.);
#2323=EDGE_CURVE('',#2938,#2939,#3283,.T.);
#2324=EDGE_CURVE('',#2940,#2939,#173,.T.);
#2325=EDGE_CURVE('',#2940,#2941,#3284,.T.);
#2326=EDGE_CURVE('',#2941,#2942,#174,.T.);
#2327=EDGE_CURVE('',#2937,#2942,#175,.T.);
#2328=EDGE_CURVE('',#2943,#2944,#3285,.T.);
#2329=EDGE_CURVE('',#2945,#2943,#176,.T.);
#2330=EDGE_CURVE('',#2945,#2946,#177,.F.);
#2331=EDGE_CURVE('',#2946,#2947,#3286,.T.);
#2332=EDGE_CURVE('',#2948,#2947,#178,.T.);
#2333=EDGE_CURVE('',#2948,#2949,#3287,.T.);
#2334=EDGE_CURVE('',#2944,#2949,#179,.T.);
#2335=EDGE_CURVE('',#2950,#2951,#3288,.T.);
#2336=EDGE_CURVE('',#2950,#2952,#180,.T.);
#2337=EDGE_CURVE('',#2952,#2953,#3289,.T.);
#2338=EDGE_CURVE('',#2954,#2953,#181,.T.);
#2339=EDGE_CURVE('',#2954,#2955,#3290,.T.);
#2340=EDGE_CURVE('',#2955,#2956,#182,.T.);
#2341=EDGE_CURVE('',#2951,#2956,#183,.T.);
#2342=EDGE_CURVE('',#2957,#2958,#184,.T.);
#2343=EDGE_CURVE('',#2957,#2872,#185,.T.);
#2344=EDGE_CURVE('',#2871,#2959,#94,.T.);
#2345=EDGE_CURVE('',#2960,#2959,#186,.F.);
#2346=EDGE_CURVE('',#2961,#2960,#187,.T.);
#2347=EDGE_CURVE('',#2962,#2961,#188,.T.);
#2348=EDGE_CURVE('',#2962,#2900,#95,.T.);
#2349=EDGE_CURVE('',#2963,#2899,#189,.T.);
#2350=EDGE_CURVE('',#2964,#2963,#190,.T.);
#2351=EDGE_CURVE('',#2964,#2887,#191,.T.);
#2352=EDGE_CURVE('',#2965,#2886,#192,.T.);
#2353=EDGE_CURVE('',#2966,#2965,#193,.T.);
#2354=EDGE_CURVE('',#2966,#2894,#194,.T.);
#2355=EDGE_CURVE('',#2893,#2967,#96,.T.);
#2356=EDGE_CURVE('',#2968,#2967,#195,.F.);
#2357=EDGE_CURVE('',#2969,#2968,#196,.T.);
#2358=EDGE_CURVE('',#2970,#2969,#197,.T.);
#2359=EDGE_CURVE('',#2970,#2925,#97,.T.);
#2360=EDGE_CURVE('',#2924,#2971,#198,.T.);
#2361=EDGE_CURVE('',#2972,#2971,#199,.T.);
#2362=EDGE_CURVE('',#2972,#2973,#200,.T.);
#2363=EDGE_CURVE('',#2974,#2973,#201,.T.);
#2364=EDGE_CURVE('',#2975,#2974,#202,.T.);
#2365=EDGE_CURVE('',#2976,#2975,#203,.T.);
#2366=EDGE_CURVE('',#2976,#2977,#204,.T.);
#2367=EDGE_CURVE('',#2978,#2977,#205,.T.);
#2368=EDGE_CURVE('',#2979,#2978,#206,.T.);
#2369=EDGE_CURVE('',#2980,#2979,#207,.T.);
#2370=EDGE_CURVE('',#2980,#2981,#208,.T.);
#2371=EDGE_CURVE('',#2982,#2981,#209,.T.);
#2372=EDGE_CURVE('',#2983,#2982,#210,.T.);
#2373=EDGE_CURVE('',#2984,#2983,#211,.T.);
#2374=EDGE_CURVE('',#2984,#2985,#212,.T.);
#2375=EDGE_CURVE('',#2986,#2985,#213,.T.);
#2376=EDGE_CURVE('',#2987,#2986,#214,.T.);
#2377=EDGE_CURVE('',#2988,#2987,#215,.T.);
#2378=EDGE_CURVE('',#2988,#2989,#216,.T.);
#2379=EDGE_CURVE('',#2990,#2989,#217,.T.);
#2380=EDGE_CURVE('',#2991,#2990,#218,.T.);
#2381=EDGE_CURVE('',#2992,#2991,#219,.T.);
#2382=EDGE_CURVE('',#2847,#2992,#220,.T.);
#2383=EDGE_CURVE('',#2846,#2993,#98,.T.);
#2384=EDGE_CURVE('',#2994,#2993,#221,.F.);
#2385=EDGE_CURVE('',#2995,#2994,#222,.T.);
#2386=EDGE_CURVE('',#2996,#2995,#223,.T.);
#2387=EDGE_CURVE('',#2996,#2878,#99,.T.);
#2388=EDGE_CURVE('',#2958,#2877,#224,.T.);
#2389=EDGE_CURVE('',#2997,#2998,#225,.T.);
#2390=EDGE_CURVE('',#2997,#2909,#226,.T.);
#2391=EDGE_CURVE('',#2999,#2908,#227,.T.);
#2392=EDGE_CURVE('',#3000,#2999,#228,.T.);
#2393=EDGE_CURVE('',#3000,#2918,#229,.T.);
#2394=EDGE_CURVE('',#2917,#3001,#230,.T.);
#2395=EDGE_CURVE('',#3002,#3001,#231,.T.);
#2396=EDGE_CURVE('',#3003,#3002,#232,.T.);
#2397=EDGE_CURVE('',#3004,#3003,#233,.T.);
#2398=EDGE_CURVE('',#3004,#3005,#234,.T.);
#2399=EDGE_CURVE('',#3006,#3005,#235,.T.);
#2400=EDGE_CURVE('',#3007,#3006,#236,.T.);
#2401=EDGE_CURVE('',#2971,#3007,#237,.T.);
#2402=EDGE_CURVE('',#2998,#2923,#238,.T.);
#2403=EDGE_CURVE('',#3008,#3009,#239,.T.);
#2404=EDGE_CURVE('',#3009,#2848,#240,.T.);
#2405=EDGE_CURVE('',#2992,#3010,#241,.T.);
#2406=EDGE_CURVE('',#3010,#3011,#242,.T.);
#2407=EDGE_CURVE('',#3011,#3012,#243,.T.);
#2408=EDGE_CURVE('',#3013,#3012,#244,.T.);
#2409=EDGE_CURVE('',#3013,#3014,#245,.T.);
#2410=EDGE_CURVE('',#2862,#3014,#246,.T.);
#2411=EDGE_CURVE('',#3015,#2861,#247,.T.);
#2412=EDGE_CURVE('',#3015,#3016,#248,.T.);
#2413=EDGE_CURVE('',#3016,#2856,#249,.T.);
#2414=EDGE_CURVE('',#3008,#2855,#250,.T.);
#2415=EDGE_CURVE('',#3017,#3018,#251,.T.);
#2416=EDGE_CURVE('',#3018,#2844,#3291,.T.);
#2417=EDGE_CURVE('',#2843,#3019,#252,.T.);
#2418=EDGE_CURVE('',#3017,#3019,#253,.T.);
#2419=EDGE_CURVE('',#2880,#3020,#3292,.T.);
#2420=EDGE_CURVE('',#3021,#3020,#254,.T.);
#2421=EDGE_CURVE('',#3022,#3021,#255,.T.);
#2422=EDGE_CURVE('',#3022,#3023,#256,.T.);
#2423=EDGE_CURVE('',#3023,#2869,#3293,.T.);
#2424=EDGE_CURVE('',#3024,#2867,#257,.T.);
#2425=EDGE_CURVE('',#3025,#3024,#258,.T.);
#2426=EDGE_CURVE('',#3025,#2875,#259,.T.);
#2427=EDGE_CURVE('',#2902,#3026,#3294,.T.);
#2428=EDGE_CURVE('',#3027,#3026,#260,.T.);
#2429=EDGE_CURVE('',#3028,#3027,#261,.T.);
#2430=EDGE_CURVE('',#3028,#3029,#262,.T.);
#2431=EDGE_CURVE('',#3029,#2891,#3295,.T.);
#2432=EDGE_CURVE('',#3030,#2889,#263,.T.);
#2433=EDGE_CURVE('',#3031,#3030,#264,.T.);
#2434=EDGE_CURVE('',#3031,#2883,#265,.T.);
#2435=EDGE_CURVE('',#3032,#2881,#266,.T.);
#2436=EDGE_CURVE('',#3033,#3032,#267,.T.);
#2437=EDGE_CURVE('',#3033,#2897,#268,.T.);
#2438=EDGE_CURVE('',#2865,#3034,#3296,.F.);
#2439=EDGE_CURVE('',#3035,#3034,#269,.T.);
#2440=EDGE_CURVE('',#3035,#3036,#270,.T.);
#2441=EDGE_CURVE('',#2866,#3036,#271,.T.);
#2442=EDGE_CURVE('',#3037,#2929,#272,.T.);
#2443=EDGE_CURVE('',#3037,#3038,#273,.T.);
#2444=EDGE_CURVE('',#3038,#2937,#274,.T.);
#2445=EDGE_CURVE('',#2942,#3039,#3297,.F.);
#2446=EDGE_CURVE('',#3040,#3039,#275,.T.);
#2447=EDGE_CURVE('',#3040,#3041,#276,.T.);
#2448=EDGE_CURVE('',#3041,#3042,#277,.T.);
#2449=EDGE_CURVE('',#3042,#2931,#3298,.F.);
#2450=EDGE_CURVE('',#3043,#2943,#278,.T.);
#2451=EDGE_CURVE('',#3043,#3044,#279,.T.);
#2452=EDGE_CURVE('',#3044,#2951,#280,.T.);
#2453=EDGE_CURVE('',#2956,#3045,#3299,.F.);
#2454=EDGE_CURVE('',#3046,#3045,#281,.T.);
#2455=EDGE_CURVE('',#3046,#3047,#282,.T.);
#2456=EDGE_CURVE('',#3047,#3048,#283,.T.);
#2457=EDGE_CURVE('',#3048,#2945,#3300,.F.);
#2458=EDGE_CURVE('',#3049,#2827,#284,.T.);
#2459=EDGE_CURVE('',#3049,#3050,#285,.T.);
#2460=EDGE_CURVE('',#3050,#2835,#286,.T.);
#2461=EDGE_CURVE('',#2840,#3051,#3301,.F.);
#2462=EDGE_CURVE('',#3052,#3051,#287,.T.);
#2463=EDGE_CURVE('',#3052,#3053,#288,.T.);
#2464=EDGE_CURVE('',#3053,#3054,#289,.T.);
#2465=EDGE_CURVE('',#3054,#2829,#3302,.F.);
#2466=EDGE_CURVE('',#2927,#3055,#3303,.T.);
#2467=EDGE_CURVE('',#3056,#3055,#290,.T.);
#2468=EDGE_CURVE('',#3057,#3056,#291,.T.);
#2469=EDGE_CURVE('',#2928,#3057,#292,.T.);
#2470=EDGE_CURVE('',#2913,#3058,#293,.T.);
#2471=EDGE_CURVE('',#3059,#2911,#294,.T.);
#2472=EDGE_CURVE('',#3059,#3060,#295,.T.);
#2473=EDGE_CURVE('',#3060,#2905,#296,.T.);
#2474=EDGE_CURVE('',#3061,#2903,#297,.T.);
#2475=EDGE_CURVE('',#3061,#3062,#298,.T.);
#2476=EDGE_CURVE('',#3062,#2921,#299,.T.);
#2477=EDGE_CURVE('',#3057,#3058,#300,.T.);
#2478=EDGE_CURVE('',#3063,#3064,#301,.T.);
#2479=EDGE_CURVE('',#3064,#2914,#3304,.F.);
#2480=EDGE_CURVE('',#3058,#3063,#302,.T.);
#2481=EDGE_CURVE('',#3065,#3066,#303,.T.);
#2482=EDGE_CURVE('',#3067,#3065,#304,.T.);
#2483=EDGE_CURVE('',#3067,#3068,#305,.T.);
#2484=EDGE_CURVE('',#3068,#3066,#306,.T.);
#2485=EDGE_CURVE('',#3065,#3069,#307,.T.);
#2486=EDGE_CURVE('',#3070,#3069,#308,.T.);
#2487=EDGE_CURVE('',#3067,#3070,#309,.T.);
#2488=EDGE_CURVE('',#3069,#3071,#310,.T.);
#2489=EDGE_CURVE('',#3072,#3071,#311,.T.);
#2490=EDGE_CURVE('',#3070,#3072,#312,.T.);
#2491=EDGE_CURVE('',#3066,#3071,#313,.T.);
#2492=EDGE_CURVE('',#3068,#3072,#314,.T.);
#2493=EDGE_CURVE('',#3019,#3036,#315,.T.);
#2494=EDGE_CURVE('',#3073,#2841,#316,.T.);
#2495=EDGE_CURVE('',#3074,#3073,#317,.T.);
#2496=EDGE_CURVE('',#3074,#2852,#318,.T.);
#2497=EDGE_CURVE('',#3075,#2850,#319,.T.);
#2498=EDGE_CURVE('',#3076,#3075,#320,.T.);
#2499=EDGE_CURVE('',#3076,#2859,#321,.T.);
#2500=EDGE_CURVE('',#3077,#3053,#322,.T.);
#2501=EDGE_CURVE('',#3078,#3052,#323,.T.);
#2502=EDGE_CURVE('',#3078,#3079,#3305,.T.);
#2503=EDGE_CURVE('',#3079,#3047,#324,.T.);
#2504=EDGE_CURVE('',#3080,#3046,#325,.T.);
#2505=EDGE_CURVE('',#3080,#3081,#3306,.T.);
#2506=EDGE_CURVE('',#3081,#3041,#326,.T.);
#2507=EDGE_CURVE('',#3082,#3040,#327,.T.);
#2508=EDGE_CURVE('',#3082,#3083,#3307,.T.);
#2509=EDGE_CURVE('',#3083,#3063,#328,.T.);
#2510=EDGE_CURVE('',#3084,#3056,#329,.T.);
#2511=EDGE_CURVE('',#3084,#3085,#3308,.T.);
#2512=EDGE_CURVE('',#3085,#3028,#330,.T.);
#2513=EDGE_CURVE('',#3086,#3027,#331,.T.);
#2514=EDGE_CURVE('',#3086,#3087,#3309,.T.);
#2515=EDGE_CURVE('',#3087,#3022,#332,.T.);
#2516=EDGE_CURVE('',#3088,#3021,#333,.T.);
#2517=EDGE_CURVE('',#3088,#3089,#3310,.T.);
#2518=EDGE_CURVE('',#3089,#3017,#334,.T.);
#2519=EDGE_CURVE('',#3090,#3035,#335,.T.);
#2520=EDGE_CURVE('',#3090,#3077,#3311,.T.);
#2521=EDGE_CURVE('',#3091,#3091,#3312,.T.);
#2522=EDGE_CURVE('',#3092,#3092,#3313,.T.);
#2523=EDGE_CURVE('',#3093,#3093,#3314,.T.);
#2524=EDGE_CURVE('',#3094,#3094,#3315,.T.);
#2525=EDGE_CURVE('',#3095,#3095,#3316,.T.);
#2526=EDGE_CURVE('',#3096,#3096,#3317,.T.);
#2527=EDGE_CURVE('',#3097,#3097,#3318,.T.);
#2528=EDGE_CURVE('',#3011,#3098,#336,.T.);
#2529=EDGE_CURVE('',#3098,#3099,#337,.T.);
#2530=EDGE_CURVE('',#3012,#3099,#338,.T.);
#2531=EDGE_CURVE('',#2990,#3100,#339,.T.);
#2532=EDGE_CURVE('',#2989,#3101,#340,.T.);
#2533=EDGE_CURVE('',#3100,#3101,#341,.T.);
#2534=EDGE_CURVE('',#2986,#3102,#342,.T.);
#2535=EDGE_CURVE('',#2985,#3103,#343,.T.);
#2536=EDGE_CURVE('',#3102,#3103,#344,.T.);
#2537=EDGE_CURVE('',#2982,#3104,#345,.T.);
#2538=EDGE_CURVE('',#2981,#3105,#346,.T.);
#2539=EDGE_CURVE('',#3104,#3105,#347,.T.);
#2540=EDGE_CURVE('',#2978,#3106,#348,.T.);
#2541=EDGE_CURVE('',#2977,#3107,#349,.T.);
#2542=EDGE_CURVE('',#3106,#3107,#350,.T.);
#2543=EDGE_CURVE('',#2974,#3108,#351,.T.);
#2544=EDGE_CURVE('',#2973,#3109,#352,.T.);
#2545=EDGE_CURVE('',#3108,#3109,#353,.T.);
#2546=EDGE_CURVE('',#3110,#3006,#354,.T.);
#2547=EDGE_CURVE('',#3111,#3005,#355,.T.);
#2548=EDGE_CURVE('',#3110,#3111,#356,.T.);
#2549=EDGE_CURVE('',#3112,#3002,#357,.T.);
#2550=EDGE_CURVE('',#3113,#3001,#358,.T.);
#2551=EDGE_CURVE('',#3113,#3114,#359,.T.);
#2552=EDGE_CURVE('',#3114,#3115,#360,.T.);
#2553=EDGE_CURVE('',#3115,#3116,#361,.T.);
#2554=EDGE_CURVE('',#3116,#3117,#362,.T.);
#2555=EDGE_CURVE('',#3117,#3112,#363,.T.);
#2556=EDGE_CURVE('',#3118,#3119,#364,.T.);
#2557=EDGE_CURVE('',#3118,#3120,#365,.T.);
#2558=EDGE_CURVE('',#3120,#3121,#366,.T.);
#2559=EDGE_CURVE('',#3121,#3122,#367,.T.);
#2560=EDGE_CURVE('',#3123,#3122,#368,.T.);
#2561=EDGE_CURVE('',#3124,#3123,#369,.T.);
#2562=EDGE_CURVE('',#3125,#3124,#370,.T.);
#2563=EDGE_CURVE('',#3119,#3125,#371,.T.);
#2564=EDGE_CURVE('',#3126,#3127,#372,.T.);
#2565=EDGE_CURVE('',#3127,#2934,#373,.T.);
#2566=EDGE_CURVE('',#2933,#3128,#100,.T.);
#2567=EDGE_CURVE('',#3129,#3128,#374,.F.);
#2568=EDGE_CURVE('',#3129,#3130,#375,.T.);
#2569=EDGE_CURVE('',#3131,#3130,#376,.T.);
#2570=EDGE_CURVE('',#3131,#2954,#101,.T.);
#2571=EDGE_CURVE('',#3132,#2953,#377,.T.);
#2572=EDGE_CURVE('',#3132,#3133,#378,.T.);
#2573=EDGE_CURVE('',#3133,#2948,#379,.T.);
#2574=EDGE_CURVE('',#2947,#3134,#102,.T.);
#2575=EDGE_CURVE('',#3135,#3134,#380,.F.);
#2576=EDGE_CURVE('',#3135,#3136,#381,.T.);
#2577=EDGE_CURVE('',#3137,#3136,#382,.T.);
#2578=EDGE_CURVE('',#3137,#2838,#103,.T.);
#2579=EDGE_CURVE('',#3138,#2837,#383,.T.);
#2580=EDGE_CURVE('',#3138,#3139,#384,.T.);
#2581=EDGE_CURVE('',#3139,#2832,#385,.T.);
#2582=EDGE_CURVE('',#2831,#3140,#104,.T.);
#2583=EDGE_CURVE('',#3141,#3140,#386,.F.);
#2584=EDGE_CURVE('',#3141,#3142,#387,.T.);
#2585=EDGE_CURVE('',#3143,#3142,#388,.T.);
#2586=EDGE_CURVE('',#3143,#2863,#105,.T.);
#2587=EDGE_CURVE('',#3014,#3144,#389,.T.);
#2588=EDGE_CURVE('',#3144,#3113,#390,.T.);
#2589=EDGE_CURVE('',#2916,#3145,#106,.T.);
#2590=EDGE_CURVE('',#3146,#3145,#391,.F.);
#2591=EDGE_CURVE('',#3146,#3147,#392,.T.);
#2592=EDGE_CURVE('',#3148,#3147,#393,.T.);
#2593=EDGE_CURVE('',#3148,#2940,#107,.T.);
#2594=EDGE_CURVE('',#3126,#2939,#394,.T.);
#2595=EDGE_CURVE('',#3136,#3135,#3319,.T.);
#2596=EDGE_CURVE('',#3134,#3149,#3320,.F.);
#2597=EDGE_CURVE('',#3079,#3149,#395,.T.);
#2598=EDGE_CURVE('',#3078,#3150,#396,.T.);
#2599=EDGE_CURVE('',#3150,#3137,#3321,.F.);
#2600=EDGE_CURVE('',#3149,#3048,#397,.T.);
#2601=EDGE_CURVE('',#3151,#3151,#3322,.T.);
#2602=EDGE_CURVE('',#3051,#3150,#398,.F.);
#2603=EDGE_CURVE('',#3130,#3129,#3323,.T.);
#2604=EDGE_CURVE('',#3045,#3152,#399,.F.);
#2605=EDGE_CURVE('',#3080,#3152,#400,.T.);
#2606=EDGE_CURVE('',#3128,#3153,#3324,.F.);
#2607=EDGE_CURVE('',#3081,#3153,#401,.T.);
#2608=EDGE_CURVE('',#3152,#3131,#3325,.F.);
#2609=EDGE_CURVE('',#3153,#3042,#402,.T.);
#2610=EDGE_CURVE('',#3154,#3154,#3326,.T.);
#2611=EDGE_CURVE('',#3147,#3146,#3327,.T.);
#2612=EDGE_CURVE('',#3039,#3155,#403,.F.);
#2613=EDGE_CURVE('',#3082,#3155,#404,.T.);
#2614=EDGE_CURVE('',#3145,#3156,#3328,.F.);
#2615=EDGE_CURVE('',#3083,#3156,#405,.T.);
#2616=EDGE_CURVE('',#3155,#3148,#3329,.F.);
#2617=EDGE_CURVE('',#3156,#3064,#406,.T.);
#2618=EDGE_CURVE('',#3157,#3157,#3330,.T.);
#2619=EDGE_CURVE('',#2969,#2968,#3331,.T.);
#2620=EDGE_CURVE('',#3055,#3158,#407,.F.);
#2621=EDGE_CURVE('',#3084,#3158,#408,.T.);
#2622=EDGE_CURVE('',#2967,#3159,#3332,.F.);
#2623=EDGE_CURVE('',#3085,#3159,#409,.T.);
#2624=EDGE_CURVE('',#3158,#2970,#3333,.F.);
#2625=EDGE_CURVE('',#3159,#3029,#410,.T.);
#2626=EDGE_CURVE('',#3160,#3160,#3334,.T.);
#2627=EDGE_CURVE('',#2961,#2960,#3335,.T.);
#2628=EDGE_CURVE('',#3026,#3161,#411,.F.);
#2629=EDGE_CURVE('',#3086,#3161,#412,.T.);
#2630=EDGE_CURVE('',#2959,#3162,#3336,.F.);
#2631=EDGE_CURVE('',#3087,#3162,#413,.T.);
#2632=EDGE_CURVE('',#3161,#2962,#3337,.F.);
#2633=EDGE_CURVE('',#3162,#3023,#414,.T.);
#2634=EDGE_CURVE('',#3163,#3163,#3338,.T.);
#2635=EDGE_CURVE('',#2995,#2994,#3339,.T.);
#2636=EDGE_CURVE('',#3020,#3164,#415,.F.);
#2637=EDGE_CURVE('',#3088,#3164,#416,.T.);
#2638=EDGE_CURVE('',#2993,#3165,#3340,.F.);
#2639=EDGE_CURVE('',#3089,#3165,#417,.T.);
#2640=EDGE_CURVE('',#3164,#2996,#3341,.F.);
#2641=EDGE_CURVE('',#3165,#3018,#418,.T.);
#2642=EDGE_CURVE('',#3166,#3166,#3342,.T.);
#2643=EDGE_CURVE('',#3142,#3141,#3343,.T.);
#2644=EDGE_CURVE('',#3034,#3167,#419,.F.);
#2645=EDGE_CURVE('',#3090,#3167,#420,.T.);
#2646=EDGE_CURVE('',#3140,#3168,#3344,.F.);
#2647=EDGE_CURVE('',#3077,#3168,#421,.T.);
#2648=EDGE_CURVE('',#3167,#3143,#3345,.F.);
#2649=EDGE_CURVE('',#3168,#3054,#422,.T.);
#2650=EDGE_CURVE('',#3169,#3169,#3346,.T.);
#2651=EDGE_CURVE('',#3165,#2845,#3347,.T.);
#2652=EDGE_CURVE('',#2879,#3164,#3348,.T.);
#2653=EDGE_CURVE('',#3162,#2870,#3349,.T.);
#2654=EDGE_CURVE('',#2901,#3161,#3350,.T.);
#2655=EDGE_CURVE('',#3159,#2892,#3351,.T.);
#2656=EDGE_CURVE('',#2926,#3158,#3352,.T.);
#2657=EDGE_CURVE('',#3156,#2915,#3353,.T.);
#2658=EDGE_CURVE('',#2941,#3155,#3354,.T.);
#2659=EDGE_CURVE('',#3153,#2932,#3355,.T.);
#2660=EDGE_CURVE('',#2955,#3152,#3356,.T.);
#2661=EDGE_CURVE('',#3149,#2946,#3357,.T.);
#2662=EDGE_CURVE('',#2839,#3150,#3358,.T.);
#2663=EDGE_CURVE('',#3168,#2830,#3359,.T.);
#2664=EDGE_CURVE('',#3167,#2864,#3360,.T.);
#2665=EDGE_CURVE('',#3170,#3100,#423,.T.);
#2666=EDGE_CURVE('',#2991,#3170,#424,.T.);
#2667=EDGE_CURVE('',#3010,#3171,#425,.T.);
#2668=EDGE_CURVE('',#3171,#3098,#426,.T.);
#2669=EDGE_CURVE('',#3171,#3172,#427,.T.);
#2670=EDGE_CURVE('',#3172,#3099,#428,.T.);
#2671=EDGE_CURVE('',#3013,#3172,#429,.T.);
#2672=EDGE_CURVE('',#3144,#3173,#430,.T.);
#2673=EDGE_CURVE('',#3173,#3114,#431,.T.);
#2674=EDGE_CURVE('',#3173,#3174,#432,.T.);
#2675=EDGE_CURVE('',#3174,#3115,#433,.T.);
#2676=EDGE_CURVE('',#3174,#3175,#434,.T.);
#2677=EDGE_CURVE('',#3175,#3116,#435,.T.);
#2678=EDGE_CURVE('',#3175,#3176,#436,.T.);
#2679=EDGE_CURVE('',#3176,#3117,#437,.T.);
#2680=EDGE_CURVE('',#3176,#3177,#438,.T.);
#2681=EDGE_CURVE('',#3177,#3112,#439,.T.);
#2682=EDGE_CURVE('',#3177,#3003,#440,.T.);
#2683=EDGE_CURVE('',#3178,#3004,#441,.T.);
#2684=EDGE_CURVE('',#3178,#3111,#442,.T.);
#2685=EDGE_CURVE('',#3179,#3178,#443,.T.);
#2686=EDGE_CURVE('',#3179,#3110,#444,.T.);
#2687=EDGE_CURVE('',#3179,#3007,#445,.T.);
#2688=EDGE_CURVE('',#2972,#3180,#446,.T.);
#2689=EDGE_CURVE('',#3180,#3109,#447,.T.);
#2690=EDGE_CURVE('',#3181,#3180,#448,.T.);
#2691=EDGE_CURVE('',#3181,#3108,#449,.T.);
#2692=EDGE_CURVE('',#2975,#3181,#450,.T.);
#2693=EDGE_CURVE('',#2976,#3182,#451,.T.);
#2694=EDGE_CURVE('',#3182,#3107,#452,.T.);
#2695=EDGE_CURVE('',#3183,#3182,#453,.T.);
#2696=EDGE_CURVE('',#3183,#3106,#454,.T.);
#2697=EDGE_CURVE('',#2979,#3183,#455,.T.);
#2698=EDGE_CURVE('',#2980,#3184,#456,.T.);
#2699=EDGE_CURVE('',#3184,#3105,#457,.T.);
#2700=EDGE_CURVE('',#3185,#3184,#458,.T.);
#2701=EDGE_CURVE('',#3185,#3104,#459,.T.);
#2702=EDGE_CURVE('',#2983,#3185,#460,.T.);
#2703=EDGE_CURVE('',#2984,#3186,#461,.T.);
#2704=EDGE_CURVE('',#3186,#3103,#462,.T.);
#2705=EDGE_CURVE('',#3187,#3186,#463,.T.);
#2706=EDGE_CURVE('',#3187,#3102,#464,.T.);
#2707=EDGE_CURVE('',#2987,#3187,#465,.T.);
#2708=EDGE_CURVE('',#2988,#3188,#466,.T.);
#2709=EDGE_CURVE('',#3188,#3101,#467,.T.);
#2710=EDGE_CURVE('',#3189,#3119,#468,.T.);
#2711=EDGE_CURVE('',#3190,#3189,#469,.T.);
#2712=EDGE_CURVE('',#3190,#3118,#470,.T.);
#2713=EDGE_CURVE('',#3190,#3191,#471,.T.);
#2714=EDGE_CURVE('',#3191,#3120,#472,.T.);
#2715=EDGE_CURVE('',#3191,#3192,#473,.T.);
#2716=EDGE_CURVE('',#3192,#3121,#474,.T.);
#2717=EDGE_CURVE('',#3192,#3193,#475,.T.);
#2718=EDGE_CURVE('',#3193,#3122,#476,.T.);
#2719=EDGE_CURVE('',#3194,#3193,#477,.T.);
#2720=EDGE_CURVE('',#3194,#3123,#478,.T.);
#2721=EDGE_CURVE('',#3195,#3194,#479,.T.);
#2722=EDGE_CURVE('',#3195,#3124,#480,.T.);
#2723=EDGE_CURVE('',#3196,#3195,#481,.T.);
#2724=EDGE_CURVE('',#3196,#3125,#482,.T.);
#2725=EDGE_CURVE('',#3189,#3196,#483,.T.);
#2726=EDGE_CURVE('',#3170,#3188,#484,.T.);
#2727=EDGE_CURVE('',#3197,#2834,#485,.T.);
#2728=EDGE_CURVE('',#3197,#3198,#486,.T.);
#2729=EDGE_CURVE('',#3198,#2836,#487,.T.);
#2730=EDGE_CURVE('',#3197,#3050,#3361,.T.);
#2731=EDGE_CURVE('',#3199,#2828,#488,.T.);
#2732=EDGE_CURVE('',#3049,#3199,#3362,.T.);
#2733=EDGE_CURVE('',#3200,#2833,#489,.T.);
#2734=EDGE_CURVE('',#3199,#3200,#490,.T.);
#2735=EDGE_CURVE('',#3139,#3200,#3363,.T.);
#2736=EDGE_CURVE('',#3198,#3138,#3364,.T.);
#2737=EDGE_CURVE('',#3201,#2950,#491,.T.);
#2738=EDGE_CURVE('',#3201,#3202,#492,.T.);
#2739=EDGE_CURVE('',#3202,#2952,#493,.T.);
#2740=EDGE_CURVE('',#3201,#3044,#3365,.T.);
#2741=EDGE_CURVE('',#3203,#2944,#494,.T.);
#2742=EDGE_CURVE('',#3043,#3203,#3366,.T.);
#2743=EDGE_CURVE('',#3204,#2949,#495,.T.);
#2744=EDGE_CURVE('',#3203,#3204,#496,.T.);
#2745=EDGE_CURVE('',#3133,#3204,#3367,.T.);
#2746=EDGE_CURVE('',#3202,#3132,#3368,.T.);
#2747=EDGE_CURVE('',#3205,#2936,#497,.T.);
#2748=EDGE_CURVE('',#3205,#3206,#498,.T.);
#2749=EDGE_CURVE('',#3206,#2938,#499,.T.);
#2750=EDGE_CURVE('',#3205,#3038,#3369,.T.);
#2751=EDGE_CURVE('',#3207,#2930,#500,.T.);
#2752=EDGE_CURVE('',#3037,#3207,#3370,.T.);
#2753=EDGE_CURVE('',#3208,#2935,#501,.T.);
#2754=EDGE_CURVE('',#3207,#3208,#502,.T.);
#2755=EDGE_CURVE('',#3127,#3208,#3371,.T.);
#2756=EDGE_CURVE('',#3206,#3126,#3372,.T.);
#2757=EDGE_CURVE('',#3209,#2906,#503,.T.);
#2758=EDGE_CURVE('',#3209,#3210,#504,.T.);
#2759=EDGE_CURVE('',#3210,#2907,#505,.T.);
#2760=EDGE_CURVE('',#3209,#3060,#3373,.T.);
#2761=EDGE_CURVE('',#3211,#2912,#506,.T.);
#2762=EDGE_CURVE('',#3059,#3211,#3374,.T.);
#2763=EDGE_CURVE('',#3212,#2919,#507,.T.);
#2764=EDGE_CURVE('',#3211,#3212,#508,.T.);
#2765=EDGE_CURVE('',#3000,#3212,#3375,.T.);
#2766=EDGE_CURVE('',#3210,#2999,#3376,.T.);
#2767=EDGE_CURVE('',#3213,#2920,#509,.T.);
#2768=EDGE_CURVE('',#3213,#3214,#510,.T.);
#2769=EDGE_CURVE('',#3214,#2922,#511,.T.);
#2770=EDGE_CURVE('',#3213,#3062,#3377,.T.);
#2771=EDGE_CURVE('',#3215,#2904,#512,.T.);
#2772=EDGE_CURVE('',#3061,#3215,#3378,.T.);
#2773=EDGE_CURVE('',#3216,#2910,#513,.T.);
#2774=EDGE_CURVE('',#3215,#3216,#514,.T.);
#2775=EDGE_CURVE('',#2997,#3216,#3379,.T.);
#2776=EDGE_CURVE('',#3214,#2998,#3380,.T.);
#2777=EDGE_CURVE('',#3217,#2890,#515,.T.);
#2778=EDGE_CURVE('',#3030,#3217,#3381,.T.);
#2779=EDGE_CURVE('',#3218,#2895,#516,.T.);
#2780=EDGE_CURVE('',#3218,#3217,#517,.T.);
#2781=EDGE_CURVE('',#2966,#3218,#3382,.T.);
#2782=EDGE_CURVE('',#3219,#2885,#518,.T.);
#2783=EDGE_CURVE('',#3219,#2965,#3383,.T.);
#2784=EDGE_CURVE('',#3220,#2884,#519,.T.);
#2785=EDGE_CURVE('',#3219,#3220,#520,.T.);
#2786=EDGE_CURVE('',#3220,#3031,#3384,.T.);
#2787=EDGE_CURVE('',#3221,#2896,#521,.T.);
#2788=EDGE_CURVE('',#3222,#3221,#522,.T.);
#2789=EDGE_CURVE('',#3222,#2898,#523,.T.);
#2790=EDGE_CURVE('',#3221,#3033,#3385,.T.);
#2791=EDGE_CURVE('',#3223,#2882,#524,.T.);
#2792=EDGE_CURVE('',#3032,#3223,#3386,.T.);
#2793=EDGE_CURVE('',#3224,#2888,#525,.T.);
#2794=EDGE_CURVE('',#3224,#3223,#526,.T.);
#2795=EDGE_CURVE('',#2964,#3224,#3387,.T.);
#2796=EDGE_CURVE('',#3222,#2963,#3388,.T.);
#2797=EDGE_CURVE('',#3225,#2874,#527,.T.);
#2798=EDGE_CURVE('',#3226,#3225,#528,.T.);
#2799=EDGE_CURVE('',#3226,#2876,#529,.T.);
#2800=EDGE_CURVE('',#3225,#3025,#3389,.T.);
#2801=EDGE_CURVE('',#3227,#2868,#530,.T.);
#2802=EDGE_CURVE('',#3024,#3227,#3390,.T.);
#2803=EDGE_CURVE('',#3228,#2873,#531,.T.);
#2804=EDGE_CURVE('',#3228,#3227,#532,.T.);
#2805=EDGE_CURVE('',#2957,#3228,#3391,.T.);
#2806=EDGE_CURVE('',#3226,#2958,#3392,.T.);
#2807=EDGE_CURVE('',#3229,#2858,#533,.T.);
#2808=EDGE_CURVE('',#3229,#3230,#534,.T.);
#2809=EDGE_CURVE('',#3230,#2860,#535,.T.);
#2810=EDGE_CURVE('',#3229,#3076,#3393,.T.);
#2811=EDGE_CURVE('',#3231,#2851,#536,.T.);
#2812=EDGE_CURVE('',#3075,#3231,#3394,.T.);
#2813=EDGE_CURVE('',#3232,#2857,#537,.T.);
#2814=EDGE_CURVE('',#3231,#3232,#538,.T.);
#2815=EDGE_CURVE('',#3016,#3232,#3395,.T.);
#2816=EDGE_CURVE('',#3230,#3015,#3396,.T.);
#2817=EDGE_CURVE('',#3233,#2853,#539,.T.);
#2818=EDGE_CURVE('',#3233,#3234,#540,.T.);
#2819=EDGE_CURVE('',#3234,#2854,#541,.T.);
#2820=EDGE_CURVE('',#3233,#3074,#3397,.T.);
#2821=EDGE_CURVE('',#3235,#2842,#542,.T.);
#2822=EDGE_CURVE('',#3073,#3235,#3398,.T.);
#2823=EDGE_CURVE('',#3236,#2849,#543,.T.);
#2824=EDGE_CURVE('',#3235,#3236,#544,.T.);
#2825=EDGE_CURVE('',#3009,#3236,#3399,.T.);
#2826=EDGE_CURVE('',#3234,#3008,#3400,.T.);
#2827=VERTEX_POINT('',#5814);
#2828=VERTEX_POINT('',#5815);
#2829=VERTEX_POINT('',#5817);
#2830=VERTEX_POINT('',#5819);
#2831=VERTEX_POINT('',#5821);
#2832=VERTEX_POINT('',#5823);
#2833=VERTEX_POINT('',#5825);
#2834=VERTEX_POINT('',#5829);
#2835=VERTEX_POINT('',#5830);
#2836=VERTEX_POINT('',#5832);
#2837=VERTEX_POINT('',#5834);
#2838=VERTEX_POINT('',#5836);
#2839=VERTEX_POINT('',#5838);
#2840=VERTEX_POINT('',#5840);
#2841=VERTEX_POINT('',#5844);
#2842=VERTEX_POINT('',#5845);
#2843=VERTEX_POINT('',#5847);
#2844=VERTEX_POINT('',#5849);
#2845=VERTEX_POINT('',#5851);
#2846=VERTEX_POINT('',#5853);
#2847=VERTEX_POINT('',#5855);
#2848=VERTEX_POINT('',#5857);
#2849=VERTEX_POINT('',#5859);
#2850=VERTEX_POINT('',#5863);
#2851=VERTEX_POINT('',#5864);
#2852=VERTEX_POINT('',#5866);
#2853=VERTEX_POINT('',#5868);
#2854=VERTEX_POINT('',#5870);
#2855=VERTEX_POINT('',#5872);
#2856=VERTEX_POINT('',#5874);
#2857=VERTEX_POINT('',#5876);
#2858=VERTEX_POINT('',#5880);
#2859=VERTEX_POINT('',#5881);
#2860=VERTEX_POINT('',#5883);
#2861=VERTEX_POINT('',#5885);
#2862=VERTEX_POINT('',#5887);
#2863=VERTEX_POINT('',#5889);
#2864=VERTEX_POINT('',#5891);
#2865=VERTEX_POINT('',#5893);
#2866=VERTEX_POINT('',#5895);
#2867=VERTEX_POINT('',#5899);
#2868=VERTEX_POINT('',#5900);
#2869=VERTEX_POINT('',#5902);
#2870=VERTEX_POINT('',#5904);
#2871=VERTEX_POINT('',#5906);
#2872=VERTEX_POINT('',#5908);
#2873=VERTEX_POINT('',#5910);
#2874=VERTEX_POINT('',#5914);
#2875=VERTEX_POINT('',#5915);
#2876=VERTEX_POINT('',#5917);
#2877=VERTEX_POINT('',#5919);
#2878=VERTEX_POINT('',#5921);
#2879=VERTEX_POINT('',#5923);
#2880=VERTEX_POINT('',#5925);
#2881=VERTEX_POINT('',#5929);
#2882=VERTEX_POINT('',#5930);
#2883=VERTEX_POINT('',#5932);
#2884=VERTEX_POINT('',#5934);
#2885=VERTEX_POINT('',#5936);
#2886=VERTEX_POINT('',#5938);
#2887=VERTEX_POINT('',#5940);
#2888=VERTEX_POINT('',#5942);
#2889=VERTEX_POINT('',#5946);
#2890=VERTEX_POINT('',#5947);
#2891=VERTEX_POINT('',#5949);
#2892=VERTEX_POINT('',#5951);
#2893=VERTEX_POINT('',#5953);
#2894=VERTEX_POINT('',#5955);
#2895=VERTEX_POINT('',#5957);
#2896=VERTEX_POINT('',#5961);
#2897=VERTEX_POINT('',#5962);
#2898=VERTEX_POINT('',#5964);
#2899=VERTEX_POINT('',#5966);
#2900=VERTEX_POINT('',#5968);
#2901=VERTEX_POINT('',#5970);
#2902=VERTEX_POINT('',#5972);
#2903=VERTEX_POINT('',#5976);
#2904=VERTEX_POINT('',#5977);
#2905=VERTEX_POINT('',#5979);
#2906=VERTEX_POINT('',#5981);
#2907=VERTEX_POINT('',#5983);
#2908=VERTEX_POINT('',#5985);
#2909=VERTEX_POINT('',#5987);
#2910=VERTEX_POINT('',#5989);
#2911=VERTEX_POINT('',#5993);
#2912=VERTEX_POINT('',#5994);
#2913=VERTEX_POINT('',#5996);
#2914=VERTEX_POINT('',#5998);
#2915=VERTEX_POINT('',#6000);
#2916=VERTEX_POINT('',#6002);
#2917=VERTEX_POINT('',#6004);
#2918=VERTEX_POINT('',#6006);
#2919=VERTEX_POINT('',#6008);
#2920=VERTEX_POINT('',#6012);
#2921=VERTEX_POINT('',#6013);
#2922=VERTEX_POINT('',#6015);
#2923=VERTEX_POINT('',#6017);
#2924=VERTEX_POINT('',#6019);
#2925=VERTEX_POINT('',#6021);
#2926=VERTEX_POINT('',#6023);
#2927=VERTEX_POINT('',#6025);
#2928=VERTEX_POINT('',#6027);
#2929=VERTEX_POINT('',#6031);
#2930=VERTEX_POINT('',#6032);
#2931=VERTEX_POINT('',#6034);
#2932=VERTEX_POINT('',#6036);
#2933=VERTEX_POINT('',#6038);
#2934=VERTEX_POINT('',#6040);
#2935=VERTEX_POINT('',#6042);
#2936=VERTEX_POINT('',#6046);
#2937=VERTEX_POINT('',#6047);
#2938=VERTEX_POINT('',#6049);
#2939=VERTEX_POINT('',#6051);
#2940=VERTEX_POINT('',#6053);
#2941=VERTEX_POINT('',#6055);
#2942=VERTEX_POINT('',#6057);
#2943=VERTEX_POINT('',#6061);
#2944=VERTEX_POINT('',#6062);
#2945=VERTEX_POINT('',#6064);
#2946=VERTEX_POINT('',#6066);
#2947=VERTEX_POINT('',#6068);
#2948=VERTEX_POINT('',#6070);
#2949=VERTEX_POINT('',#6072);
#2950=VERTEX_POINT('',#6076);
#2951=VERTEX_POINT('',#6077);
#2952=VERTEX_POINT('',#6079);
#2953=VERTEX_POINT('',#6081);
#2954=VERTEX_POINT('',#6083);
#2955=VERTEX_POINT('',#6085);
#2956=VERTEX_POINT('',#6087);
#2957=VERTEX_POINT('',#6091);
#2958=VERTEX_POINT('',#6092);
#2959=VERTEX_POINT('',#6100);
#2960=VERTEX_POINT('',#6102);
#2961=VERTEX_POINT('',#6104);
#2962=VERTEX_POINT('',#6106);
#2963=VERTEX_POINT('',#6115);
#2964=VERTEX_POINT('',#6117);
#2965=VERTEX_POINT('',#6120);
#2966=VERTEX_POINT('',#6122);
#2967=VERTEX_POINT('',#6130);
#2968=VERTEX_POINT('',#6132);
#2969=VERTEX_POINT('',#6134);
#2970=VERTEX_POINT('',#6136);
#2971=VERTEX_POINT('',#6145);
#2972=VERTEX_POINT('',#6147);
#2973=VERTEX_POINT('',#6149);
#2974=VERTEX_POINT('',#6151);
#2975=VERTEX_POINT('',#6153);
#2976=VERTEX_POINT('',#6155);
#2977=VERTEX_POINT('',#6157);
#2978=VERTEX_POINT('',#6159);
#2979=VERTEX_POINT('',#6161);
#2980=VERTEX_POINT('',#6163);
#2981=VERTEX_POINT('',#6165);
#2982=VERTEX_POINT('',#6167);
#2983=VERTEX_POINT('',#6169);
#2984=VERTEX_POINT('',#6171);
#2985=VERTEX_POINT('',#6173);
#2986=VERTEX_POINT('',#6175);
#2987=VERTEX_POINT('',#6177);
#2988=VERTEX_POINT('',#6179);
#2989=VERTEX_POINT('',#6181);
#2990=VERTEX_POINT('',#6183);
#2991=VERTEX_POINT('',#6185);
#2992=VERTEX_POINT('',#6187);
#2993=VERTEX_POINT('',#6195);
#2994=VERTEX_POINT('',#6197);
#2995=VERTEX_POINT('',#6199);
#2996=VERTEX_POINT('',#6201);
#2997=VERTEX_POINT('',#6212);
#2998=VERTEX_POINT('',#6213);
#2999=VERTEX_POINT('',#6216);
#3000=VERTEX_POINT('',#6218);
#3001=VERTEX_POINT('',#6221);
#3002=VERTEX_POINT('',#6223);
#3003=VERTEX_POINT('',#6225);
#3004=VERTEX_POINT('',#6227);
#3005=VERTEX_POINT('',#6229);
#3006=VERTEX_POINT('',#6231);
#3007=VERTEX_POINT('',#6233);
#3008=VERTEX_POINT('',#6238);
#3009=VERTEX_POINT('',#6239);
#3010=VERTEX_POINT('',#6242);
#3011=VERTEX_POINT('',#6244);
#3012=VERTEX_POINT('',#6246);
#3013=VERTEX_POINT('',#6248);
#3014=VERTEX_POINT('',#6250);
#3015=VERTEX_POINT('',#6253);
#3016=VERTEX_POINT('',#6255);
#3017=VERTEX_POINT('',#6260);
#3018=VERTEX_POINT('',#6261);
#3019=VERTEX_POINT('',#6264);
#3020=VERTEX_POINT('',#6268);
#3021=VERTEX_POINT('',#6270);
#3022=VERTEX_POINT('',#6272);
#3023=VERTEX_POINT('',#6274);
#3024=VERTEX_POINT('',#6277);
#3025=VERTEX_POINT('',#6279);
#3026=VERTEX_POINT('',#6283);
#3027=VERTEX_POINT('',#6285);
#3028=VERTEX_POINT('',#6287);
#3029=VERTEX_POINT('',#6289);
#3030=VERTEX_POINT('',#6292);
#3031=VERTEX_POINT('',#6294);
#3032=VERTEX_POINT('',#6297);
#3033=VERTEX_POINT('',#6299);
#3034=VERTEX_POINT('',#6303);
#3035=VERTEX_POINT('',#6305);
#3036=VERTEX_POINT('',#6307);
#3037=VERTEX_POINT('',#6311);
#3038=VERTEX_POINT('',#6313);
#3039=VERTEX_POINT('',#6316);
#3040=VERTEX_POINT('',#6318);
#3041=VERTEX_POINT('',#6320);
#3042=VERTEX_POINT('',#6322);
#3043=VERTEX_POINT('',#6326);
#3044=VERTEX_POINT('',#6328);
#3045=VERTEX_POINT('',#6331);
#3046=VERTEX_POINT('',#6333);
#3047=VERTEX_POINT('',#6335);
#3048=VERTEX_POINT('',#6337);
#3049=VERTEX_POINT('',#6341);
#3050=VERTEX_POINT('',#6343);
#3051=VERTEX_POINT('',#6346);
#3052=VERTEX_POINT('',#6348);
#3053=VERTEX_POINT('',#6350);
#3054=VERTEX_POINT('',#6352);
#3055=VERTEX_POINT('',#6356);
#3056=VERTEX_POINT('',#6358);
#3057=VERTEX_POINT('',#6360);
#3058=VERTEX_POINT('',#6364);
#3059=VERTEX_POINT('',#6366);
#3060=VERTEX_POINT('',#6368);
#3061=VERTEX_POINT('',#6371);
#3062=VERTEX_POINT('',#6373);
#3063=VERTEX_POINT('',#6378);
#3064=VERTEX_POINT('',#6379);
#3065=VERTEX_POINT('',#6384);
#3066=VERTEX_POINT('',#6385);
#3067=VERTEX_POINT('',#6387);
#3068=VERTEX_POINT('',#6389);
#3069=VERTEX_POINT('',#6393);
#3070=VERTEX_POINT('',#6395);
#3071=VERTEX_POINT('',#6399);
#3072=VERTEX_POINT('',#6401);
#3073=VERTEX_POINT('',#6409);
#3074=VERTEX_POINT('',#6411);
#3075=VERTEX_POINT('',#6414);
#3076=VERTEX_POINT('',#6416);
#3077=VERTEX_POINT('',#6420);
#3078=VERTEX_POINT('',#6422);
#3079=VERTEX_POINT('',#6424);
#3080=VERTEX_POINT('',#6427);
#3081=VERTEX_POINT('',#6429);
#3082=VERTEX_POINT('',#6432);
#3083=VERTEX_POINT('',#6434);
#3084=VERTEX_POINT('',#6437);
#3085=VERTEX_POINT('',#6439);
#3086=VERTEX_POINT('',#6442);
#3087=VERTEX_POINT('',#6444);
#3088=VERTEX_POINT('',#6447);
#3089=VERTEX_POINT('',#6449);
#3090=VERTEX_POINT('',#6452);
#3091=VERTEX_POINT('',#6455);
#3092=VERTEX_POINT('',#6457);
#3093=VERTEX_POINT('',#6459);
#3094=VERTEX_POINT('',#6461);
#3095=VERTEX_POINT('',#6463);
#3096=VERTEX_POINT('',#6465);
#3097=VERTEX_POINT('',#6467);
#3098=VERTEX_POINT('',#6470);
#3099=VERTEX_POINT('',#6472);
#3100=VERTEX_POINT('',#6475);
#3101=VERTEX_POINT('',#6477);
#3102=VERTEX_POINT('',#6480);
#3103=VERTEX_POINT('',#6482);
#3104=VERTEX_POINT('',#6485);
#3105=VERTEX_POINT('',#6487);
#3106=VERTEX_POINT('',#6490);
#3107=VERTEX_POINT('',#6492);
#3108=VERTEX_POINT('',#6495);
#3109=VERTEX_POINT('',#6497);
#3110=VERTEX_POINT('',#6500);
#3111=VERTEX_POINT('',#6502);
#3112=VERTEX_POINT('',#6505);
#3113=VERTEX_POINT('',#6507);
#3114=VERTEX_POINT('',#6509);
#3115=VERTEX_POINT('',#6511);
#3116=VERTEX_POINT('',#6513);
#3117=VERTEX_POINT('',#6515);
#3118=VERTEX_POINT('',#6518);
#3119=VERTEX_POINT('',#6519);
#3120=VERTEX_POINT('',#6521);
#3121=VERTEX_POINT('',#6523);
#3122=VERTEX_POINT('',#6525);
#3123=VERTEX_POINT('',#6527);
#3124=VERTEX_POINT('',#6529);
#3125=VERTEX_POINT('',#6531);
#3126=VERTEX_POINT('',#6535);
#3127=VERTEX_POINT('',#6536);
#3128=VERTEX_POINT('',#6544);
#3129=VERTEX_POINT('',#6546);
#3130=VERTEX_POINT('',#6548);
#3131=VERTEX_POINT('',#6550);
#3132=VERTEX_POINT('',#6559);
#3133=VERTEX_POINT('',#6561);
#3134=VERTEX_POINT('',#6569);
#3135=VERTEX_POINT('',#6571);
#3136=VERTEX_POINT('',#6573);
#3137=VERTEX_POINT('',#6575);
#3138=VERTEX_POINT('',#6584);
#3139=VERTEX_POINT('',#6586);
#3140=VERTEX_POINT('',#6594);
#3141=VERTEX_POINT('',#6596);
#3142=VERTEX_POINT('',#6598);
#3143=VERTEX_POINT('',#6600);
#3144=VERTEX_POINT('',#6609);
#3145=VERTEX_POINT('',#6617);
#3146=VERTEX_POINT('',#6619);
#3147=VERTEX_POINT('',#6621);
#3148=VERTEX_POINT('',#6623);
#3149=VERTEX_POINT('',#6636);
#3150=VERTEX_POINT('',#6639);
#3151=VERTEX_POINT('',#6645);
#3152=VERTEX_POINT('',#6652);
#3153=VERTEX_POINT('',#6656);
#3154=VERTEX_POINT('',#6663);
#3155=VERTEX_POINT('',#6668);
#3156=VERTEX_POINT('',#6672);
#3157=VERTEX_POINT('',#6679);
#3158=VERTEX_POINT('',#6684);
#3159=VERTEX_POINT('',#6688);
#3160=VERTEX_POINT('',#6695);
#3161=VERTEX_POINT('',#6700);
#3162=VERTEX_POINT('',#6704);
#3163=VERTEX_POINT('',#6711);
#3164=VERTEX_POINT('',#6716);
#3165=VERTEX_POINT('',#6720);
#3166=VERTEX_POINT('',#6727);
#3167=VERTEX_POINT('',#6732);
#3168=VERTEX_POINT('',#6736);
#3169=VERTEX_POINT('',#6743);
#3170=VERTEX_POINT('',#6795);
#3171=VERTEX_POINT('',#6799);
#3172=VERTEX_POINT('',#6803);
#3173=VERTEX_POINT('',#6809);
#3174=VERTEX_POINT('',#6813);
#3175=VERTEX_POINT('',#6817);
#3176=VERTEX_POINT('',#6821);
#3177=VERTEX_POINT('',#6825);
#3178=VERTEX_POINT('',#6831);
#3179=VERTEX_POINT('',#6835);
#3180=VERTEX_POINT('',#6841);
#3181=VERTEX_POINT('',#6845);
#3182=VERTEX_POINT('',#6851);
#3183=VERTEX_POINT('',#6855);
#3184=VERTEX_POINT('',#6861);
#3185=VERTEX_POINT('',#6865);
#3186=VERTEX_POINT('',#6871);
#3187=VERTEX_POINT('',#6875);
#3188=VERTEX_POINT('',#6881);
#3189=VERTEX_POINT('',#6885);
#3190=VERTEX_POINT('',#6887);
#3191=VERTEX_POINT('',#6891);
#3192=VERTEX_POINT('',#6895);
#3193=VERTEX_POINT('',#6899);
#3194=VERTEX_POINT('',#6903);
#3195=VERTEX_POINT('',#6907);
#3196=VERTEX_POINT('',#6911);
#3197=VERTEX_POINT('',#6920);
#3198=VERTEX_POINT('',#6922);
#3199=VERTEX_POINT('',#6928);
#3200=VERTEX_POINT('',#6932);
#3201=VERTEX_POINT('',#6941);
#3202=VERTEX_POINT('',#6943);
#3203=VERTEX_POINT('',#6949);
#3204=VERTEX_POINT('',#6953);
#3205=VERTEX_POINT('',#6962);
#3206=VERTEX_POINT('',#6964);
#3207=VERTEX_POINT('',#6970);
#3208=VERTEX_POINT('',#6974);
#3209=VERTEX_POINT('',#6983);
#3210=VERTEX_POINT('',#6985);
#3211=VERTEX_POINT('',#6991);
#3212=VERTEX_POINT('',#6995);
#3213=VERTEX_POINT('',#7004);
#3214=VERTEX_POINT('',#7006);
#3215=VERTEX_POINT('',#7012);
#3216=VERTEX_POINT('',#7016);
#3217=VERTEX_POINT('',#7025);
#3218=VERTEX_POINT('',#7029);
#3219=VERTEX_POINT('',#7035);
#3220=VERTEX_POINT('',#7039);
#3221=VERTEX_POINT('',#7046);
#3222=VERTEX_POINT('',#7048);
#3223=VERTEX_POINT('',#7054);
#3224=VERTEX_POINT('',#7058);
#3225=VERTEX_POINT('',#7067);
#3226=VERTEX_POINT('',#7069);
#3227=VERTEX_POINT('',#7075);
#3228=VERTEX_POINT('',#7079);
#3229=VERTEX_POINT('',#7088);
#3230=VERTEX_POINT('',#7090);
#3231=VERTEX_POINT('',#7096);
#3232=VERTEX_POINT('',#7100);
#3233=VERTEX_POINT('',#7109);
#3234=VERTEX_POINT('',#7111);
#3235=VERTEX_POINT('',#7117);
#3236=VERTEX_POINT('',#7121);
#3237=CIRCLE('',#4239,0.001);
#3238=CIRCLE('',#4240,0.004);
#3239=CIRCLE('',#4241,0.00149999999999997);
#3240=CIRCLE('',#4243,0.001);
#3241=CIRCLE('',#4244,0.00150000000000003);
#3242=CIRCLE('',#4245,0.004);
#3243=CIRCLE('',#4247,0.001);
#3244=CIRCLE('',#4248,0.004);
#3245=CIRCLE('',#4249,0.00149999999999998);
#3246=CIRCLE('',#4251,0.001);
#3247=CIRCLE('',#4252,0.001);
#3248=CIRCLE('',#4253,0.00149999999999994);
#3249=CIRCLE('',#4254,0.00149999999999996);
#3250=CIRCLE('',#4256,0.001);
#3251=CIRCLE('',#4257,0.00149999999999996);
#3252=CIRCLE('',#4258,0.004);
#3253=CIRCLE('',#4260,0.001);
#3254=CIRCLE('',#4261,0.004);
#3255=CIRCLE('',#4262,0.0015);
#3256=CIRCLE('',#4264,0.001);
#3257=CIRCLE('',#4265,0.0015);
#3258=CIRCLE('',#4266,0.004);
#3259=CIRCLE('',#4268,0.001);
#3260=CIRCLE('',#4269,0.001);
#3261=CIRCLE('',#4270,0.00150000000000003);
#3262=CIRCLE('',#4271,0.0015);
#3263=CIRCLE('',#4273,0.001);
#3264=CIRCLE('',#4274,0.004);
#3265=CIRCLE('',#4275,0.0015);
#3266=CIRCLE('',#4277,0.001);
#3267=CIRCLE('',#4278,0.0015);
#3268=CIRCLE('',#4279,0.004);
#3269=CIRCLE('',#4281,0.001);
#3270=CIRCLE('',#4282,0.001);
#3271=CIRCLE('',#4283,0.00149999999999998);
#3272=CIRCLE('',#4284,0.00149999999999998);
#3273=CIRCLE('',#4286,0.00100000000000002);
#3274=CIRCLE('',#4287,0.004);
#3275=CIRCLE('',#4288,0.00149999999999997);
#3276=CIRCLE('',#4290,0.00100000000000003);
#3277=CIRCLE('',#4291,0.00149999999999996);
#3278=CIRCLE('',#4292,0.004);
#3279=CIRCLE('',#4294,0.00100000000000003);
#3280=CIRCLE('',#4295,0.004);
#3281=CIRCLE('',#4296,0.0015);
#3282=CIRCLE('',#4298,0.001);
#3283=CIRCLE('',#4299,0.0015);
#3284=CIRCLE('',#4300,0.004);
#3285=CIRCLE('',#4302,0.001);
#3286=CIRCLE('',#4303,0.004);
#3287=CIRCLE('',#4304,0.0015);
#3288=CIRCLE('',#4306,0.001);
#3289=CIRCLE('',#4307,0.0015);
#3290=CIRCLE('',#4308,0.004);
#3291=CIRCLE('',#4313,0.001);
#3292=CIRCLE('',#4315,0.001);
#3293=CIRCLE('',#4316,0.001);
#3294=CIRCLE('',#4318,0.001);
#3295=CIRCLE('',#4319,0.001);
#3296=CIRCLE('',#4321,0.001);
#3297=CIRCLE('',#4323,0.001);
#3298=CIRCLE('',#4324,0.001);
#3299=CIRCLE('',#4326,0.001);
#3300=CIRCLE('',#4327,0.001);
#3301=CIRCLE('',#4329,0.001);
#3302=CIRCLE('',#4330,0.001);
#3303=CIRCLE('',#4332,0.001);
#3304=CIRCLE('',#4335,0.001);
#3305=CIRCLE('',#4342,0.003);
#3306=CIRCLE('',#4343,0.003);
#3307=CIRCLE('',#4344,0.003);
#3308=CIRCLE('',#4345,0.003);
#3309=CIRCLE('',#4346,0.003);
#3310=CIRCLE('',#4347,0.003);
#3311=CIRCLE('',#4348,0.003);
#3312=CIRCLE('',#4349,0.0016);
#3313=CIRCLE('',#4350,0.0016);
#3314=CIRCLE('',#4351,0.0016);
#3315=CIRCLE('',#4352,0.0016);
#3316=CIRCLE('',#4353,0.0016);
#3317=CIRCLE('',#4354,0.0016);
#3318=CIRCLE('',#4355,0.0016);
#3319=CIRCLE('',#4359,0.003);
#3320=CIRCLE('',#4361,0.003);
#3321=CIRCLE('',#4362,0.003);
#3322=CIRCLE('',#4365,0.0016);
#3323=CIRCLE('',#4368,0.003);
#3324=CIRCLE('',#4371,0.003);
#3325=CIRCLE('',#4372,0.003);
#3326=CIRCLE('',#4375,0.0016);
#3327=CIRCLE('',#4377,0.003);
#3328=CIRCLE('',#4380,0.003);
#3329=CIRCLE('',#4381,0.003);
#3330=CIRCLE('',#4384,0.0016);
#3331=CIRCLE('',#4386,0.003);
#3332=CIRCLE('',#4389,0.003);
#3333=CIRCLE('',#4390,0.003);
#3334=CIRCLE('',#4393,0.0016);
#3335=CIRCLE('',#4395,0.003);
#3336=CIRCLE('',#4398,0.003);
#3337=CIRCLE('',#4399,0.003);
#3338=CIRCLE('',#4402,0.0016);
#3339=CIRCLE('',#4404,0.003);
#3340=CIRCLE('',#4407,0.003);
#3341=CIRCLE('',#4408,0.003);
#3342=CIRCLE('',#4411,0.0016);
#3343=CIRCLE('',#4413,0.003);
#3344=CIRCLE('',#4416,0.003);
#3345=CIRCLE('',#4417,0.003);
#3346=CIRCLE('',#4420,0.0016);
#3347=CIRCLE('',#4429,0.001);
#3348=CIRCLE('',#4432,0.001);
#3349=CIRCLE('',#4435,0.001);
#3350=CIRCLE('',#4438,0.001);
#3351=CIRCLE('',#4441,0.001);
#3352=CIRCLE('',#4444,0.001);
#3353=CIRCLE('',#4447,0.001);
#3354=CIRCLE('',#4450,0.001);
#3355=CIRCLE('',#4453,0.001);
#3356=CIRCLE('',#4456,0.001);
#3357=CIRCLE('',#4459,0.001);
#3358=CIRCLE('',#4462,0.001);
#3359=CIRCLE('',#4465,0.001);
#3360=CIRCLE('',#4468,0.001);
#3361=CIRCLE('',#4508,0.001);
#3362=CIRCLE('',#4510,0.001);
#3363=CIRCLE('',#4513,0.00149999999999997);
#3364=CIRCLE('',#4515,0.00150000000000003);
#3365=CIRCLE('',#4519,0.001);
#3366=CIRCLE('',#4521,0.001);
#3367=CIRCLE('',#4524,0.0015);
#3368=CIRCLE('',#4526,0.0015);
#3369=CIRCLE('',#4530,0.001);
#3370=CIRCLE('',#4532,0.00100000000000003);
#3371=CIRCLE('',#4535,0.0015);
#3372=CIRCLE('',#4537,0.0015);
#3373=CIRCLE('',#4541,0.001);
#3374=CIRCLE('',#4543,0.00100000000000002);
#3375=CIRCLE('',#4546,0.00149999999999997);
#3376=CIRCLE('',#4548,0.00149999999999998);
#3377=CIRCLE('',#4552,0.00100000000000003);
#3378=CIRCLE('',#4554,0.001);
#3379=CIRCLE('',#4557,0.00149999999999998);
#3380=CIRCLE('',#4559,0.00149999999999996);
#3381=CIRCLE('',#4562,0.001);
#3382=CIRCLE('',#4565,0.0015);
#3383=CIRCLE('',#4567,0.00150000000000003);
#3384=CIRCLE('',#4570,0.001);
#3385=CIRCLE('',#4574,0.001);
#3386=CIRCLE('',#4576,0.001);
#3387=CIRCLE('',#4579,0.0015);
#3388=CIRCLE('',#4581,0.0015);
#3389=CIRCLE('',#4585,0.001);
#3390=CIRCLE('',#4587,0.001);
#3391=CIRCLE('',#4590,0.0015);
#3392=CIRCLE('',#4592,0.0015);
#3393=CIRCLE('',#4596,0.001);
#3394=CIRCLE('',#4598,0.001);
#3395=CIRCLE('',#4601,0.00149999999999996);
#3396=CIRCLE('',#4603,0.00149999999999996);
#3397=CIRCLE('',#4607,0.001);
#3398=CIRCLE('',#4609,0.001);
#3399=CIRCLE('',#4612,0.00149999999999998);
#3400=CIRCLE('',#4614,0.00149999999999994);
#3401=EDGE_LOOP('',(#982,#983,#984,#985,#986,#987,#988));
#3402=EDGE_LOOP('',(#989,#990,#991,#992,#993,#994,#995));
#3403=EDGE_LOOP('',(#996,#997,#998,#999,#1000,#1001,#1002,#1003,#1004));
#3404=EDGE_LOOP('',(#1005,#1006,#1007,#1008,#1009,#1010,#1011,#1012));
#3405=EDGE_LOOP('',(#1013,#1014,#1015,#1016,#1017,#1018,#1019,#1020,#1021));
#3406=EDGE_LOOP('',(#1022,#1023,#1024,#1025,#1026,#1027,#1028));
#3407=EDGE_LOOP('',(#1029,#1030,#1031,#1032,#1033,#1034,#1035));
#3408=EDGE_LOOP('',(#1036,#1037,#1038,#1039,#1040,#1041,#1042,#1043));
#3409=EDGE_LOOP('',(#1044,#1045,#1046,#1047,#1048,#1049,#1050));
#3410=EDGE_LOOP('',(#1051,#1052,#1053,#1054,#1055,#1056,#1057));
#3411=EDGE_LOOP('',(#1058,#1059,#1060,#1061,#1062,#1063,#1064,#1065));
#3412=EDGE_LOOP('',(#1066,#1067,#1068,#1069,#1070,#1071,#1072,#1073,#1074));
#3413=EDGE_LOOP('',(#1075,#1076,#1077,#1078,#1079,#1080,#1081,#1082,#1083));
#3414=EDGE_LOOP('',(#1084,#1085,#1086,#1087,#1088,#1089,#1090));
#3415=EDGE_LOOP('',(#1091,#1092,#1093,#1094,#1095,#1096,#1097));
#3416=EDGE_LOOP('',(#1098,#1099,#1100,#1101,#1102,#1103,#1104));
#3417=EDGE_LOOP('',(#1105,#1106,#1107,#1108,#1109,#1110,#1111));
#3418=EDGE_LOOP('',(#1112,#1113,#1114,#1115,#1116,#1117,#1118,#1119,#1120,
#1121,#1122,#1123,#1124,#1125,#1126,#1127,#1128,#1129,#1130,#1131,#1132,
#1133,#1134,#1135,#1136,#1137,#1138,#1139,#1140,#1141,#1142,#1143,#1144,
#1145,#1146,#1147,#1148,#1149,#1150,#1151,#1152,#1153,#1154,#1155,#1156,
#1157,#1158,#1159,#1160,#1161,#1162,#1163,#1164,#1165));
#3419=EDGE_LOOP('',(#1166,#1167,#1168,#1169,#1170,#1171,#1172,#1173,#1174,
#1175,#1176,#1177,#1178,#1179,#1180,#1181,#1182,#1183));
#3420=EDGE_LOOP('',(#1184,#1185,#1186,#1187,#1188,#1189,#1190,#1191,#1192,
#1193,#1194,#1195,#1196,#1197,#1198,#1199));
#3421=EDGE_LOOP('',(#1200,#1201,#1202,#1203,#1204));
#3422=EDGE_LOOP('',(#1205,#1206,#1207,#1208,#1209,#1210,#1211,#1212,#1213,
#1214));
#3423=EDGE_LOOP('',(#1215,#1216,#1217,#1218,#1219,#1220,#1221,#1222,#1223,
#1224,#1225,#1226,#1227,#1228));
#3424=EDGE_LOOP('',(#1229,#1230,#1231,#1232,#1233));
#3425=EDGE_LOOP('',(#1234,#1235,#1236,#1237,#1238,#1239,#1240,#1241,#1242,
#1243));
#3426=EDGE_LOOP('',(#1244,#1245,#1246,#1247,#1248,#1249,#1250,#1251,#1252,
#1253));
#3427=EDGE_LOOP('',(#1254,#1255,#1256,#1257,#1258,#1259,#1260,#1261,#1262,
#1263));
#3428=EDGE_LOOP('',(#1264,#1265,#1266,#1267,#1268));
#3429=EDGE_LOOP('',(#1269,#1270,#1271,#1272,#1273,#1274,#1275,#1276,#1277,
#1278,#1279,#1280));
#3430=EDGE_LOOP('',(#1281,#1282,#1283,#1284,#1285));
#3431=EDGE_LOOP('',(#1286,#1287,#1288,#1289));
#3432=EDGE_LOOP('',(#1290,#1291,#1292,#1293));
#3433=EDGE_LOOP('',(#1294,#1295,#1296,#1297));
#3434=EDGE_LOOP('',(#1298,#1299,#1300,#1301));
#3435=EDGE_LOOP('',(#1302,#1303,#1304,#1305,#1306,#1307,#1308,#1309,#1310,
#1311,#1312,#1313));
#3436=EDGE_LOOP('',(#1314,#1315,#1316,#1317,#1318,#1319,#1320,#1321,#1322,
#1323,#1324,#1325,#1326,#1327,#1328,#1329,#1330,#1331,#1332,#1333,#1334,
#1335,#1336,#1337,#1338,#1339,#1340,#1341,#1342,#1343,#1344,#1345));
#3437=EDGE_LOOP('',(#1346));
#3438=EDGE_LOOP('',(#1347,#1348,#1349,#1350));
#3439=EDGE_LOOP('',(#1351));
#3440=EDGE_LOOP('',(#1352));
#3441=EDGE_LOOP('',(#1353));
#3442=EDGE_LOOP('',(#1354));
#3443=EDGE_LOOP('',(#1355));
#3444=EDGE_LOOP('',(#1356));
#3445=EDGE_LOOP('',(#1357,#1358,#1359,#1360));
#3446=EDGE_LOOP('',(#1361,#1362,#1363,#1364));
#3447=EDGE_LOOP('',(#1365,#1366,#1367,#1368));
#3448=EDGE_LOOP('',(#1369,#1370,#1371,#1372));
#3449=EDGE_LOOP('',(#1373,#1374,#1375,#1376));
#3450=EDGE_LOOP('',(#1377,#1378,#1379,#1380));
#3451=EDGE_LOOP('',(#1381,#1382,#1383,#1384));
#3452=EDGE_LOOP('',(#1385,#1386,#1387,#1388,#1389,#1390,#1391,#1392));
#3453=EDGE_LOOP('',(#1393,#1394,#1395,#1396));
#3454=EDGE_LOOP('',(#1397,#1398,#1399,#1400,#1401,#1402,#1403,#1404));
#3455=EDGE_LOOP('',(#1405,#1406,#1407,#1408,#1409,#1410,#1411,#1412,#1413,
#1414,#1415,#1416,#1417,#1418,#1419,#1420,#1421,#1422,#1423,#1424,#1425,
#1426,#1427,#1428,#1429,#1430,#1431,#1432,#1433,#1434,#1435,#1436,#1437,
#1438,#1439,#1440,#1441,#1442,#1443,#1444,#1445,#1446));
#3456=EDGE_LOOP('',(#1447,#1448));
#3457=EDGE_LOOP('',(#1449,#1450,#1451,#1452,#1453,#1454,#1455,#1456));
#3458=EDGE_LOOP('',(#1457,#1458,#1459,#1460));
#3459=EDGE_LOOP('',(#1461));
#3460=EDGE_LOOP('',(#1462));
#3461=EDGE_LOOP('',(#1463,#1464,#1465,#1466));
#3462=EDGE_LOOP('',(#1467,#1468));
#3463=EDGE_LOOP('',(#1469,#1470,#1471,#1472));
#3464=EDGE_LOOP('',(#1473,#1474,#1475,#1476,#1477,#1478,#1479,#1480));
#3465=EDGE_LOOP('',(#1481,#1482,#1483,#1484));
#3466=EDGE_LOOP('',(#1485));
#3467=EDGE_LOOP('',(#1486));
#3468=EDGE_LOOP('',(#1487,#1488));
#3469=EDGE_LOOP('',(#1489,#1490,#1491,#1492));
#3470=EDGE_LOOP('',(#1493,#1494,#1495,#1496,#1497,#1498,#1499,#1500));
#3471=EDGE_LOOP('',(#1501,#1502,#1503,#1504));
#3472=EDGE_LOOP('',(#1505));
#3473=EDGE_LOOP('',(#1506));
#3474=EDGE_LOOP('',(#1507,#1508));
#3475=EDGE_LOOP('',(#1509,#1510,#1511,#1512));
#3476=EDGE_LOOP('',(#1513,#1514,#1515,#1516,#1517,#1518,#1519,#1520));
#3477=EDGE_LOOP('',(#1521,#1522,#1523,#1524));
#3478=EDGE_LOOP('',(#1525));
#3479=EDGE_LOOP('',(#1526));
#3480=EDGE_LOOP('',(#1527,#1528));
#3481=EDGE_LOOP('',(#1529,#1530,#1531,#1532));
#3482=EDGE_LOOP('',(#1533,#1534,#1535,#1536,#1537,#1538,#1539,#1540));
#3483=EDGE_LOOP('',(#1541,#1542,#1543,#1544));
#3484=EDGE_LOOP('',(#1545));
#3485=EDGE_LOOP('',(#1546));
#3486=EDGE_LOOP('',(#1547,#1548));
#3487=EDGE_LOOP('',(#1549,#1550,#1551,#1552));
#3488=EDGE_LOOP('',(#1553,#1554,#1555,#1556,#1557,#1558,#1559,#1560));
#3489=EDGE_LOOP('',(#1561,#1562,#1563,#1564));
#3490=EDGE_LOOP('',(#1565));
#3491=EDGE_LOOP('',(#1566));
#3492=EDGE_LOOP('',(#1567,#1568));
#3493=EDGE_LOOP('',(#1569,#1570,#1571,#1572));
#3494=EDGE_LOOP('',(#1573,#1574,#1575,#1576,#1577,#1578,#1579,#1580));
#3495=EDGE_LOOP('',(#1581,#1582,#1583,#1584));
#3496=EDGE_LOOP('',(#1585));
#3497=EDGE_LOOP('',(#1586));
#3498=EDGE_LOOP('',(#1587));
#3499=EDGE_LOOP('',(#1588));
#3500=EDGE_LOOP('',(#1589));
#3501=EDGE_LOOP('',(#1590));
#3502=EDGE_LOOP('',(#1591));
#3503=EDGE_LOOP('',(#1592));
#3504=EDGE_LOOP('',(#1593));
#3505=EDGE_LOOP('',(#1594,#1595,#1596,#1597));
#3506=EDGE_LOOP('',(#1598,#1599,#1600,#1601));
#3507=EDGE_LOOP('',(#1602,#1603,#1604,#1605));
#3508=EDGE_LOOP('',(#1606,#1607,#1608,#1609));
#3509=EDGE_LOOP('',(#1610,#1611,#1612,#1613));
#3510=EDGE_LOOP('',(#1614,#1615,#1616,#1617));
#3511=EDGE_LOOP('',(#1618,#1619,#1620,#1621));
#3512=EDGE_LOOP('',(#1622,#1623,#1624,#1625));
#3513=EDGE_LOOP('',(#1626,#1627,#1628,#1629));
#3514=EDGE_LOOP('',(#1630,#1631,#1632,#1633));
#3515=EDGE_LOOP('',(#1634,#1635,#1636,#1637));
#3516=EDGE_LOOP('',(#1638,#1639,#1640,#1641));
#3517=EDGE_LOOP('',(#1642,#1643,#1644,#1645));
#3518=EDGE_LOOP('',(#1646,#1647,#1648,#1649));
#3519=EDGE_LOOP('',(#1650,#1651,#1652,#1653));
#3520=EDGE_LOOP('',(#1654,#1655,#1656,#1657));
#3521=EDGE_LOOP('',(#1658,#1659,#1660,#1661));
#3522=EDGE_LOOP('',(#1662,#1663,#1664,#1665));
#3523=EDGE_LOOP('',(#1666,#1667,#1668,#1669));
#3524=EDGE_LOOP('',(#1670,#1671,#1672,#1673));
#3525=EDGE_LOOP('',(#1674,#1675,#1676,#1677));
#3526=EDGE_LOOP('',(#1678,#1679,#1680,#1681));
#3527=EDGE_LOOP('',(#1682,#1683,#1684,#1685));
#3528=EDGE_LOOP('',(#1686,#1687,#1688,#1689));
#3529=EDGE_LOOP('',(#1690,#1691,#1692,#1693));
#3530=EDGE_LOOP('',(#1694,#1695,#1696,#1697));
#3531=EDGE_LOOP('',(#1698,#1699,#1700,#1701));
#3532=EDGE_LOOP('',(#1702,#1703,#1704,#1705));
#3533=EDGE_LOOP('',(#1706,#1707,#1708,#1709));
#3534=EDGE_LOOP('',(#1710,#1711,#1712,#1713));
#3535=EDGE_LOOP('',(#1714,#1715,#1716,#1717));
#3536=EDGE_LOOP('',(#1718,#1719,#1720,#1721));
#3537=EDGE_LOOP('',(#1722,#1723,#1724,#1725));
#3538=EDGE_LOOP('',(#1726,#1727,#1728,#1729));
#3539=EDGE_LOOP('',(#1730,#1731,#1732,#1733));
#3540=EDGE_LOOP('',(#1734,#1735,#1736,#1737));
#3541=EDGE_LOOP('',(#1738,#1739,#1740,#1741));
#3542=EDGE_LOOP('',(#1742,#1743,#1744,#1745));
#3543=EDGE_LOOP('',(#1746,#1747,#1748,#1749));
#3544=EDGE_LOOP('',(#1750,#1751,#1752,#1753));
#3545=EDGE_LOOP('',(#1754,#1755,#1756,#1757));
#3546=EDGE_LOOP('',(#1758,#1759,#1760,#1761));
#3547=EDGE_LOOP('',(#1762,#1763,#1764,#1765));
#3548=EDGE_LOOP('',(#1766,#1767,#1768,#1769));
#3549=EDGE_LOOP('',(#1770,#1771,#1772,#1773));
#3550=EDGE_LOOP('',(#1774,#1775,#1776,#1777));
#3551=EDGE_LOOP('',(#1778,#1779,#1780,#1781));
#3552=EDGE_LOOP('',(#1782,#1783,#1784,#1785));
#3553=EDGE_LOOP('',(#1786,#1787,#1788,#1789));
#3554=EDGE_LOOP('',(#1790,#1791,#1792,#1793));
#3555=EDGE_LOOP('',(#1794,#1795,#1796,#1797));
#3556=EDGE_LOOP('',(#1798,#1799,#1800,#1801));
#3557=EDGE_LOOP('',(#1802,#1803,#1804,#1805));
#3558=EDGE_LOOP('',(#1806,#1807,#1808,#1809));
#3559=EDGE_LOOP('',(#1810,#1811,#1812,#1813));
#3560=EDGE_LOOP('',(#1814,#1815,#1816,#1817));
#3561=EDGE_LOOP('',(#1818,#1819,#1820,#1821));
#3562=EDGE_LOOP('',(#1822,#1823,#1824,#1825));
#3563=EDGE_LOOP('',(#1826,#1827,#1828,#1829));
#3564=EDGE_LOOP('',(#1830,#1831,#1832,#1833));
#3565=EDGE_LOOP('',(#1834,#1835,#1836,#1837));
#3566=EDGE_LOOP('',(#1838,#1839,#1840,#1841));
#3567=EDGE_LOOP('',(#1842,#1843,#1844,#1845));
#3568=EDGE_LOOP('',(#1846,#1847,#1848,#1849,#1850,#1851,#1852,#1853));
#3569=EDGE_LOOP('',(#1854,#1855,#1856,#1857,#1858,#1859,#1860,#1861,#1862,
#1863,#1864,#1865,#1866,#1867,#1868,#1869,#1870,#1871,#1872,#1873,#1874,
#1875,#1876,#1877,#1878,#1879,#1880,#1881,#1882,#1883,#1884,#1885,#1886,
#1887,#1888,#1889,#1890,#1891));
#3570=EDGE_LOOP('',(#1892,#1893,#1894,#1895));
#3571=EDGE_LOOP('',(#1896,#1897,#1898,#1899));
#3572=EDGE_LOOP('',(#1900,#1901,#1902,#1903));
#3573=EDGE_LOOP('',(#1904,#1905,#1906,#1907));
#3574=EDGE_LOOP('',(#1908,#1909,#1910,#1911));
#3575=EDGE_LOOP('',(#1912,#1913,#1914,#1915));
#3576=EDGE_LOOP('',(#1916,#1917,#1918,#1919,#1920,#1921,#1922,#1923));
#3577=EDGE_LOOP('',(#1924,#1925,#1926,#1927));
#3578=EDGE_LOOP('',(#1928,#1929,#1930,#1931));
#3579=EDGE_LOOP('',(#1932,#1933,#1934,#1935));
#3580=EDGE_LOOP('',(#1936,#1937,#1938,#1939));
#3581=EDGE_LOOP('',(#1940,#1941,#1942,#1943));
#3582=EDGE_LOOP('',(#1944,#1945,#1946,#1947));
#3583=EDGE_LOOP('',(#1948,#1949,#1950,#1951,#1952,#1953,#1954,#1955));
#3584=EDGE_LOOP('',(#1956,#1957,#1958,#1959));
#3585=EDGE_LOOP('',(#1960,#1961,#1962,#1963));
#3586=EDGE_LOOP('',(#1964,#1965,#1966,#1967));
#3587=EDGE_LOOP('',(#1968,#1969,#1970,#1971));
#3588=EDGE_LOOP('',(#1972,#1973,#1974,#1975));
#3589=EDGE_LOOP('',(#1976,#1977,#1978,#1979));
#3590=EDGE_LOOP('',(#1980,#1981,#1982,#1983,#1984,#1985,#1986,#1987));
#3591=EDGE_LOOP('',(#1988,#1989,#1990,#1991));
#3592=EDGE_LOOP('',(#1992,#1993,#1994,#1995));
#3593=EDGE_LOOP('',(#1996,#1997,#1998,#1999));
#3594=EDGE_LOOP('',(#2000,#2001,#2002,#2003));
#3595=EDGE_LOOP('',(#2004,#2005,#2006,#2007));
#3596=EDGE_LOOP('',(#2008,#2009,#2010,#2011));
#3597=EDGE_LOOP('',(#2012,#2013,#2014,#2015,#2016,#2017,#2018,#2019));
#3598=EDGE_LOOP('',(#2020,#2021,#2022,#2023));
#3599=EDGE_LOOP('',(#2024,#2025,#2026,#2027));
#3600=EDGE_LOOP('',(#2028,#2029,#2030,#2031));
#3601=EDGE_LOOP('',(#2032,#2033,#2034,#2035));
#3602=EDGE_LOOP('',(#2036,#2037,#2038,#2039));
#3603=EDGE_LOOP('',(#2040,#2041,#2042,#2043));
#3604=EDGE_LOOP('',(#2044,#2045,#2046,#2047,#2048,#2049,#2050,#2051));
#3605=EDGE_LOOP('',(#2052,#2053,#2054,#2055));
#3606=EDGE_LOOP('',(#2056,#2057,#2058,#2059));
#3607=EDGE_LOOP('',(#2060,#2061,#2062,#2063));
#3608=EDGE_LOOP('',(#2064,#2065,#2066,#2067));
#3609=EDGE_LOOP('',(#2068,#2069,#2070,#2071));
#3610=EDGE_LOOP('',(#2072,#2073,#2074,#2075));
#3611=EDGE_LOOP('',(#2076,#2077,#2078,#2079,#2080,#2081,#2082,#2083));
#3612=EDGE_LOOP('',(#2084,#2085,#2086,#2087));
#3613=EDGE_LOOP('',(#2088,#2089,#2090,#2091));
#3614=EDGE_LOOP('',(#2092,#2093,#2094,#2095));
#3615=EDGE_LOOP('',(#2096,#2097,#2098,#2099));
#3616=EDGE_LOOP('',(#2100,#2101,#2102,#2103));
#3617=EDGE_LOOP('',(#2104,#2105,#2106,#2107));
#3618=EDGE_LOOP('',(#2108,#2109,#2110,#2111,#2112,#2113,#2114,#2115));
#3619=EDGE_LOOP('',(#2116,#2117,#2118,#2119));
#3620=EDGE_LOOP('',(#2120,#2121,#2122,#2123));
#3621=EDGE_LOOP('',(#2124,#2125,#2126,#2127));
#3622=EDGE_LOOP('',(#2128,#2129,#2130,#2131));
#3623=EDGE_LOOP('',(#2132,#2133,#2134,#2135));
#3624=EDGE_LOOP('',(#2136,#2137,#2138,#2139));
#3625=EDGE_LOOP('',(#2140,#2141,#2142,#2143,#2144,#2145,#2146,#2147));
#3626=EDGE_LOOP('',(#2148,#2149,#2150,#2151));
#3627=EDGE_LOOP('',(#2152,#2153,#2154,#2155));
#3628=EDGE_LOOP('',(#2156,#2157,#2158,#2159));
#3629=EDGE_LOOP('',(#2160,#2161,#2162,#2163));
#3630=EDGE_LOOP('',(#2164,#2165,#2166,#2167));
#3631=EDGE_LOOP('',(#2168,#2169,#2170,#2171));
#3632=EDGE_LOOP('',(#2172,#2173,#2174,#2175,#2176,#2177,#2178,#2179));
#3633=EDGE_LOOP('',(#2180,#2181,#2182,#2183));
#3634=EDGE_LOOP('',(#2184,#2185,#2186,#2187));
#3635=EDGE_LOOP('',(#2188,#2189,#2190,#2191));
#3636=EDGE_LOOP('',(#2192,#2193,#2194,#2195));
#3637=EDGE_LOOP('',(#2196,#2197,#2198,#2199));
#3638=EDGE_LOOP('',(#2200,#2201,#2202,#2203));
#3639=EDGE_LOOP('',(#2204,#2205,#2206,#2207,#2208,#2209,#2210,#2211));
#3640=FACE_BOUND('',#3401,.T.);
#3641=FACE_BOUND('',#3402,.T.);
#3642=FACE_BOUND('',#3403,.T.);
#3643=FACE_BOUND('',#3404,.T.);
#3644=FACE_BOUND('',#3405,.T.);
#3645=FACE_BOUND('',#3406,.T.);
#3646=FACE_BOUND('',#3407,.T.);
#3647=FACE_BOUND('',#3408,.T.);
#3648=FACE_BOUND('',#3409,.T.);
#3649=FACE_BOUND('',#3410,.T.);
#3650=FACE_BOUND('',#3411,.T.);
#3651=FACE_BOUND('',#3412,.T.);
#3652=FACE_BOUND('',#3413,.T.);
#3653=FACE_BOUND('',#3414,.T.);
#3654=FACE_BOUND('',#3415,.T.);
#3655=FACE_BOUND('',#3416,.T.);
#3656=FACE_BOUND('',#3417,.T.);
#3657=FACE_BOUND('',#3418,.T.);
#3658=FACE_BOUND('',#3419,.T.);
#3659=FACE_BOUND('',#3420,.T.);
#3660=FACE_BOUND('',#3421,.T.);
#3661=FACE_BOUND('',#3422,.T.);
#3662=FACE_BOUND('',#3423,.T.);
#3663=FACE_BOUND('',#3424,.T.);
#3664=FACE_BOUND('',#3425,.T.);
#3665=FACE_BOUND('',#3426,.T.);
#3666=FACE_BOUND('',#3427,.T.);
#3667=FACE_BOUND('',#3428,.T.);
#3668=FACE_BOUND('',#3429,.T.);
#3669=FACE_BOUND('',#3430,.T.);
#3670=FACE_BOUND('',#3431,.T.);
#3671=FACE_BOUND('',#3432,.T.);
#3672=FACE_BOUND('',#3433,.T.);
#3673=FACE_BOUND('',#3434,.T.);
#3674=FACE_BOUND('',#3435,.T.);
#3675=FACE_BOUND('',#3436,.T.);
#3676=FACE_BOUND('',#3437,.T.);
#3677=FACE_BOUND('',#3438,.T.);
#3678=FACE_BOUND('',#3439,.T.);
#3679=FACE_BOUND('',#3440,.T.);
#3680=FACE_BOUND('',#3441,.T.);
#3681=FACE_BOUND('',#3442,.T.);
#3682=FACE_BOUND('',#3443,.T.);
#3683=FACE_BOUND('',#3444,.T.);
#3684=FACE_BOUND('',#3445,.T.);
#3685=FACE_BOUND('',#3446,.T.);
#3686=FACE_BOUND('',#3447,.T.);
#3687=FACE_BOUND('',#3448,.T.);
#3688=FACE_BOUND('',#3449,.T.);
#3689=FACE_BOUND('',#3450,.T.);
#3690=FACE_BOUND('',#3451,.T.);
#3691=FACE_BOUND('',#3452,.T.);
#3692=FACE_BOUND('',#3453,.T.);
#3693=FACE_BOUND('',#3454,.T.);
#3694=FACE_BOUND('',#3455,.T.);
#3695=FACE_BOUND('',#3456,.T.);
#3696=FACE_BOUND('',#3457,.T.);
#3697=FACE_BOUND('',#3458,.T.);
#3698=FACE_BOUND('',#3459,.T.);
#3699=FACE_BOUND('',#3460,.T.);
#3700=FACE_BOUND('',#3461,.T.);
#3701=FACE_BOUND('',#3462,.T.);
#3702=FACE_BOUND('',#3463,.T.);
#3703=FACE_BOUND('',#3464,.T.);
#3704=FACE_BOUND('',#3465,.T.);
#3705=FACE_BOUND('',#3466,.T.);
#3706=FACE_BOUND('',#3467,.T.);
#3707=FACE_BOUND('',#3468,.T.);
#3708=FACE_BOUND('',#3469,.T.);
#3709=FACE_BOUND('',#3470,.T.);
#3710=FACE_BOUND('',#3471,.T.);
#3711=FACE_BOUND('',#3472,.T.);
#3712=FACE_BOUND('',#3473,.T.);
#3713=FACE_BOUND('',#3474,.T.);
#3714=FACE_BOUND('',#3475,.T.);
#3715=FACE_BOUND('',#3476,.T.);
#3716=FACE_BOUND('',#3477,.T.);
#3717=FACE_BOUND('',#3478,.T.);
#3718=FACE_BOUND('',#3479,.T.);
#3719=FACE_BOUND('',#3480,.T.);
#3720=FACE_BOUND('',#3481,.T.);
#3721=FACE_BOUND('',#3482,.T.);
#3722=FACE_BOUND('',#3483,.T.);
#3723=FACE_BOUND('',#3484,.T.);
#3724=FACE_BOUND('',#3485,.T.);
#3725=FACE_BOUND('',#3486,.T.);
#3726=FACE_BOUND('',#3487,.T.);
#3727=FACE_BOUND('',#3488,.T.);
#3728=FACE_BOUND('',#3489,.T.);
#3729=FACE_BOUND('',#3490,.T.);
#3730=FACE_BOUND('',#3491,.T.);
#3731=FACE_BOUND('',#3492,.T.);
#3732=FACE_BOUND('',#3493,.T.);
#3733=FACE_BOUND('',#3494,.T.);
#3734=FACE_BOUND('',#3495,.T.);
#3735=FACE_BOUND('',#3496,.T.);
#3736=FACE_BOUND('',#3497,.T.);
#3737=FACE_BOUND('',#3498,.T.);
#3738=FACE_BOUND('',#3499,.T.);
#3739=FACE_BOUND('',#3500,.T.);
#3740=FACE_BOUND('',#3501,.T.);
#3741=FACE_BOUND('',#3502,.T.);
#3742=FACE_BOUND('',#3503,.T.);
#3743=FACE_BOUND('',#3504,.T.);
#3744=FACE_BOUND('',#3505,.T.);
#3745=FACE_BOUND('',#3506,.T.);
#3746=FACE_BOUND('',#3507,.T.);
#3747=FACE_BOUND('',#3508,.T.);
#3748=FACE_BOUND('',#3509,.T.);
#3749=FACE_BOUND('',#3510,.T.);
#3750=FACE_BOUND('',#3511,.T.);
#3751=FACE_BOUND('',#3512,.T.);
#3752=FACE_BOUND('',#3513,.T.);
#3753=FACE_BOUND('',#3514,.T.);
#3754=FACE_BOUND('',#3515,.T.);
#3755=FACE_BOUND('',#3516,.T.);
#3756=FACE_BOUND('',#3517,.T.);
#3757=FACE_BOUND('',#3518,.T.);
#3758=FACE_BOUND('',#3519,.T.);
#3759=FACE_BOUND('',#3520,.T.);
#3760=FACE_BOUND('',#3521,.T.);
#3761=FACE_BOUND('',#3522,.T.);
#3762=FACE_BOUND('',#3523,.T.);
#3763=FACE_BOUND('',#3524,.T.);
#3764=FACE_BOUND('',#3525,.T.);
#3765=FACE_BOUND('',#3526,.T.);
#3766=FACE_BOUND('',#3527,.T.);
#3767=FACE_BOUND('',#3528,.T.);
#3768=FACE_BOUND('',#3529,.T.);
#3769=FACE_BOUND('',#3530,.T.);
#3770=FACE_BOUND('',#3531,.T.);
#3771=FACE_BOUND('',#3532,.T.);
#3772=FACE_BOUND('',#3533,.T.);
#3773=FACE_BOUND('',#3534,.T.);
#3774=FACE_BOUND('',#3535,.T.);
#3775=FACE_BOUND('',#3536,.T.);
#3776=FACE_BOUND('',#3537,.T.);
#3777=FACE_BOUND('',#3538,.T.);
#3778=FACE_BOUND('',#3539,.T.);
#3779=FACE_BOUND('',#3540,.T.);
#3780=FACE_BOUND('',#3541,.T.);
#3781=FACE_BOUND('',#3542,.T.);
#3782=FACE_BOUND('',#3543,.T.);
#3783=FACE_BOUND('',#3544,.T.);
#3784=FACE_BOUND('',#3545,.T.);
#3785=FACE_BOUND('',#3546,.T.);
#3786=FACE_BOUND('',#3547,.T.);
#3787=FACE_BOUND('',#3548,.T.);
#3788=FACE_BOUND('',#3549,.T.);
#3789=FACE_BOUND('',#3550,.T.);
#3790=FACE_BOUND('',#3551,.T.);
#3791=FACE_BOUND('',#3552,.T.);
#3792=FACE_BOUND('',#3553,.T.);
#3793=FACE_BOUND('',#3554,.T.);
#3794=FACE_BOUND('',#3555,.T.);
#3795=FACE_BOUND('',#3556,.T.);
#3796=FACE_BOUND('',#3557,.T.);
#3797=FACE_BOUND('',#3558,.T.);
#3798=FACE_BOUND('',#3559,.T.);
#3799=FACE_BOUND('',#3560,.T.);
#3800=FACE_BOUND('',#3561,.T.);
#3801=FACE_BOUND('',#3562,.T.);
#3802=FACE_BOUND('',#3563,.T.);
#3803=FACE_BOUND('',#3564,.T.);
#3804=FACE_BOUND('',#3565,.T.);
#3805=FACE_BOUND('',#3566,.T.);
#3806=FACE_BOUND('',#3567,.T.);
#3807=FACE_BOUND('',#3568,.T.);
#3808=FACE_BOUND('',#3569,.T.);
#3809=FACE_BOUND('',#3570,.T.);
#3810=FACE_BOUND('',#3571,.T.);
#3811=FACE_BOUND('',#3572,.T.);
#3812=FACE_BOUND('',#3573,.T.);
#3813=FACE_BOUND('',#3574,.T.);
#3814=FACE_BOUND('',#3575,.T.);
#3815=FACE_BOUND('',#3576,.T.);
#3816=FACE_BOUND('',#3577,.T.);
#3817=FACE_BOUND('',#3578,.T.);
#3818=FACE_BOUND('',#3579,.T.);
#3819=FACE_BOUND('',#3580,.T.);
#3820=FACE_BOUND('',#3581,.T.);
#3821=FACE_BOUND('',#3582,.T.);
#3822=FACE_BOUND('',#3583,.T.);
#3823=FACE_BOUND('',#3584,.T.);
#3824=FACE_BOUND('',#3585,.T.);
#3825=FACE_BOUND('',#3586,.T.);
#3826=FACE_BOUND('',#3587,.T.);
#3827=FACE_BOUND('',#3588,.T.);
#3828=FACE_BOUND('',#3589,.T.);
#3829=FACE_BOUND('',#3590,.T.);
#3830=FACE_BOUND('',#3591,.T.);
#3831=FACE_BOUND('',#3592,.T.);
#3832=FACE_BOUND('',#3593,.T.);
#3833=FACE_BOUND('',#3594,.T.);
#3834=FACE_BOUND('',#3595,.T.);
#3835=FACE_BOUND('',#3596,.T.);
#3836=FACE_BOUND('',#3597,.T.);
#3837=FACE_BOUND('',#3598,.T.);
#3838=FACE_BOUND('',#3599,.T.);
#3839=FACE_BOUND('',#3600,.T.);
#3840=FACE_BOUND('',#3601,.T.);
#3841=FACE_BOUND('',#3602,.T.);
#3842=FACE_BOUND('',#3603,.T.);
#3843=FACE_BOUND('',#3604,.T.);
#3844=FACE_BOUND('',#3605,.T.);
#3845=FACE_BOUND('',#3606,.T.);
#3846=FACE_BOUND('',#3607,.T.);
#3847=FACE_BOUND('',#3608,.T.);
#3848=FACE_BOUND('',#3609,.T.);
#3849=FACE_BOUND('',#3610,.T.);
#3850=FACE_BOUND('',#3611,.T.);
#3851=FACE_BOUND('',#3612,.T.);
#3852=FACE_BOUND('',#3613,.T.);
#3853=FACE_BOUND('',#3614,.T.);
#3854=FACE_BOUND('',#3615,.T.);
#3855=FACE_BOUND('',#3616,.T.);
#3856=FACE_BOUND('',#3617,.T.);
#3857=FACE_BOUND('',#3618,.T.);
#3858=FACE_BOUND('',#3619,.T.);
#3859=FACE_BOUND('',#3620,.T.);
#3860=FACE_BOUND('',#3621,.T.);
#3861=FACE_BOUND('',#3622,.T.);
#3862=FACE_BOUND('',#3623,.T.);
#3863=FACE_BOUND('',#3624,.T.);
#3864=FACE_BOUND('',#3625,.T.);
#3865=FACE_BOUND('',#3626,.T.);
#3866=FACE_BOUND('',#3627,.T.);
#3867=FACE_BOUND('',#3628,.T.);
#3868=FACE_BOUND('',#3629,.T.);
#3869=FACE_BOUND('',#3630,.T.);
#3870=FACE_BOUND('',#3631,.T.);
#3871=FACE_BOUND('',#3632,.T.);
#3872=FACE_BOUND('',#3633,.T.);
#3873=FACE_BOUND('',#3634,.T.);
#3874=FACE_BOUND('',#3635,.T.);
#3875=FACE_BOUND('',#3636,.T.);
#3876=FACE_BOUND('',#3637,.T.);
#3877=FACE_BOUND('',#3638,.T.);
#3878=FACE_BOUND('',#3639,.T.);
#3879=PLANE('',#4238);
#3880=PLANE('',#4242);
#3881=PLANE('',#4246);
#3882=PLANE('',#4250);
#3883=PLANE('',#4255);
#3884=PLANE('',#4259);
#3885=PLANE('',#4263);
#3886=PLANE('',#4267);
#3887=PLANE('',#4272);
#3888=PLANE('',#4276);
#3889=PLANE('',#4280);
#3890=PLANE('',#4285);
#3891=PLANE('',#4289);
#3892=PLANE('',#4293);
#3893=PLANE('',#4297);
#3894=PLANE('',#4301);
#3895=PLANE('',#4305);
#3896=PLANE('',#4309);
#3897=PLANE('',#4310);
#3898=PLANE('',#4311);
#3899=PLANE('',#4312);
#3900=PLANE('',#4314);
#3901=PLANE('',#4317);
#3902=PLANE('',#4320);
#3903=PLANE('',#4322);
#3904=PLANE('',#4325);
#3905=PLANE('',#4328);
#3906=PLANE('',#4331);
#3907=PLANE('',#4333);
#3908=PLANE('',#4334);
#3909=PLANE('',#4336);
#3910=PLANE('',#4337);
#3911=PLANE('',#4338);
#3912=PLANE('',#4339);
#3913=PLANE('',#4340);
#3914=PLANE('',#4341);
#3915=PLANE('',#4356);
#3916=PLANE('',#4357);
#3917=PLANE('',#4358);
#3918=PLANE('',#4363);
#3919=PLANE('',#4366);
#3920=PLANE('',#4367);
#3921=PLANE('',#4369);
#3922=PLANE('',#4373);
#3923=PLANE('',#4376);
#3924=PLANE('',#4378);
#3925=PLANE('',#4382);
#3926=PLANE('',#4385);
#3927=PLANE('',#4387);
#3928=PLANE('',#4391);
#3929=PLANE('',#4394);
#3930=PLANE('',#4396);
#3931=PLANE('',#4400);
#3932=PLANE('',#4403);
#3933=PLANE('',#4405);
#3934=PLANE('',#4409);
#3935=PLANE('',#4412);
#3936=PLANE('',#4414);
#3937=PLANE('',#4418);
#3938=PLANE('',#4421);
#3939=PLANE('',#4422);
#3940=PLANE('',#4423);
#3941=PLANE('',#4424);
#3942=PLANE('',#4425);
#3943=PLANE('',#4426);
#3944=PLANE('',#4427);
#3945=PLANE('',#4470);
#3946=PLANE('',#4471);
#3947=PLANE('',#4472);
#3948=PLANE('',#4473);
#3949=PLANE('',#4474);
#3950=PLANE('',#4475);
#3951=PLANE('',#4476);
#3952=PLANE('',#4477);
#3953=PLANE('',#4478);
#3954=PLANE('',#4479);
#3955=PLANE('',#4480);
#3956=PLANE('',#4481);
#3957=PLANE('',#4482);
#3958=PLANE('',#4483);
#3959=PLANE('',#4484);
#3960=PLANE('',#4485);
#3961=PLANE('',#4486);
#3962=PLANE('',#4487);
#3963=PLANE('',#4488);
#3964=PLANE('',#4489);
#3965=PLANE('',#4490);
#3966=PLANE('',#4491);
#3967=PLANE('',#4492);
#3968=PLANE('',#4493);
#3969=PLANE('',#4494);
#3970=PLANE('',#4495);
#3971=PLANE('',#4496);
#3972=PLANE('',#4497);
#3973=PLANE('',#4498);
#3974=PLANE('',#4499);
#3975=PLANE('',#4500);
#3976=PLANE('',#4501);
#3977=PLANE('',#4502);
#3978=PLANE('',#4503);
#3979=PLANE('',#4504);
#3980=PLANE('',#4505);
#3981=PLANE('',#4506);
#3982=PLANE('',#4511);
#3983=PLANE('',#4516);
#3984=PLANE('',#4517);
#3985=PLANE('',#4522);
#3986=PLANE('',#4527);
#3987=PLANE('',#4528);
#3988=PLANE('',#4533);
#3989=PLANE('',#4538);
#3990=PLANE('',#4539);
#3991=PLANE('',#4544);
#3992=PLANE('',#4549);
#3993=PLANE('',#4550);
#3994=PLANE('',#4555);
#3995=PLANE('',#4560);
#3996=PLANE('',#4563);
#3997=PLANE('',#4568);
#3998=PLANE('',#4571);
#3999=PLANE('',#4572);
#4000=PLANE('',#4577);
#4001=PLANE('',#4582);
#4002=PLANE('',#4583);
#4003=PLANE('',#4588);
#4004=PLANE('',#4593);
#4005=PLANE('',#4594);
#4006=PLANE('',#4599);
#4007=PLANE('',#4604);
#4008=PLANE('',#4605);
#4009=PLANE('',#4610);
#4010=PLANE('',#4615);
#4011=ADVANCED_FACE('',(#3640),#3879,.F.);
#4012=ADVANCED_FACE('',(#3641),#3880,.F.);
#4013=ADVANCED_FACE('',(#3642),#3881,.F.);
#4014=ADVANCED_FACE('',(#3643),#3882,.F.);
#4015=ADVANCED_FACE('',(#3644),#3883,.F.);
#4016=ADVANCED_FACE('',(#3645),#3884,.F.);
#4017=ADVANCED_FACE('',(#3646),#3885,.F.);
#4018=ADVANCED_FACE('',(#3647),#3886,.F.);
#4019=ADVANCED_FACE('',(#3648),#3887,.F.);
#4020=ADVANCED_FACE('',(#3649),#3888,.F.);
#4021=ADVANCED_FACE('',(#3650),#3889,.F.);
#4022=ADVANCED_FACE('',(#3651),#3890,.F.);
#4023=ADVANCED_FACE('',(#3652),#3891,.F.);
#4024=ADVANCED_FACE('',(#3653),#3892,.F.);
#4025=ADVANCED_FACE('',(#3654),#3893,.F.);
#4026=ADVANCED_FACE('',(#3655),#3894,.F.);
#4027=ADVANCED_FACE('',(#3656),#3895,.F.);
#4028=ADVANCED_FACE('',(#3657),#3896,.T.);
#4029=ADVANCED_FACE('',(#3658),#3897,.T.);
#4030=ADVANCED_FACE('',(#3659),#3898,.F.);
#4031=ADVANCED_FACE('',(#3660),#3899,.T.);
#4032=ADVANCED_FACE('',(#3661),#3900,.T.);
#4033=ADVANCED_FACE('',(#3662),#3901,.T.);
#4034=ADVANCED_FACE('',(#3663),#3902,.F.);
#4035=ADVANCED_FACE('',(#3664),#3903,.F.);
#4036=ADVANCED_FACE('',(#3665),#3904,.F.);
#4037=ADVANCED_FACE('',(#3666),#3905,.F.);
#4038=ADVANCED_FACE('',(#3667),#3906,.T.);
#4039=ADVANCED_FACE('',(#3668),#3907,.F.);
#4040=ADVANCED_FACE('',(#3669),#3908,.F.);
#4041=ADVANCED_FACE('',(#3670),#3909,.T.);
#4042=ADVANCED_FACE('',(#3671),#3910,.F.);
#4043=ADVANCED_FACE('',(#3672),#3911,.F.);
#4044=ADVANCED_FACE('',(#3673),#3912,.T.);
#4045=ADVANCED_FACE('',(#3674),#3913,.T.);
#4046=ADVANCED_FACE('',(#3675,#3676,#3677,#3678,#3679,#3680,#3681,#3682,
#3683),#3914,.F.);
#4047=ADVANCED_FACE('',(#3684,#3685,#3686,#3687,#3688,#3689,#3690,#3691,
#3692,#3693),#3915,.T.);
#4048=ADVANCED_FACE('',(#3694),#3916,.F.);
#4049=ADVANCED_FACE('',(#3695),#3917,.F.);
#4050=ADVANCED_FACE('',(#3696),#26,.T.);
#4051=ADVANCED_FACE('',(#3697),#3918,.F.);
#4052=ADVANCED_FACE('',(#3698,#3699),#27,.F.);
#4053=ADVANCED_FACE('',(#3700),#3919,.T.);
#4054=ADVANCED_FACE('',(#3701),#3920,.F.);
#4055=ADVANCED_FACE('',(#3702),#3921,.T.);
#4056=ADVANCED_FACE('',(#3703),#28,.T.);
#4057=ADVANCED_FACE('',(#3704),#3922,.F.);
#4058=ADVANCED_FACE('',(#3705,#3706),#29,.F.);
#4059=ADVANCED_FACE('',(#3707),#3923,.F.);
#4060=ADVANCED_FACE('',(#3708),#3924,.T.);
#4061=ADVANCED_FACE('',(#3709),#30,.T.);
#4062=ADVANCED_FACE('',(#3710),#3925,.F.);
#4063=ADVANCED_FACE('',(#3711,#3712),#31,.F.);
#4064=ADVANCED_FACE('',(#3713),#3926,.F.);
#4065=ADVANCED_FACE('',(#3714),#3927,.T.);
#4066=ADVANCED_FACE('',(#3715),#32,.T.);
#4067=ADVANCED_FACE('',(#3716),#3928,.F.);
#4068=ADVANCED_FACE('',(#3717,#3718),#33,.F.);
#4069=ADVANCED_FACE('',(#3719),#3929,.F.);
#4070=ADVANCED_FACE('',(#3720),#3930,.T.);
#4071=ADVANCED_FACE('',(#3721),#34,.T.);
#4072=ADVANCED_FACE('',(#3722),#3931,.F.);
#4073=ADVANCED_FACE('',(#3723,#3724),#35,.F.);
#4074=ADVANCED_FACE('',(#3725),#3932,.F.);
#4075=ADVANCED_FACE('',(#3726),#3933,.T.);
#4076=ADVANCED_FACE('',(#3727),#36,.T.);
#4077=ADVANCED_FACE('',(#3728),#3934,.F.);
#4078=ADVANCED_FACE('',(#3729,#3730),#37,.F.);
#4079=ADVANCED_FACE('',(#3731),#3935,.F.);
#4080=ADVANCED_FACE('',(#3732),#3936,.T.);
#4081=ADVANCED_FACE('',(#3733),#38,.T.);
#4082=ADVANCED_FACE('',(#3734),#3937,.F.);
#4083=ADVANCED_FACE('',(#3735,#3736),#39,.F.);
#4084=ADVANCED_FACE('',(#3737),#3938,.F.);
#4085=ADVANCED_FACE('',(#3738),#3939,.F.);
#4086=ADVANCED_FACE('',(#3739),#3940,.F.);
#4087=ADVANCED_FACE('',(#3740),#3941,.F.);
#4088=ADVANCED_FACE('',(#3741),#3942,.F.);
#4089=ADVANCED_FACE('',(#3742),#3943,.F.);
#4090=ADVANCED_FACE('',(#3743),#3944,.F.);
#4091=ADVANCED_FACE('',(#3744),#12,.F.);
#4092=ADVANCED_FACE('',(#3745),#40,.F.);
#4093=ADVANCED_FACE('',(#3746),#13,.F.);
#4094=ADVANCED_FACE('',(#3747),#41,.F.);
#4095=ADVANCED_FACE('',(#3748),#14,.F.);
#4096=ADVANCED_FACE('',(#3749),#42,.F.);
#4097=ADVANCED_FACE('',(#3750),#15,.F.);
#4098=ADVANCED_FACE('',(#3751),#43,.F.);
#4099=ADVANCED_FACE('',(#3752),#16,.F.);
#4100=ADVANCED_FACE('',(#3753),#44,.F.);
#4101=ADVANCED_FACE('',(#3754),#17,.F.);
#4102=ADVANCED_FACE('',(#3755),#45,.F.);
#4103=ADVANCED_FACE('',(#3756),#18,.F.);
#4104=ADVANCED_FACE('',(#3757),#46,.F.);
#4105=ADVANCED_FACE('',(#3758),#19,.F.);
#4106=ADVANCED_FACE('',(#3759),#47,.F.);
#4107=ADVANCED_FACE('',(#3760),#20,.F.);
#4108=ADVANCED_FACE('',(#3761),#48,.F.);
#4109=ADVANCED_FACE('',(#3762),#21,.F.);
#4110=ADVANCED_FACE('',(#3763),#49,.F.);
#4111=ADVANCED_FACE('',(#3764),#22,.F.);
#4112=ADVANCED_FACE('',(#3765),#50,.F.);
#4113=ADVANCED_FACE('',(#3766),#23,.F.);
#4114=ADVANCED_FACE('',(#3767),#51,.F.);
#4115=ADVANCED_FACE('',(#3768),#24,.F.);
#4116=ADVANCED_FACE('',(#3769),#52,.F.);
#4117=ADVANCED_FACE('',(#3770),#53,.F.);
#4118=ADVANCED_FACE('',(#3771),#25,.F.);
#4119=ADVANCED_FACE('',(#3772),#3945,.F.);
#4120=ADVANCED_FACE('',(#3773),#3946,.T.);
#4121=ADVANCED_FACE('',(#3774),#3947,.T.);
#4122=ADVANCED_FACE('',(#3775),#3948,.F.);
#4123=ADVANCED_FACE('',(#3776),#3949,.T.);
#4124=ADVANCED_FACE('',(#3777),#3950,.T.);
#4125=ADVANCED_FACE('',(#3778),#3951,.T.);
#4126=ADVANCED_FACE('',(#3779),#3952,.T.);
#4127=ADVANCED_FACE('',(#3780),#3953,.T.);
#4128=ADVANCED_FACE('',(#3781),#3954,.T.);
#4129=ADVANCED_FACE('',(#3782),#3955,.F.);
#4130=ADVANCED_FACE('',(#3783),#3956,.F.);
#4131=ADVANCED_FACE('',(#3784),#3957,.T.);
#4132=ADVANCED_FACE('',(#3785),#3958,.T.);
#4133=ADVANCED_FACE('',(#3786),#3959,.F.);
#4134=ADVANCED_FACE('',(#3787),#3960,.F.);
#4135=ADVANCED_FACE('',(#3788),#3961,.T.);
#4136=ADVANCED_FACE('',(#3789),#3962,.F.);
#4137=ADVANCED_FACE('',(#3790),#3963,.F.);
#4138=ADVANCED_FACE('',(#3791),#3964,.T.);
#4139=ADVANCED_FACE('',(#3792),#3965,.F.);
#4140=ADVANCED_FACE('',(#3793),#3966,.F.);
#4141=ADVANCED_FACE('',(#3794),#3967,.T.);
#4142=ADVANCED_FACE('',(#3795),#3968,.F.);
#4143=ADVANCED_FACE('',(#3796),#3969,.F.);
#4144=ADVANCED_FACE('',(#3797),#3970,.T.);
#4145=ADVANCED_FACE('',(#3798),#3971,.F.);
#4146=ADVANCED_FACE('',(#3799),#3972,.T.);
#4147=ADVANCED_FACE('',(#3800),#3973,.T.);
#4148=ADVANCED_FACE('',(#3801),#3974,.T.);
#4149=ADVANCED_FACE('',(#3802),#3975,.F.);
#4150=ADVANCED_FACE('',(#3803),#3976,.F.);
#4151=ADVANCED_FACE('',(#3804),#3977,.F.);
#4152=ADVANCED_FACE('',(#3805),#3978,.F.);
#4153=ADVANCED_FACE('',(#3806),#3979,.F.);
#4154=ADVANCED_FACE('',(#3807,#3808),#3980,.F.);
#4155=ADVANCED_FACE('',(#3809),#3981,.T.);
#4156=ADVANCED_FACE('',(#3810),#54,.F.);
#4157=ADVANCED_FACE('',(#3811),#55,.F.);
#4158=ADVANCED_FACE('',(#3812),#3982,.F.);
#4159=ADVANCED_FACE('',(#3813),#56,.T.);
#4160=ADVANCED_FACE('',(#3814),#57,.T.);
#4161=ADVANCED_FACE('',(#3815),#3983,.T.);
#4162=ADVANCED_FACE('',(#3816),#3984,.T.);
#4163=ADVANCED_FACE('',(#3817),#58,.F.);
#4164=ADVANCED_FACE('',(#3818),#59,.F.);
#4165=ADVANCED_FACE('',(#3819),#3985,.F.);
#4166=ADVANCED_FACE('',(#3820),#60,.T.);
#4167=ADVANCED_FACE('',(#3821),#61,.T.);
#4168=ADVANCED_FACE('',(#3822),#3986,.T.);
#4169=ADVANCED_FACE('',(#3823),#3987,.T.);
#4170=ADVANCED_FACE('',(#3824),#62,.F.);
#4171=ADVANCED_FACE('',(#3825),#63,.F.);
#4172=ADVANCED_FACE('',(#3826),#3988,.F.);
#4173=ADVANCED_FACE('',(#3827),#64,.T.);
#4174=ADVANCED_FACE('',(#3828),#65,.T.);
#4175=ADVANCED_FACE('',(#3829),#3989,.T.);
#4176=ADVANCED_FACE('',(#3830),#3990,.T.);
#4177=ADVANCED_FACE('',(#3831),#66,.F.);
#4178=ADVANCED_FACE('',(#3832),#67,.F.);
#4179=ADVANCED_FACE('',(#3833),#3991,.F.);
#4180=ADVANCED_FACE('',(#3834),#68,.T.);
#4181=ADVANCED_FACE('',(#3835),#69,.T.);
#4182=ADVANCED_FACE('',(#3836),#3992,.T.);
#4183=ADVANCED_FACE('',(#3837),#3993,.T.);
#4184=ADVANCED_FACE('',(#3838),#70,.F.);
#4185=ADVANCED_FACE('',(#3839),#71,.F.);
#4186=ADVANCED_FACE('',(#3840),#3994,.F.);
#4187=ADVANCED_FACE('',(#3841),#72,.T.);
#4188=ADVANCED_FACE('',(#3842),#73,.T.);
#4189=ADVANCED_FACE('',(#3843),#3995,.T.);
#4190=ADVANCED_FACE('',(#3844),#74,.F.);
#4191=ADVANCED_FACE('',(#3845),#3996,.T.);
#4192=ADVANCED_FACE('',(#3846),#75,.T.);
#4193=ADVANCED_FACE('',(#3847),#76,.T.);
#4194=ADVANCED_FACE('',(#3848),#3997,.F.);
#4195=ADVANCED_FACE('',(#3849),#77,.F.);
#4196=ADVANCED_FACE('',(#3850),#3998,.T.);
#4197=ADVANCED_FACE('',(#3851),#3999,.F.);
#4198=ADVANCED_FACE('',(#3852),#78,.F.);
#4199=ADVANCED_FACE('',(#3853),#79,.F.);
#4200=ADVANCED_FACE('',(#3854),#4000,.T.);
#4201=ADVANCED_FACE('',(#3855),#80,.T.);
#4202=ADVANCED_FACE('',(#3856),#81,.T.);
#4203=ADVANCED_FACE('',(#3857),#4001,.T.);
#4204=ADVANCED_FACE('',(#3858),#4002,.F.);
#4205=ADVANCED_FACE('',(#3859),#82,.F.);
#4206=ADVANCED_FACE('',(#3860),#83,.F.);
#4207=ADVANCED_FACE('',(#3861),#4003,.T.);
#4208=ADVANCED_FACE('',(#3862),#84,.T.);
#4209=ADVANCED_FACE('',(#3863),#85,.T.);
#4210=ADVANCED_FACE('',(#3864),#4004,.T.);
#4211=ADVANCED_FACE('',(#3865),#4005,.T.);
#4212=ADVANCED_FACE('',(#3866),#86,.F.);
#4213=ADVANCED_FACE('',(#3867),#87,.F.);
#4214=ADVANCED_FACE('',(#3868),#4006,.F.);
#4215=ADVANCED_FACE('',(#3869),#88,.T.);
#4216=ADVANCED_FACE('',(#3870),#89,.T.);
#4217=ADVANCED_FACE('',(#3871),#4007,.T.);
#4218=ADVANCED_FACE('',(#3872),#4008,.T.);
#4219=ADVANCED_FACE('',(#3873),#90,.F.);
#4220=ADVANCED_FACE('',(#3874),#91,.F.);
#4221=ADVANCED_FACE('',(#3875),#4009,.F.);
#4222=ADVANCED_FACE('',(#3876),#92,.T.);
#4223=ADVANCED_FACE('',(#3877),#93,.T.);
#4224=ADVANCED_FACE('',(#3878),#4010,.T.);
#4225=CLOSED_SHELL('',(#4011,#4012,#4013,#4014,#4015,#4016,#4017,#4018,
#4019,#4020,#4021,#4022,#4023,#4024,#4025,#4026,#4027,#4028,#4029,#4030,
#4031,#4032,#4033,#4034,#4035,#4036,#4037,#4038,#4039,#4040,#4041,#4042,
#4043,#4044,#4045,#4046,#4047,#4048,#4049,#4050,#4051,#4052,#4053,#4054,
#4055,#4056,#4057,#4058,#4059,#4060,#4061,#4062,#4063,#4064,#4065,#4066,
#4067,#4068,#4069,#4070,#4071,#4072,#4073,#4074,#4075,#4076,#4077,#4078,
#4079,#4080,#4081,#4082,#4083,#4084,#4085,#4086,#4087,#4088,#4089,#4090,
#4091,#4092,#4093,#4094,#4095,#4096,#4097,#4098,#4099,#4100,#4101,#4102,
#4103,#4104,#4105,#4106,#4107,#4108,#4109,#4110,#4111,#4112,#4113,#4114,
#4115,#4116,#4117,#4118,#4119,#4120,#4121,#4122,#4123,#4124,#4125,#4126,
#4127,#4128,#4129,#4130,#4131,#4132,#4133,#4134,#4135,#4136,#4137,#4138,
#4139,#4140,#4141,#4142,#4143,#4144,#4145,#4146,#4147,#4148,#4149,#4150,
#4151,#4152,#4153,#4154,#4155,#4156,#4157,#4158,#4159,#4160,#4161,#4162,
#4163,#4164,#4165,#4166,#4167,#4168,#4169,#4170,#4171,#4172,#4173,#4174,
#4175,#4176,#4177,#4178,#4179,#4180,#4181,#4182,#4183,#4184,#4185,#4186,
#4187,#4188,#4189,#4190,#4191,#4192,#4193,#4194,#4195,#4196,#4197,#4198,
#4199,#4200,#4201,#4202,#4203,#4204,#4205,#4206,#4207,#4208,#4209,#4210,
#4211,#4212,#4213,#4214,#4215,#4216,#4217,#4218,#4219,#4220,#4221,#4222,
#4223,#4224));
#4226=STYLED_ITEM('',(#4227),#4234);
#4227=PRESENTATION_STYLE_ASSIGNMENT((#4228));
#4228=SURFACE_STYLE_USAGE(.BOTH.,#4229);
#4229=SURFACE_SIDE_STYLE('',(#4230));
#4230=SURFACE_STYLE_FILL_AREA(#4231);
#4231=FILL_AREA_STYLE('',(#4232));
#4232=FILL_AREA_STYLE_COLOUR('',#4233);
#4233=COLOUR_RGB('',0.615686274509804,0.811764705882353,0.929411764705882);
#4234=MANIFOLD_SOLID_BREP('Part 1',#4225);
#4235=SHAPE_DEFINITION_REPRESENTATION(#7134,#4236);
#4236=SHAPE_REPRESENTATION('Part 1',(#4237),#7129);
#4237=AXIS2_PLACEMENT_3D('',#5811,#4616,#4617);
#4238=AXIS2_PLACEMENT_3D('',#5812,#4618,#4619);
#4239=AXIS2_PLACEMENT_3D('',#5813,#4620,#4621);
#4240=AXIS2_PLACEMENT_3D('',#5820,#4624,#4625);
#4241=AXIS2_PLACEMENT_3D('',#5824,#4627,#4628);
#4242=AXIS2_PLACEMENT_3D('',#5827,#4630,#4631);
#4243=AXIS2_PLACEMENT_3D('',#5828,#4632,#4633);
#4244=AXIS2_PLACEMENT_3D('',#5833,#4635,#4636);
#4245=AXIS2_PLACEMENT_3D('',#5837,#4638,#4639);
#4246=AXIS2_PLACEMENT_3D('',#5842,#4642,#4643);
#4247=AXIS2_PLACEMENT_3D('',#5843,#4644,#4645);
#4248=AXIS2_PLACEMENT_3D('',#5852,#4649,#4650);
#4249=AXIS2_PLACEMENT_3D('',#5858,#4653,#4654);
#4250=AXIS2_PLACEMENT_3D('',#5861,#4656,#4657);
#4251=AXIS2_PLACEMENT_3D('',#5862,#4658,#4659);
#4252=AXIS2_PLACEMENT_3D('',#5867,#4661,#4662);
#4253=AXIS2_PLACEMENT_3D('',#5871,#4664,#4665);
#4254=AXIS2_PLACEMENT_3D('',#5875,#4667,#4668);
#4255=AXIS2_PLACEMENT_3D('',#5878,#4670,#4671);
#4256=AXIS2_PLACEMENT_3D('',#5879,#4672,#4673);
#4257=AXIS2_PLACEMENT_3D('',#5884,#4675,#4676);
#4258=AXIS2_PLACEMENT_3D('',#5890,#4679,#4680);
#4259=AXIS2_PLACEMENT_3D('',#5897,#4684,#4685);
#4260=AXIS2_PLACEMENT_3D('',#5898,#4686,#4687);
#4261=AXIS2_PLACEMENT_3D('',#5905,#4690,#4691);
#4262=AXIS2_PLACEMENT_3D('',#5909,#4693,#4694);
#4263=AXIS2_PLACEMENT_3D('',#5912,#4696,#4697);
#4264=AXIS2_PLACEMENT_3D('',#5913,#4698,#4699);
#4265=AXIS2_PLACEMENT_3D('',#5918,#4701,#4702);
#4266=AXIS2_PLACEMENT_3D('',#5922,#4704,#4705);
#4267=AXIS2_PLACEMENT_3D('',#5927,#4708,#4709);
#4268=AXIS2_PLACEMENT_3D('',#5928,#4710,#4711);
#4269=AXIS2_PLACEMENT_3D('',#5933,#4713,#4714);
#4270=AXIS2_PLACEMENT_3D('',#5937,#4716,#4717);
#4271=AXIS2_PLACEMENT_3D('',#5941,#4719,#4720);
#4272=AXIS2_PLACEMENT_3D('',#5944,#4722,#4723);
#4273=AXIS2_PLACEMENT_3D('',#5945,#4724,#4725);
#4274=AXIS2_PLACEMENT_3D('',#5952,#4728,#4729);
#4275=AXIS2_PLACEMENT_3D('',#5956,#4731,#4732);
#4276=AXIS2_PLACEMENT_3D('',#5959,#4734,#4735);
#4277=AXIS2_PLACEMENT_3D('',#5960,#4736,#4737);
#4278=AXIS2_PLACEMENT_3D('',#5965,#4739,#4740);
#4279=AXIS2_PLACEMENT_3D('',#5969,#4742,#4743);
#4280=AXIS2_PLACEMENT_3D('',#5974,#4746,#4747);
#4281=AXIS2_PLACEMENT_3D('',#5975,#4748,#4749);
#4282=AXIS2_PLACEMENT_3D('',#5980,#4751,#4752);
#4283=AXIS2_PLACEMENT_3D('',#5984,#4754,#4755);
#4284=AXIS2_PLACEMENT_3D('',#5988,#4757,#4758);
#4285=AXIS2_PLACEMENT_3D('',#5991,#4760,#4761);
#4286=AXIS2_PLACEMENT_3D('',#5992,#4762,#4763);
#4287=AXIS2_PLACEMENT_3D('',#6001,#4767,#4768);
#4288=AXIS2_PLACEMENT_3D('',#6007,#4771,#4772);
#4289=AXIS2_PLACEMENT_3D('',#6010,#4774,#4775);
#4290=AXIS2_PLACEMENT_3D('',#6011,#4776,#4777);
#4291=AXIS2_PLACEMENT_3D('',#6016,#4779,#4780);
#4292=AXIS2_PLACEMENT_3D('',#6022,#4783,#4784);
#4293=AXIS2_PLACEMENT_3D('',#6029,#4788,#4789);
#4294=AXIS2_PLACEMENT_3D('',#6030,#4790,#4791);
#4295=AXIS2_PLACEMENT_3D('',#6037,#4794,#4795);
#4296=AXIS2_PLACEMENT_3D('',#6041,#4797,#4798);
#4297=AXIS2_PLACEMENT_3D('',#6044,#4800,#4801);
#4298=AXIS2_PLACEMENT_3D('',#6045,#4802,#4803);
#4299=AXIS2_PLACEMENT_3D('',#6050,#4805,#4806);
#4300=AXIS2_PLACEMENT_3D('',#6054,#4808,#4809);
#4301=AXIS2_PLACEMENT_3D('',#6059,#4812,#4813);
#4302=AXIS2_PLACEMENT_3D('',#6060,#4814,#4815);
#4303=AXIS2_PLACEMENT_3D('',#6067,#4818,#4819);
#4304=AXIS2_PLACEMENT_3D('',#6071,#4821,#4822);
#4305=AXIS2_PLACEMENT_3D('',#6074,#4824,#4825);
#4306=AXIS2_PLACEMENT_3D('',#6075,#4826,#4827);
#4307=AXIS2_PLACEMENT_3D('',#6080,#4829,#4830);
#4308=AXIS2_PLACEMENT_3D('',#6084,#4832,#4833);
#4309=AXIS2_PLACEMENT_3D('',#6089,#4836,#4837);
#4310=AXIS2_PLACEMENT_3D('',#6210,#4879,#4880);
#4311=AXIS2_PLACEMENT_3D('',#6236,#4895,#4896);
#4312=AXIS2_PLACEMENT_3D('',#6258,#4909,#4910);
#4313=AXIS2_PLACEMENT_3D('',#6262,#4912,#4913);
#4314=AXIS2_PLACEMENT_3D('',#6266,#4916,#4917);
#4315=AXIS2_PLACEMENT_3D('',#6267,#4918,#4919);
#4316=AXIS2_PLACEMENT_3D('',#6275,#4923,#4924);
#4317=AXIS2_PLACEMENT_3D('',#6281,#4928,#4929);
#4318=AXIS2_PLACEMENT_3D('',#6282,#4930,#4931);
#4319=AXIS2_PLACEMENT_3D('',#6290,#4935,#4936);
#4320=AXIS2_PLACEMENT_3D('',#6301,#4943,#4944);
#4321=AXIS2_PLACEMENT_3D('',#6302,#4945,#4946);
#4322=AXIS2_PLACEMENT_3D('',#6309,#4950,#4951);
#4323=AXIS2_PLACEMENT_3D('',#6315,#4955,#4956);
#4324=AXIS2_PLACEMENT_3D('',#6323,#4960,#4961);
#4325=AXIS2_PLACEMENT_3D('',#6324,#4962,#4963);
#4326=AXIS2_PLACEMENT_3D('',#6330,#4967,#4968);
#4327=AXIS2_PLACEMENT_3D('',#6338,#4972,#4973);
#4328=AXIS2_PLACEMENT_3D('',#6339,#4974,#4975);
#4329=AXIS2_PLACEMENT_3D('',#6345,#4979,#4980);
#4330=AXIS2_PLACEMENT_3D('',#6353,#4984,#4985);
#4331=AXIS2_PLACEMENT_3D('',#6354,#4986,#4987);
#4332=AXIS2_PLACEMENT_3D('',#6355,#4988,#4989);
#4333=AXIS2_PLACEMENT_3D('',#6362,#4993,#4994);
#4334=AXIS2_PLACEMENT_3D('',#6376,#5003,#5004);
#4335=AXIS2_PLACEMENT_3D('',#6380,#5006,#5007);
#4336=AXIS2_PLACEMENT_3D('',#6382,#5009,#5010);
#4337=AXIS2_PLACEMENT_3D('',#6391,#5015,#5016);
#4338=AXIS2_PLACEMENT_3D('',#6397,#5020,#5021);
#4339=AXIS2_PLACEMENT_3D('',#6403,#5025,#5026);
#4340=AXIS2_PLACEMENT_3D('',#6406,#5029,#5030);
#4341=AXIS2_PLACEMENT_3D('',#6418,#5038,#5039);
#4342=AXIS2_PLACEMENT_3D('',#6423,#5042,#5043);
#4343=AXIS2_PLACEMENT_3D('',#6428,#5046,#5047);
#4344=AXIS2_PLACEMENT_3D('',#6433,#5050,#5051);
#4345=AXIS2_PLACEMENT_3D('',#6438,#5054,#5055);
#4346=AXIS2_PLACEMENT_3D('',#6443,#5058,#5059);
#4347=AXIS2_PLACEMENT_3D('',#6448,#5062,#5063);
#4348=AXIS2_PLACEMENT_3D('',#6453,#5066,#5067);
#4349=AXIS2_PLACEMENT_3D('',#6454,#5068,#5069);
#4350=AXIS2_PLACEMENT_3D('',#6456,#5070,#5071);
#4351=AXIS2_PLACEMENT_3D('',#6458,#5072,#5073);
#4352=AXIS2_PLACEMENT_3D('',#6460,#5074,#5075);
#4353=AXIS2_PLACEMENT_3D('',#6462,#5076,#5077);
#4354=AXIS2_PLACEMENT_3D('',#6464,#5078,#5079);
#4355=AXIS2_PLACEMENT_3D('',#6466,#5080,#5081);
#4356=AXIS2_PLACEMENT_3D('',#6468,#5082,#5083);
#4357=AXIS2_PLACEMENT_3D('',#6533,#5120,#5121);
#4358=AXIS2_PLACEMENT_3D('',#6632,#5145,#5146);
#4359=AXIS2_PLACEMENT_3D('',#6633,#5147,#5148);
#4360=AXIS2_PLACEMENT_3D('',#6634,#5149,#5150);
#4361=AXIS2_PLACEMENT_3D('',#6635,#5151,#5152);
#4362=AXIS2_PLACEMENT_3D('',#6640,#5155,#5156);
#4363=AXIS2_PLACEMENT_3D('',#6641,#5157,#5158);
#4364=AXIS2_PLACEMENT_3D('',#6643,#5160,#5161);
#4365=AXIS2_PLACEMENT_3D('',#6644,#5162,#5163);
#4366=AXIS2_PLACEMENT_3D('',#6646,#5164,#5165);
#4367=AXIS2_PLACEMENT_3D('',#6648,#5167,#5168);
#4368=AXIS2_PLACEMENT_3D('',#6649,#5169,#5170);
#4369=AXIS2_PLACEMENT_3D('',#6650,#5171,#5172);
#4370=AXIS2_PLACEMENT_3D('',#6654,#5175,#5176);
#4371=AXIS2_PLACEMENT_3D('',#6655,#5177,#5178);
#4372=AXIS2_PLACEMENT_3D('',#6658,#5180,#5181);
#4373=AXIS2_PLACEMENT_3D('',#6659,#5182,#5183);
#4374=AXIS2_PLACEMENT_3D('',#6661,#5185,#5186);
#4375=AXIS2_PLACEMENT_3D('',#6662,#5187,#5188);
#4376=AXIS2_PLACEMENT_3D('',#6664,#5189,#5190);
#4377=AXIS2_PLACEMENT_3D('',#6665,#5191,#5192);
#4378=AXIS2_PLACEMENT_3D('',#6666,#5193,#5194);
#4379=AXIS2_PLACEMENT_3D('',#6670,#5197,#5198);
#4380=AXIS2_PLACEMENT_3D('',#6671,#5199,#5200);
#4381=AXIS2_PLACEMENT_3D('',#6674,#5202,#5203);
#4382=AXIS2_PLACEMENT_3D('',#6675,#5204,#5205);
#4383=AXIS2_PLACEMENT_3D('',#6677,#5207,#5208);
#4384=AXIS2_PLACEMENT_3D('',#6678,#5209,#5210);
#4385=AXIS2_PLACEMENT_3D('',#6680,#5211,#5212);
#4386=AXIS2_PLACEMENT_3D('',#6681,#5213,#5214);
#4387=AXIS2_PLACEMENT_3D('',#6682,#5215,#5216);
#4388=AXIS2_PLACEMENT_3D('',#6686,#5219,#5220);
#4389=AXIS2_PLACEMENT_3D('',#6687,#5221,#5222);
#4390=AXIS2_PLACEMENT_3D('',#6690,#5224,#5225);
#4391=AXIS2_PLACEMENT_3D('',#6691,#5226,#5227);
#4392=AXIS2_PLACEMENT_3D('',#6693,#5229,#5230);
#4393=AXIS2_PLACEMENT_3D('',#6694,#5231,#5232);
#4394=AXIS2_PLACEMENT_3D('',#6696,#5233,#5234);
#4395=AXIS2_PLACEMENT_3D('',#6697,#5235,#5236);
#4396=AXIS2_PLACEMENT_3D('',#6698,#5237,#5238);
#4397=AXIS2_PLACEMENT_3D('',#6702,#5241,#5242);
#4398=AXIS2_PLACEMENT_3D('',#6703,#5243,#5244);
#4399=AXIS2_PLACEMENT_3D('',#6706,#5246,#5247);
#4400=AXIS2_PLACEMENT_3D('',#6707,#5248,#5249);
#4401=AXIS2_PLACEMENT_3D('',#6709,#5251,#5252);
#4402=AXIS2_PLACEMENT_3D('',#6710,#5253,#5254);
#4403=AXIS2_PLACEMENT_3D('',#6712,#5255,#5256);
#4404=AXIS2_PLACEMENT_3D('',#6713,#5257,#5258);
#4405=AXIS2_PLACEMENT_3D('',#6714,#5259,#5260);
#4406=AXIS2_PLACEMENT_3D('',#6718,#5263,#5264);
#4407=AXIS2_PLACEMENT_3D('',#6719,#5265,#5266);
#4408=AXIS2_PLACEMENT_3D('',#6722,#5268,#5269);
#4409=AXIS2_PLACEMENT_3D('',#6723,#5270,#5271);
#4410=AXIS2_PLACEMENT_3D('',#6725,#5273,#5274);
#4411=AXIS2_PLACEMENT_3D('',#6726,#5275,#5276);
#4412=AXIS2_PLACEMENT_3D('',#6728,#5277,#5278);
#4413=AXIS2_PLACEMENT_3D('',#6729,#5279,#5280);
#4414=AXIS2_PLACEMENT_3D('',#6730,#5281,#5282);
#4415=AXIS2_PLACEMENT_3D('',#6734,#5285,#5286);
#4416=AXIS2_PLACEMENT_3D('',#6735,#5287,#5288);
#4417=AXIS2_PLACEMENT_3D('',#6738,#5290,#5291);
#4418=AXIS2_PLACEMENT_3D('',#6739,#5292,#5293);
#4419=AXIS2_PLACEMENT_3D('',#6741,#5295,#5296);
#4420=AXIS2_PLACEMENT_3D('',#6742,#5297,#5298);
#4421=AXIS2_PLACEMENT_3D('',#6744,#5299,#5300);
#4422=AXIS2_PLACEMENT_3D('',#6745,#5301,#5302);
#4423=AXIS2_PLACEMENT_3D('',#6746,#5303,#5304);
#4424=AXIS2_PLACEMENT_3D('',#6747,#5305,#5306);
#4425=AXIS2_PLACEMENT_3D('',#6748,#5307,#5308);
#4426=AXIS2_PLACEMENT_3D('',#6749,#5309,#5310);
#4427=AXIS2_PLACEMENT_3D('',#6750,#5311,#5312);
#4428=AXIS2_PLACEMENT_3D('',#6751,#5313,#5314);
#4429=AXIS2_PLACEMENT_3D('',#6752,#5315,#5316);
#4430=AXIS2_PLACEMENT_3D('',#6753,#5317,#5318);
#4431=AXIS2_PLACEMENT_3D('',#6754,#5319,#5320);
#4432=AXIS2_PLACEMENT_3D('',#6755,#5321,#5322);
#4433=AXIS2_PLACEMENT_3D('',#6756,#5323,#5324);
#4434=AXIS2_PLACEMENT_3D('',#6757,#5325,#5326);
#4435=AXIS2_PLACEMENT_3D('',#6758,#5327,#5328);
#4436=AXIS2_PLACEMENT_3D('',#6759,#5329,#5330);
#4437=AXIS2_PLACEMENT_3D('',#6760,#5331,#5332);
#4438=AXIS2_PLACEMENT_3D('',#6761,#5333,#5334);
#4439=AXIS2_PLACEMENT_3D('',#6762,#5335,#5336);
#4440=AXIS2_PLACEMENT_3D('',#6763,#5337,#5338);
#4441=AXIS2_PLACEMENT_3D('',#6764,#5339,#5340);
#4442=AXIS2_PLACEMENT_3D('',#6765,#5341,#5342);
#4443=AXIS2_PLACEMENT_3D('',#6766,#5343,#5344);
#4444=AXIS2_PLACEMENT_3D('',#6767,#5345,#5346);
#4445=AXIS2_PLACEMENT_3D('',#6768,#5347,#5348);
#4446=AXIS2_PLACEMENT_3D('',#6769,#5349,#5350);
#4447=AXIS2_PLACEMENT_3D('',#6770,#5351,#5352);
#4448=AXIS2_PLACEMENT_3D('',#6771,#5353,#5354);
#4449=AXIS2_PLACEMENT_3D('',#6772,#5355,#5356);
#4450=AXIS2_PLACEMENT_3D('',#6773,#5357,#5358);
#4451=AXIS2_PLACEMENT_3D('',#6774,#5359,#5360);
#4452=AXIS2_PLACEMENT_3D('',#6775,#5361,#5362);
#4453=AXIS2_PLACEMENT_3D('',#6776,#5363,#5364);
#4454=AXIS2_PLACEMENT_3D('',#6777,#5365,#5366);
#4455=AXIS2_PLACEMENT_3D('',#6778,#5367,#5368);
#4456=AXIS2_PLACEMENT_3D('',#6779,#5369,#5370);
#4457=AXIS2_PLACEMENT_3D('',#6780,#5371,#5372);
#4458=AXIS2_PLACEMENT_3D('',#6781,#5373,#5374);
#4459=AXIS2_PLACEMENT_3D('',#6782,#5375,#5376);
#4460=AXIS2_PLACEMENT_3D('',#6783,#5377,#5378);
#4461=AXIS2_PLACEMENT_3D('',#6784,#5379,#5380);
#4462=AXIS2_PLACEMENT_3D('',#6785,#5381,#5382);
#4463=AXIS2_PLACEMENT_3D('',#6786,#5383,#5384);
#4464=AXIS2_PLACEMENT_3D('',#6787,#5385,#5386);
#4465=AXIS2_PLACEMENT_3D('',#6788,#5387,#5388);
#4466=AXIS2_PLACEMENT_3D('',#6789,#5389,#5390);
#4467=AXIS2_PLACEMENT_3D('',#6790,#5391,#5392);
#4468=AXIS2_PLACEMENT_3D('',#6791,#5393,#5394);
#4469=AXIS2_PLACEMENT_3D('',#6792,#5395,#5396);
#4470=AXIS2_PLACEMENT_3D('',#6793,#5397,#5398);
#4471=AXIS2_PLACEMENT_3D('',#6797,#5401,#5402);
#4472=AXIS2_PLACEMENT_3D('',#6801,#5405,#5406);
#4473=AXIS2_PLACEMENT_3D('',#6805,#5409,#5410);
#4474=AXIS2_PLACEMENT_3D('',#6807,#5412,#5413);
#4475=AXIS2_PLACEMENT_3D('',#6811,#5416,#5417);
#4476=AXIS2_PLACEMENT_3D('',#6815,#5420,#5421);
#4477=AXIS2_PLACEMENT_3D('',#6819,#5424,#5425);
#4478=AXIS2_PLACEMENT_3D('',#6823,#5428,#5429);
#4479=AXIS2_PLACEMENT_3D('',#6827,#5432,#5433);
#4480=AXIS2_PLACEMENT_3D('',#6829,#5435,#5436);
#4481=AXIS2_PLACEMENT_3D('',#6833,#5439,#5440);
#4482=AXIS2_PLACEMENT_3D('',#6837,#5443,#5444);
#4483=AXIS2_PLACEMENT_3D('',#6839,#5446,#5447);
#4484=AXIS2_PLACEMENT_3D('',#6843,#5450,#5451);
#4485=AXIS2_PLACEMENT_3D('',#6847,#5454,#5455);
#4486=AXIS2_PLACEMENT_3D('',#6849,#5457,#5458);
#4487=AXIS2_PLACEMENT_3D('',#6853,#5461,#5462);
#4488=AXIS2_PLACEMENT_3D('',#6857,#5465,#5466);
#4489=AXIS2_PLACEMENT_3D('',#6859,#5468,#5469);
#4490=AXIS2_PLACEMENT_3D('',#6863,#5472,#5473);
#4491=AXIS2_PLACEMENT_3D('',#6867,#5476,#5477);
#4492=AXIS2_PLACEMENT_3D('',#6869,#5479,#5480);
#4493=AXIS2_PLACEMENT_3D('',#6873,#5483,#5484);
#4494=AXIS2_PLACEMENT_3D('',#6877,#5487,#5488);
#4495=AXIS2_PLACEMENT_3D('',#6879,#5490,#5491);
#4496=AXIS2_PLACEMENT_3D('',#6883,#5494,#5495);
#4497=AXIS2_PLACEMENT_3D('',#6889,#5499,#5500);
#4498=AXIS2_PLACEMENT_3D('',#6893,#5503,#5504);
#4499=AXIS2_PLACEMENT_3D('',#6897,#5507,#5508);
#4500=AXIS2_PLACEMENT_3D('',#6901,#5511,#5512);
#4501=AXIS2_PLACEMENT_3D('',#6905,#5515,#5516);
#4502=AXIS2_PLACEMENT_3D('',#6909,#5519,#5520);
#4503=AXIS2_PLACEMENT_3D('',#6913,#5523,#5524);
#4504=AXIS2_PLACEMENT_3D('',#6915,#5526,#5527);
#4505=AXIS2_PLACEMENT_3D('',#6917,#5529,#5530);
#4506=AXIS2_PLACEMENT_3D('',#6918,#5531,#5532);
#4507=AXIS2_PLACEMENT_3D('',#6924,#5536,#5537);
#4508=AXIS2_PLACEMENT_3D('',#6925,#5538,#5539);
#4509=AXIS2_PLACEMENT_3D('',#6926,#5540,#5541);
#4510=AXIS2_PLACEMENT_3D('',#6929,#5543,#5544);
#4511=AXIS2_PLACEMENT_3D('',#6930,#5545,#5546);
#4512=AXIS2_PLACEMENT_3D('',#6934,#5549,#5550);
#4513=AXIS2_PLACEMENT_3D('',#6935,#5551,#5552);
#4514=AXIS2_PLACEMENT_3D('',#6936,#5553,#5554);
#4515=AXIS2_PLACEMENT_3D('',#6937,#5555,#5556);
#4516=AXIS2_PLACEMENT_3D('',#6938,#5557,#5558);
#4517=AXIS2_PLACEMENT_3D('',#6939,#5559,#5560);
#4518=AXIS2_PLACEMENT_3D('',#6945,#5564,#5565);
#4519=AXIS2_PLACEMENT_3D('',#6946,#5566,#5567);
#4520=AXIS2_PLACEMENT_3D('',#6947,#5568,#5569);
#4521=AXIS2_PLACEMENT_3D('',#6950,#5571,#5572);
#4522=AXIS2_PLACEMENT_3D('',#6951,#5573,#5574);
#4523=AXIS2_PLACEMENT_3D('',#6955,#5577,#5578);
#4524=AXIS2_PLACEMENT_3D('',#6956,#5579,#5580);
#4525=AXIS2_PLACEMENT_3D('',#6957,#5581,#5582);
#4526=AXIS2_PLACEMENT_3D('',#6958,#5583,#5584);
#4527=AXIS2_PLACEMENT_3D('',#6959,#5585,#5586);
#4528=AXIS2_PLACEMENT_3D('',#6960,#5587,#5588);
#4529=AXIS2_PLACEMENT_3D('',#6966,#5592,#5593);
#4530=AXIS2_PLACEMENT_3D('',#6967,#5594,#5595);
#4531=AXIS2_PLACEMENT_3D('',#6968,#5596,#5597);
#4532=AXIS2_PLACEMENT_3D('',#6971,#5599,#5600);
#4533=AXIS2_PLACEMENT_3D('',#6972,#5601,#5602);
#4534=AXIS2_PLACEMENT_3D('',#6976,#5605,#5606);
#4535=AXIS2_PLACEMENT_3D('',#6977,#5607,#5608);
#4536=AXIS2_PLACEMENT_3D('',#6978,#5609,#5610);
#4537=AXIS2_PLACEMENT_3D('',#6979,#5611,#5612);
#4538=AXIS2_PLACEMENT_3D('',#6980,#5613,#5614);
#4539=AXIS2_PLACEMENT_3D('',#6981,#5615,#5616);
#4540=AXIS2_PLACEMENT_3D('',#6987,#5620,#5621);
#4541=AXIS2_PLACEMENT_3D('',#6988,#5622,#5623);
#4542=AXIS2_PLACEMENT_3D('',#6989,#5624,#5625);
#4543=AXIS2_PLACEMENT_3D('',#6992,#5627,#5628);
#4544=AXIS2_PLACEMENT_3D('',#6993,#5629,#5630);
#4545=AXIS2_PLACEMENT_3D('',#6997,#5633,#5634);
#4546=AXIS2_PLACEMENT_3D('',#6998,#5635,#5636);
#4547=AXIS2_PLACEMENT_3D('',#6999,#5637,#5638);
#4548=AXIS2_PLACEMENT_3D('',#7000,#5639,#5640);
#4549=AXIS2_PLACEMENT_3D('',#7001,#5641,#5642);
#4550=AXIS2_PLACEMENT_3D('',#7002,#5643,#5644);
#4551=AXIS2_PLACEMENT_3D('',#7008,#5648,#5649);
#4552=AXIS2_PLACEMENT_3D('',#7009,#5650,#5651);
#4553=AXIS2_PLACEMENT_3D('',#7010,#5652,#5653);
#4554=AXIS2_PLACEMENT_3D('',#7013,#5655,#5656);
#4555=AXIS2_PLACEMENT_3D('',#7014,#5657,#5658);
#4556=AXIS2_PLACEMENT_3D('',#7018,#5661,#5662);
#4557=AXIS2_PLACEMENT_3D('',#7019,#5663,#5664);
#4558=AXIS2_PLACEMENT_3D('',#7020,#5665,#5666);
#4559=AXIS2_PLACEMENT_3D('',#7021,#5667,#5668);
#4560=AXIS2_PLACEMENT_3D('',#7022,#5669,#5670);
#4561=AXIS2_PLACEMENT_3D('',#7023,#5671,#5672);
#4562=AXIS2_PLACEMENT_3D('',#7026,#5674,#5675);
#4563=AXIS2_PLACEMENT_3D('',#7027,#5676,#5677);
#4564=AXIS2_PLACEMENT_3D('',#7031,#5680,#5681);
#4565=AXIS2_PLACEMENT_3D('',#7032,#5682,#5683);
#4566=AXIS2_PLACEMENT_3D('',#7033,#5684,#5685);
#4567=AXIS2_PLACEMENT_3D('',#7036,#5687,#5688);
#4568=AXIS2_PLACEMENT_3D('',#7037,#5689,#5690);
#4569=AXIS2_PLACEMENT_3D('',#7041,#5693,#5694);
#4570=AXIS2_PLACEMENT_3D('',#7042,#5695,#5696);
#4571=AXIS2_PLACEMENT_3D('',#7043,#5697,#5698);
#4572=AXIS2_PLACEMENT_3D('',#7044,#5699,#5700);
#4573=AXIS2_PLACEMENT_3D('',#7050,#5704,#5705);
#4574=AXIS2_PLACEMENT_3D('',#7051,#5706,#5707);
#4575=AXIS2_PLACEMENT_3D('',#7052,#5708,#5709);
#4576=AXIS2_PLACEMENT_3D('',#7055,#5711,#5712);
#4577=AXIS2_PLACEMENT_3D('',#7056,#5713,#5714);
#4578=AXIS2_PLACEMENT_3D('',#7060,#5717,#5718);
#4579=AXIS2_PLACEMENT_3D('',#7061,#5719,#5720);
#4580=AXIS2_PLACEMENT_3D('',#7062,#5721,#5722);
#4581=AXIS2_PLACEMENT_3D('',#7063,#5723,#5724);
#4582=AXIS2_PLACEMENT_3D('',#7064,#5725,#5726);
#4583=AXIS2_PLACEMENT_3D('',#7065,#5727,#5728);
#4584=AXIS2_PLACEMENT_3D('',#7071,#5732,#5733);
#4585=AXIS2_PLACEMENT_3D('',#7072,#5734,#5735);
#4586=AXIS2_PLACEMENT_3D('',#7073,#5736,#5737);
#4587=AXIS2_PLACEMENT_3D('',#7076,#5739,#5740);
#4588=AXIS2_PLACEMENT_3D('',#7077,#5741,#5742);
#4589=AXIS2_PLACEMENT_3D('',#7081,#5745,#5746);
#4590=AXIS2_PLACEMENT_3D('',#7082,#5747,#5748);
#4591=AXIS2_PLACEMENT_3D('',#7083,#5749,#5750);
#4592=AXIS2_PLACEMENT_3D('',#7084,#5751,#5752);
#4593=AXIS2_PLACEMENT_3D('',#7085,#5753,#5754);
#4594=AXIS2_PLACEMENT_3D('',#7086,#5755,#5756);
#4595=AXIS2_PLACEMENT_3D('',#7092,#5760,#5761);
#4596=AXIS2_PLACEMENT_3D('',#7093,#5762,#5763);
#4597=AXIS2_PLACEMENT_3D('',#7094,#5764,#5765);
#4598=AXIS2_PLACEMENT_3D('',#7097,#5767,#5768);
#4599=AXIS2_PLACEMENT_3D('',#7098,#5769,#5770);
#4600=AXIS2_PLACEMENT_3D('',#7102,#5773,#5774);
#4601=AXIS2_PLACEMENT_3D('',#7103,#5775,#5776);
#4602=AXIS2_PLACEMENT_3D('',#7104,#5777,#5778);
#4603=AXIS2_PLACEMENT_3D('',#7105,#5779,#5780);
#4604=AXIS2_PLACEMENT_3D('',#7106,#5781,#5782);
#4605=AXIS2_PLACEMENT_3D('',#7107,#5783,#5784);
#4606=AXIS2_PLACEMENT_3D('',#7113,#5788,#5789);
#4607=AXIS2_PLACEMENT_3D('',#7114,#5790,#5791);
#4608=AXIS2_PLACEMENT_3D('',#7115,#5792,#5793);
#4609=AXIS2_PLACEMENT_3D('',#7118,#5795,#5796);
#4610=AXIS2_PLACEMENT_3D('',#7119,#5797,#5798);
#4611=AXIS2_PLACEMENT_3D('',#7123,#5801,#5802);
#4612=AXIS2_PLACEMENT_3D('',#7124,#5803,#5804);
#4613=AXIS2_PLACEMENT_3D('',#7125,#5805,#5806);
#4614=AXIS2_PLACEMENT_3D('',#7126,#5807,#5808);
#4615=AXIS2_PLACEMENT_3D('',#7127,#5809,#5810);
#4616=DIRECTION('',(0.,0.,1.));
#4617=DIRECTION('',(1.,0.,0.));
#4618=DIRECTION('',(-1.14491749414467E-16,7.32053306862197E-15,0.999999999999981));
#4619=DIRECTION('',(1.,6.88338275267582E-15,-2.02615701994087E-14));
#4620=DIRECTION('',(1.14491749414469E-16,-7.32053306862211E-15,-1.));
#4621=DIRECTION('',(0.,1.,-7.32053306862211E-15));
#4622=DIRECTION('',(1.,0.,1.14491749414469E-16));
#4623=DIRECTION('',(1.305161453382E-32,-1.,7.32053306862211E-15));
#4624=DIRECTION('',(-1.14491749414467E-16,7.32053306862197E-15,0.999999999999981));
#4625=DIRECTION('',(0.,-1.,7.32053306862211E-15));
#4626=DIRECTION('',(-1.,0.,-1.14491749414469E-16));
#4627=DIRECTION('',(1.14491749414469E-16,-7.32053306862211E-15,-1.));
#4628=DIRECTION('',(0.,1.,-7.32053306862211E-15));
#4629=DIRECTION('',(-5.95834576545522E-33,1.,-7.32053306862211E-15));
#4630=DIRECTION('',(-1.14491749414467E-16,7.32053306862197E-15,0.999999999999981));
#4631=DIRECTION('',(1.,6.88338275267582E-15,-2.02615701994087E-14));
#4632=DIRECTION('',(1.14491749414469E-16,-7.32053306862211E-15,-1.));
#4633=DIRECTION('',(0.,1.,-7.32053306862211E-15));
#4634=DIRECTION('',(-5.95834576545522E-33,1.,-7.32053306862211E-15));
#4635=DIRECTION('',(1.14491749414469E-16,-7.32053306862211E-15,-1.));
#4636=DIRECTION('',(0.,1.,-7.32053306862211E-15));
#4637=DIRECTION('',(-1.,0.,-1.14491749414469E-16));
#4638=DIRECTION('',(-1.14491749414467E-16,7.32053306862197E-15,0.999999999999981));
#4639=DIRECTION('',(0.,-1.,7.32053306862211E-15));
#4640=DIRECTION('',(1.30516145338334E-32,-1.,7.32053306862211E-15));
#4641=DIRECTION('',(1.,0.,1.14491749414469E-16));
#4642=DIRECTION('',(-1.14491749414467E-16,7.32053306862197E-15,0.999999999999981));
#4643=DIRECTION('',(1.,6.88338275267582E-15,-2.02615701994087E-14));
#4644=DIRECTION('',(1.14491749414469E-16,-7.32053306862211E-15,-1.));
#4645=DIRECTION('',(0.,1.,-7.32053306862211E-15));
#4646=DIRECTION('',(0.,1.,-7.32053306862211E-15));
#4647=DIRECTION('',(1.,-8.0643787653458E-17,1.1449174941447E-16));
#4648=DIRECTION('',(-1.30516145338874E-32,1.,-7.32053306862211E-15));
#4649=DIRECTION('',(-1.14491749414467E-16,7.32053306862197E-15,0.999999999999981));
#4650=DIRECTION('',(0.,-1.,7.32053306862211E-15));
#4651=DIRECTION('',(-1.,2.89832220943391E-16,-1.14491749414471E-16));
#4652=DIRECTION('',(0.,1.,-7.32053306862211E-15));
#4653=DIRECTION('',(1.14491749414469E-16,-7.32053306862211E-15,-1.));
#4654=DIRECTION('',(0.,1.,-7.32053306862211E-15));
#4655=DIRECTION('',(1.,8.38140637673016E-31,1.14491749414469E-16));
#4656=DIRECTION('',(-1.14491749414467E-16,7.32053306862197E-15,0.999999999999981));
#4657=DIRECTION('',(1.,6.88338275267582E-15,-2.02615701994087E-14));
#4658=DIRECTION('',(1.14491749414469E-16,-7.32053306862211E-15,-1.));
#4659=DIRECTION('',(0.,1.,-7.32053306862211E-15));
#4660=DIRECTION('',(0.,1.,-7.32053306862211E-15));
#4661=DIRECTION('',(1.14491749414469E-16,-7.32053306862211E-15,-1.));
#4662=DIRECTION('',(0.,1.,-7.32053306862211E-15));
#4663=DIRECTION('',(1.,8.38140637673016E-31,1.14491749414469E-16));
#4664=DIRECTION('',(1.14491749414469E-16,-7.32053306862211E-15,-1.));
#4665=DIRECTION('',(0.,1.,-7.32053306862211E-15));
#4666=DIRECTION('',(0.,1.,-7.32053306862211E-15));
#4667=DIRECTION('',(1.14491749414469E-16,-7.32053306862211E-15,-1.));
#4668=DIRECTION('',(0.,1.,-7.32053306862211E-15));
#4669=DIRECTION('',(1.,8.38140637673016E-31,1.14491749414469E-16));
#4670=DIRECTION('',(-1.14491749414467E-16,7.32053306862197E-15,0.999999999999981));
#4671=DIRECTION('',(1.,6.88338275267582E-15,-2.02615701994087E-14));
#4672=DIRECTION('',(1.14491749414469E-16,-7.32053306862211E-15,-1.));
#4673=DIRECTION('',(0.,1.,-7.32053306862211E-15));
#4674=DIRECTION('',(1.,8.38140637673016E-31,1.14491749414469E-16));
#4675=DIRECTION('',(1.14491749414469E-16,-7.32053306862211E-15,-1.));
#4676=DIRECTION('',(0.,1.,-7.32053306862211E-15));
#4677=DIRECTION('',(0.,1.,-7.32053306862211E-15));
#4678=DIRECTION('',(-1.,0.,-1.14491749414469E-16));
#4679=DIRECTION('',(-1.14491749414467E-16,7.32053306862197E-15,0.999999999999981));
#4680=DIRECTION('',(0.,-1.,7.32053306862211E-15));
#4681=DIRECTION('',(1.30516145338334E-32,-1.,7.32053306862211E-15));
#4682=DIRECTION('',(1.,0.,1.14491749414469E-16));
#4683=DIRECTION('',(0.,1.,-7.32053306862211E-15));
#4684=DIRECTION('',(-1.14491749414467E-16,7.32053306862197E-15,0.999999999999981));
#4685=DIRECTION('',(1.,6.88338275267582E-15,-2.02615701994087E-14));
#4686=DIRECTION('',(1.14491749414469E-16,-7.32053306862211E-15,-1.));
#4687=DIRECTION('',(0.,1.,-7.32053306862211E-15));
#4688=DIRECTION('',(1.,-8.0643787653458E-17,1.1449174941447E-16));
#4689=DIRECTION('',(-1.30516145338403E-32,1.,-7.32053306862211E-15));
#4690=DIRECTION('',(-1.14491749414467E-16,7.32053306862197E-15,0.999999999999981));
#4691=DIRECTION('',(0.,-1.,7.32053306862211E-15));
#4692=DIRECTION('',(-1.,2.89832220943391E-16,-1.14491749414471E-16));
#4693=DIRECTION('',(1.14491749414469E-16,-7.32053306862211E-15,-1.));
#4694=DIRECTION('',(0.,1.,-7.32053306862211E-15));
#4695=DIRECTION('',(-5.95834576544944E-33,1.,-7.32053306862211E-15));
#4696=DIRECTION('',(-1.14491749414467E-16,7.32053306862197E-15,0.999999999999981));
#4697=DIRECTION('',(1.,6.88338275267582E-15,-2.02615701994087E-14));
#4698=DIRECTION('',(1.14491749414469E-16,-7.32053306862211E-15,-1.));
#4699=DIRECTION('',(0.,1.,-7.32053306862211E-15));
#4700=DIRECTION('',(-5.95834576544944E-33,1.,-7.32053306862211E-15));
#4701=DIRECTION('',(1.14491749414469E-16,-7.32053306862211E-15,-1.));
#4702=DIRECTION('',(0.,1.,-7.32053306862211E-15));
#4703=DIRECTION('',(-1.,2.89832220943391E-16,-1.14491749414471E-16));
#4704=DIRECTION('',(-1.14491749414467E-16,7.32053306862197E-15,0.999999999999981));
#4705=DIRECTION('',(0.,-1.,7.32053306862211E-15));
#4706=DIRECTION('',(-1.30516145338874E-32,1.,-7.32053306862211E-15));
#4707=DIRECTION('',(1.,-8.0643787653458E-17,1.1449174941447E-16));
#4708=DIRECTION('',(-1.14491749414467E-16,7.32053306862197E-15,0.999999999999981));
#4709=DIRECTION('',(1.,6.88338275267582E-15,-2.02615701994087E-14));
#4710=DIRECTION('',(1.14491749414469E-16,-7.32053306862211E-15,-1.));
#4711=DIRECTION('',(0.,1.,-7.32053306862211E-15));
#4712=DIRECTION('',(1.,-8.0643787653458E-17,1.1449174941447E-16));
#4713=DIRECTION('',(1.14491749414469E-16,-7.32053306862211E-15,-1.));
#4714=DIRECTION('',(0.,1.,-7.32053306862211E-15));
#4715=DIRECTION('',(-5.95834576543192E-33,1.,-7.32053306862211E-15));
#4716=DIRECTION('',(1.14491749414469E-16,-7.32053306862211E-15,-1.));
#4717=DIRECTION('',(0.,1.,-7.32053306862211E-15));
#4718=DIRECTION('',(-1.,2.89832220943391E-16,-1.14491749414471E-16));
#4719=DIRECTION('',(1.14491749414469E-16,-7.32053306862211E-15,-1.));
#4720=DIRECTION('',(0.,1.,-7.32053306862211E-15));
#4721=DIRECTION('',(-5.95834576544348E-33,1.,-7.32053306862211E-15));
#4722=DIRECTION('',(-1.14491749414467E-16,7.32053306862197E-15,0.999999999999981));
#4723=DIRECTION('',(1.,6.88338275267582E-15,-2.02615701994087E-14));
#4724=DIRECTION('',(1.14491749414469E-16,-7.32053306862211E-15,-1.));
#4725=DIRECTION('',(0.,1.,-7.32053306862211E-15));
#4726=DIRECTION('',(1.,-8.0643787653458E-17,1.1449174941447E-16));
#4727=DIRECTION('',(-1.30516145337998E-32,1.,-7.32053306862211E-15));
#4728=DIRECTION('',(-1.14491749414467E-16,7.32053306862197E-15,0.999999999999981));
#4729=DIRECTION('',(0.,-1.,7.32053306862211E-15));
#4730=DIRECTION('',(-1.,2.89832220943391E-16,-1.14491749414471E-16));
#4731=DIRECTION('',(1.14491749414469E-16,-7.32053306862211E-15,-1.));
#4732=DIRECTION('',(0.,1.,-7.32053306862211E-15));
#4733=DIRECTION('',(-5.95834576543192E-33,1.,-7.32053306862211E-15));
#4734=DIRECTION('',(-1.14491749414467E-16,7.32053306862197E-15,0.999999999999981));
#4735=DIRECTION('',(1.,6.88338275267582E-15,-2.02615701994087E-14));
#4736=DIRECTION('',(1.14491749414469E-16,-7.32053306862211E-15,-1.));
#4737=DIRECTION('',(0.,1.,-7.32053306862211E-15));
#4738=DIRECTION('',(-5.95834576544944E-33,1.,-7.32053306862211E-15));
#4739=DIRECTION('',(1.14491749414469E-16,-7.32053306862211E-15,-1.));
#4740=DIRECTION('',(0.,1.,-7.32053306862211E-15));
#4741=DIRECTION('',(-1.,2.89832220943391E-16,-1.14491749414471E-16));
#4742=DIRECTION('',(-1.14491749414467E-16,7.32053306862197E-15,0.999999999999981));
#4743=DIRECTION('',(0.,-1.,7.32053306862211E-15));
#4744=DIRECTION('',(-1.30516145338403E-32,1.,-7.32053306862211E-15));
#4745=DIRECTION('',(1.,-8.0643787653458E-17,1.1449174941447E-16));
#4746=DIRECTION('',(-1.14491749414467E-16,7.32053306862197E-15,0.999999999999981));
#4747=DIRECTION('',(1.,6.88338275267582E-15,-2.02615701994087E-14));
#4748=DIRECTION('',(1.14491749414469E-16,-7.32053306862211E-15,-1.));
#4749=DIRECTION('',(0.,1.,-7.32053306862211E-15));
#4750=DIRECTION('',(0.,1.,-7.32053306862211E-15));
#4751=DIRECTION('',(1.14491749414469E-16,-7.32053306862211E-15,-1.));
#4752=DIRECTION('',(0.,1.,-7.32053306862211E-15));
#4753=DIRECTION('',(-1.,-8.38140637673016E-31,-1.14491749414469E-16));
#4754=DIRECTION('',(1.14491749414469E-16,-7.32053306862211E-15,-1.));
#4755=DIRECTION('',(0.,1.,-7.32053306862211E-15));
#4756=DIRECTION('',(4.41879810796083E-16,1.,-7.32053306862211E-15));
#4757=DIRECTION('',(1.14491749414469E-16,-7.32053306862211E-15,-1.));
#4758=DIRECTION('',(0.,1.,-7.32053306862211E-15));
#4759=DIRECTION('',(-1.,-8.38140637673016E-31,-1.14491749414469E-16));
#4760=DIRECTION('',(-1.14491749414467E-16,7.32053306862197E-15,0.999999999999981));
#4761=DIRECTION('',(1.,6.88338275267582E-15,-2.02615701994087E-14));
#4762=DIRECTION('',(1.14491749414469E-16,-7.32053306862211E-15,-1.));
#4763=DIRECTION('',(0.,1.,-7.32053306862211E-15));
#4764=DIRECTION('',(0.,1.,-7.32053306862211E-15));
#4765=DIRECTION('',(1.,0.,1.14491749414469E-16));
#4766=DIRECTION('',(1.30516145338334E-32,-1.,7.32053306862211E-15));
#4767=DIRECTION('',(-1.14491749414467E-16,7.32053306862197E-15,0.999999999999981));
#4768=DIRECTION('',(0.,-1.,7.32053306862211E-15));
#4769=DIRECTION('',(-1.,0.,-1.14491749414469E-16));
#4770=DIRECTION('',(4.41879810796083E-16,1.,-7.32053306862211E-15));
#4771=DIRECTION('',(1.14491749414469E-16,-7.32053306862211E-15,-1.));
#4772=DIRECTION('',(0.,1.,-7.32053306862211E-15));
#4773=DIRECTION('',(-1.,-8.38140637673016E-31,-1.14491749414469E-16));
#4774=DIRECTION('',(-1.14491749414467E-16,7.32053306862197E-15,0.999999999999981));
#4775=DIRECTION('',(1.,6.88338275267582E-15,-2.02615701994087E-14));
#4776=DIRECTION('',(1.14491749414469E-16,-7.32053306862211E-15,-1.));
#4777=DIRECTION('',(0.,1.,-7.32053306862211E-15));
#4778=DIRECTION('',(-1.,-8.38140637673016E-31,-1.14491749414469E-16));
#4779=DIRECTION('',(1.14491749414469E-16,-7.32053306862211E-15,-1.));
#4780=DIRECTION('',(0.,1.,-7.32053306862211E-15));
#4781=DIRECTION('',(4.41879810796083E-16,1.,-7.32053306862211E-15));
#4782=DIRECTION('',(-1.,2.89832220943391E-16,-1.14491749414471E-16));
#4783=DIRECTION('',(-1.14491749414467E-16,7.32053306862197E-15,0.999999999999981));
#4784=DIRECTION('',(0.,-1.,7.32053306862211E-15));
#4785=DIRECTION('',(-1.30516145337998E-32,1.,-7.32053306862211E-15));
#4786=DIRECTION('',(1.,-8.0643787653458E-17,1.1449174941447E-16));
#4787=DIRECTION('',(0.,1.,-7.32053306862211E-15));
#4788=DIRECTION('',(-1.14491749414467E-16,7.32053306862197E-15,0.999999999999981));
#4789=DIRECTION('',(1.,6.88338275267582E-15,-2.02615701994087E-14));
#4790=DIRECTION('',(1.14491749414469E-16,-7.32053306862211E-15,-1.));
#4791=DIRECTION('',(0.,1.,-7.32053306862211E-15));
#4792=DIRECTION('',(1.,0.,1.14491749414469E-16));
#4793=DIRECTION('',(1.30516145338334E-32,-1.,7.32053306862211E-15));
#4794=DIRECTION('',(-1.14491749414467E-16,7.32053306862197E-15,0.999999999999981));
#4795=DIRECTION('',(0.,-1.,7.32053306862211E-15));
#4796=DIRECTION('',(-1.,0.,-1.14491749414469E-16));
#4797=DIRECTION('',(1.14491749414469E-16,-7.32053306862211E-15,-1.));
#4798=DIRECTION('',(0.,1.,-7.32053306862211E-15));
#4799=DIRECTION('',(-5.95834576545522E-33,1.,-7.32053306862211E-15));
#4800=DIRECTION('',(-1.14491749414467E-16,7.32053306862197E-15,0.999999999999981));
#4801=DIRECTION('',(1.,6.88338275267582E-15,-2.02615701994087E-14));
#4802=DIRECTION('',(1.14491749414469E-16,-7.32053306862211E-15,-1.));
#4803=DIRECTION('',(0.,1.,-7.32053306862211E-15));
#4804=DIRECTION('',(-5.95834576545522E-33,1.,-7.32053306862211E-15));
#4805=DIRECTION('',(1.14491749414469E-16,-7.32053306862211E-15,-1.));
#4806=DIRECTION('',(0.,1.,-7.32053306862211E-15));
#4807=DIRECTION('',(-1.,0.,-1.14491749414469E-16));
#4808=DIRECTION('',(-1.14491749414467E-16,7.32053306862197E-15,0.999999999999981));
#4809=DIRECTION('',(0.,-1.,7.32053306862211E-15));
#4810=DIRECTION('',(1.30516145338334E-32,-1.,7.32053306862211E-15));
#4811=DIRECTION('',(1.,0.,1.14491749414469E-16));
#4812=DIRECTION('',(-1.14491749414467E-16,7.32053306862197E-15,0.999999999999981));
#4813=DIRECTION('',(1.,6.88338275267582E-15,-2.02615701994087E-14));
#4814=DIRECTION('',(1.14491749414469E-16,-7.32053306862211E-15,-1.));
#4815=DIRECTION('',(0.,1.,-7.32053306862211E-15));
#4816=DIRECTION('',(1.,0.,1.14491749414469E-16));
#4817=DIRECTION('',(1.30516145338334E-32,-1.,7.32053306862211E-15));
#4818=DIRECTION('',(-1.14491749414467E-16,7.32053306862197E-15,0.999999999999981));
#4819=DIRECTION('',(0.,-1.,7.32053306862211E-15));
#4820=DIRECTION('',(-1.,0.,-1.14491749414469E-16));
#4821=DIRECTION('',(1.14491749414469E-16,-7.32053306862211E-15,-1.));
#4822=DIRECTION('',(0.,1.,-7.32053306862211E-15));
#4823=DIRECTION('',(-5.95834576545522E-33,1.,-7.32053306862211E-15));
#4824=DIRECTION('',(-1.14491749414467E-16,7.32053306862197E-15,0.999999999999981));
#4825=DIRECTION('',(1.,6.88338275267582E-15,-2.02615701994087E-14));
#4826=DIRECTION('',(1.14491749414469E-16,-7.32053306862211E-15,-1.));
#4827=DIRECTION('',(0.,1.,-7.32053306862211E-15));
#4828=DIRECTION('',(-5.95834576545522E-33,1.,-7.32053306862211E-15));
#4829=DIRECTION('',(1.14491749414469E-16,-7.32053306862211E-15,-1.));
#4830=DIRECTION('',(0.,1.,-7.32053306862211E-15));
#4831=DIRECTION('',(-1.,0.,-1.14491749414469E-16));
#4832=DIRECTION('',(-1.14491749414467E-16,7.32053306862197E-15,0.999999999999981));
#4833=DIRECTION('',(0.,-1.,7.32053306862211E-15));
#4834=DIRECTION('',(1.30516145338334E-32,-1.,7.32053306862211E-15));
#4835=DIRECTION('',(1.,0.,1.14491749414469E-16));
#4836=DIRECTION('',(-2.89832220943391E-16,-1.,0.));
#4837=DIRECTION('',(1.,-2.89832220943391E-16,0.));
#4838=DIRECTION('',(-1.,2.89832220943391E-16,-1.14491749414471E-16));
#4839=DIRECTION('',(1.14491749414469E-16,-7.32053306862211E-15,-1.));
#4840=DIRECTION('',(-1.14491749414469E-16,7.32053306862211E-15,1.));
#4841=DIRECTION('',(-1.,2.89832220943391E-16,-1.14491749414471E-16));
#4842=DIRECTION('',(-1.14491749414469E-16,7.32053306862211E-15,1.));
#4843=DIRECTION('',(1.14491749414469E-16,-7.32053306862211E-15,-1.));
#4844=DIRECTION('',(-1.,2.89832220943391E-16,-1.14491749414471E-16));
#4845=DIRECTION('',(1.14491749414469E-16,-7.32053306862211E-15,-1.));
#4846=DIRECTION('',(1.14491749414469E-16,-7.32053306862211E-15,-1.));
#4847=DIRECTION('',(-1.,2.89832220943391E-16,-1.14491749414471E-16));
#4848=DIRECTION('',(1.14491749414469E-16,-7.32053306862211E-15,-1.));
#4849=DIRECTION('',(-1.14491749414469E-16,7.32053306862211E-15,1.));
#4850=DIRECTION('',(-1.,2.89832220943391E-16,-1.14491749414471E-16));
#4851=DIRECTION('',(-1.14491749414469E-16,7.32053306862211E-15,1.));
#4852=DIRECTION('',(0.,0.,1.));
#4853=DIRECTION('',(1.,-2.89832220943391E-16,0.));
#4854=DIRECTION('',(0.,0.,1.));
#4855=DIRECTION('',(1.,-2.89832220943391E-16,0.));
#4856=DIRECTION('',(0.,0.,1.));
#4857=DIRECTION('',(1.,-2.89832220943391E-16,0.));
#4858=DIRECTION('',(0.,0.,1.));
#4859=DIRECTION('',(1.,-2.89832220943391E-16,0.));
#4860=DIRECTION('',(0.,0.,1.));
#4861=DIRECTION('',(1.,-2.89832220943391E-16,0.));
#4862=DIRECTION('',(0.,0.,1.));
#4863=DIRECTION('',(1.,-2.89832220943391E-16,0.));
#4864=DIRECTION('',(0.,0.,1.));
#4865=DIRECTION('',(1.,-2.89832220943391E-16,0.));
#4866=DIRECTION('',(0.,0.,1.));
#4867=DIRECTION('',(1.,-2.89832220943391E-16,0.));
#4868=DIRECTION('',(0.,0.,1.));
#4869=DIRECTION('',(1.,-2.89832220943391E-16,0.));
#4870=DIRECTION('',(0.,0.,1.));
#4871=DIRECTION('',(1.,-2.89832220943391E-16,0.));
#4872=DIRECTION('',(0.,0.,1.));
#4873=DIRECTION('',(1.,-2.89832220943391E-16,0.));
#4874=DIRECTION('',(0.,0.,1.));
#4875=DIRECTION('',(-1.14491749414469E-16,7.32053306862211E-15,1.));
#4876=DIRECTION('',(-1.,2.89832220943391E-16,-1.14491749414471E-16));
#4877=DIRECTION('',(-1.14491749414469E-16,7.32053306862211E-15,1.));
#4878=DIRECTION('',(1.14491749414469E-16,-7.32053306862211E-15,-1.));
#4879=DIRECTION('',(-1.,4.41879810796083E-16,0.));
#4880=DIRECTION('',(-4.41879810796083E-16,-1.,0.));
#4881=DIRECTION('',(4.41879810796083E-16,1.,-7.32053306862211E-15));
#4882=DIRECTION('',(1.14491749414469E-16,-7.32053306862211E-15,-1.));
#4883=DIRECTION('',(1.14491749414469E-16,-7.32053306862211E-15,-1.));
#4884=DIRECTION('',(4.41879810796083E-16,1.,-7.32053306862211E-15));
#4885=DIRECTION('',(1.14491749414469E-16,-7.32053306862211E-15,-1.));
#4886=DIRECTION('',(0.,0.,1.));
#4887=DIRECTION('',(-4.41879810796083E-16,-1.,0.));
#4888=DIRECTION('',(0.,0.,1.));
#4889=DIRECTION('',(-4.41879810796083E-16,-1.,0.));
#4890=DIRECTION('',(0.,0.,1.));
#4891=DIRECTION('',(-4.41879810796083E-16,-1.,0.));
#4892=DIRECTION('',(0.,0.,1.));
#4893=DIRECTION('',(-4.41879810796083E-16,-1.,0.));
#4894=DIRECTION('',(1.14491749414469E-16,-7.32053306862211E-15,-1.));
#4895=DIRECTION('',(-1.,0.,0.));
#4896=DIRECTION('',(0.,0.,1.));
#4897=DIRECTION('',(0.,1.,-7.32053306862211E-15));
#4898=DIRECTION('',(1.14491749414469E-16,-7.32053306862211E-15,-1.));
#4899=DIRECTION('',(0.,-1.,0.));
#4900=DIRECTION('',(0.,0.,1.));
#4901=DIRECTION('',(0.,-1.,0.));
#4902=DIRECTION('',(0.,0.,1.));
#4903=DIRECTION('',(0.,-1.,0.));
#4904=DIRECTION('',(0.,0.,1.));
#4905=DIRECTION('',(1.14491749414469E-16,-7.32053306862211E-15,-1.));
#4906=DIRECTION('',(0.,1.,-7.32053306862211E-15));
#4907=DIRECTION('',(1.14491749414469E-16,-7.32053306862211E-15,-1.));
#4908=DIRECTION('',(1.14491749414469E-16,-7.32053306862211E-15,-1.));
#4909=DIRECTION('',(-8.0643787653458E-17,-1.,0.));
#4910=DIRECTION('',(1.,-8.0643787653458E-17,0.));
#4911=DIRECTION('',(-1.14491749414469E-16,7.32053306862211E-15,1.));
#4912=DIRECTION('',(-8.0643787653458E-17,-1.,0.));
#4913=DIRECTION('',(1.,-8.0643787653458E-17,0.));
#4914=DIRECTION('',(0.,0.,-1.));
#4915=DIRECTION('',(-1.,8.0643787653458E-17,0.));
#4916=DIRECTION('',(-8.0643787653458E-17,-1.,0.));
#4917=DIRECTION('',(1.,-8.0643787653458E-17,0.));
#4918=DIRECTION('',(-8.0643787653458E-17,-1.,0.));
#4919=DIRECTION('',(1.,-8.0643787653458E-17,0.));
#4920=DIRECTION('',(-1.14491749414469E-16,7.32053306862211E-15,1.));
#4921=DIRECTION('',(-1.,8.0643787653458E-17,0.));
#4922=DIRECTION('',(-1.14491749414469E-16,7.32053306862211E-15,1.));
#4923=DIRECTION('',(-8.0643787653458E-17,-1.,0.));
#4924=DIRECTION('',(1.,-8.0643787653458E-17,0.));
#4925=DIRECTION('',(1.14491749414469E-16,-7.32053306862211E-15,-1.));
#4926=DIRECTION('',(1.,-8.0643787653458E-17,1.1449174941447E-16));
#4927=DIRECTION('',(1.14491749414469E-16,-7.32053306862211E-15,-1.));
#4928=DIRECTION('',(-8.0643787653458E-17,-1.,0.));
#4929=DIRECTION('',(1.,-8.0643787653458E-17,0.));
#4930=DIRECTION('',(-8.0643787653458E-17,-1.,0.));
#4931=DIRECTION('',(1.,-8.0643787653458E-17,0.));
#4932=DIRECTION('',(-1.14491749414469E-16,7.32053306862211E-15,1.));
#4933=DIRECTION('',(-1.,8.0643787653458E-17,0.));
#4934=DIRECTION('',(-1.14491749414469E-16,7.32053306862211E-15,1.));
#4935=DIRECTION('',(-8.0643787653458E-17,-1.,0.));
#4936=DIRECTION('',(1.,-8.0643787653458E-17,0.));
#4937=DIRECTION('',(1.14491749414469E-16,-7.32053306862211E-15,-1.));
#4938=DIRECTION('',(1.,-8.0643787653458E-17,1.1449174941447E-16));
#4939=DIRECTION('',(1.14491749414469E-16,-7.32053306862211E-15,-1.));
#4940=DIRECTION('',(1.14491749414469E-16,-7.32053306862211E-15,-1.));
#4941=DIRECTION('',(1.,-8.0643787653458E-17,1.1449174941447E-16));
#4942=DIRECTION('',(1.14491749414469E-16,-7.32053306862211E-15,-1.));
#4943=DIRECTION('',(0.,-1.,0.));
#4944=DIRECTION('',(0.,0.,-1.));
#4945=DIRECTION('',(0.,-1.,0.));
#4946=DIRECTION('',(0.,0.,-1.));
#4947=DIRECTION('',(-1.14491749414469E-16,7.32053306862211E-15,1.));
#4948=DIRECTION('',(-1.,0.,0.));
#4949=DIRECTION('',(0.,0.,-1.));
#4950=DIRECTION('',(0.,-1.,0.));
#4951=DIRECTION('',(0.,0.,-1.));
#4952=DIRECTION('',(1.14491749414469E-16,-7.32053306862211E-15,-1.));
#4953=DIRECTION('',(1.,0.,1.14491749414469E-16));
#4954=DIRECTION('',(1.14491749414469E-16,-7.32053306862211E-15,-1.));
#4955=DIRECTION('',(0.,-1.,0.));
#4956=DIRECTION('',(0.,0.,-1.));
#4957=DIRECTION('',(-1.14491749414469E-16,7.32053306862211E-15,1.));
#4958=DIRECTION('',(-1.,0.,0.));
#4959=DIRECTION('',(-1.14491749414469E-16,7.32053306862211E-15,1.));
#4960=DIRECTION('',(0.,-1.,0.));
#4961=DIRECTION('',(0.,0.,-1.));
#4962=DIRECTION('',(0.,-1.,0.));
#4963=DIRECTION('',(0.,0.,-1.));
#4964=DIRECTION('',(1.14491749414469E-16,-7.32053306862211E-15,-1.));
#4965=DIRECTION('',(1.,0.,1.14491749414469E-16));
#4966=DIRECTION('',(1.14491749414469E-16,-7.32053306862211E-15,-1.));
#4967=DIRECTION('',(0.,-1.,0.));
#4968=DIRECTION('',(0.,0.,-1.));
#4969=DIRECTION('',(-1.14491749414469E-16,7.32053306862211E-15,1.));
#4970=DIRECTION('',(-1.,0.,0.));
#4971=DIRECTION('',(-1.14491749414469E-16,7.32053306862211E-15,1.));
#4972=DIRECTION('',(0.,-1.,0.));
#4973=DIRECTION('',(0.,0.,-1.));
#4974=DIRECTION('',(0.,-1.,0.));
#4975=DIRECTION('',(0.,0.,-1.));
#4976=DIRECTION('',(1.14491749414469E-16,-7.32053306862211E-15,-1.));
#4977=DIRECTION('',(1.,0.,1.14491749414469E-16));
#4978=DIRECTION('',(1.14491749414469E-16,-7.32053306862211E-15,-1.));
#4979=DIRECTION('',(0.,-1.,0.));
#4980=DIRECTION('',(0.,0.,-1.));
#4981=DIRECTION('',(-1.14491749414469E-16,7.32053306862211E-15,1.));
#4982=DIRECTION('',(-1.,0.,0.));
#4983=DIRECTION('',(-1.14491749414469E-16,7.32053306862211E-15,1.));
#4984=DIRECTION('',(0.,-1.,0.));
#4985=DIRECTION('',(0.,0.,-1.));
#4986=DIRECTION('',(-8.0643787653458E-17,-1.,0.));
#4987=DIRECTION('',(1.,-8.0643787653458E-17,0.));
#4988=DIRECTION('',(-8.0643787653458E-17,-1.,0.));
#4989=DIRECTION('',(1.,-8.0643787653458E-17,0.));
#4990=DIRECTION('',(-1.14491749414469E-16,7.32053306862211E-15,1.));
#4991=DIRECTION('',(-1.,8.0643787653458E-17,0.));
#4992=DIRECTION('',(0.,0.,-1.));
#4993=DIRECTION('',(1.,0.,0.));
#4994=DIRECTION('',(0.,0.,-1.));
#4995=DIRECTION('',(0.,0.,-1.));
#4996=DIRECTION('',(1.14491749414469E-16,-7.32053306862211E-15,-1.));
#4997=DIRECTION('',(0.,1.,-7.32053306862211E-15));
#4998=DIRECTION('',(1.14491749414469E-16,-7.32053306862211E-15,-1.));
#4999=DIRECTION('',(1.14491749414469E-16,-7.32053306862211E-15,-1.));
#5000=DIRECTION('',(0.,1.,-7.32053306862211E-15));
#5001=DIRECTION('',(1.14491749414469E-16,-7.32053306862211E-15,-1.));
#5002=DIRECTION('',(0.,-1.,0.));
#5003=DIRECTION('',(0.,-1.,0.));
#5004=DIRECTION('',(0.,0.,-1.));
#5005=DIRECTION('',(-1.14491749414469E-16,7.32053306862211E-15,1.));
#5006=DIRECTION('',(0.,-1.,0.));
#5007=DIRECTION('',(0.,0.,-1.));
#5008=DIRECTION('',(-1.,0.,0.));
#5009=DIRECTION('',(1.,0.,0.));
#5010=DIRECTION('',(0.,0.,-1.));
#5011=DIRECTION('',(0.,-1.,0.));
#5012=DIRECTION('',(0.,0.,-1.));
#5013=DIRECTION('',(0.,-1.,0.));
#5014=DIRECTION('',(0.,0.,-1.));
#5015=DIRECTION('',(0.,-1.,0.));
#5016=DIRECTION('',(0.,0.,-1.));
#5017=DIRECTION('',(-1.,0.,0.));
#5018=DIRECTION('',(0.,0.,-1.));
#5019=DIRECTION('',(-1.,0.,0.));
#5020=DIRECTION('',(1.,0.,0.));
#5021=DIRECTION('',(0.,0.,-1.));
#5022=DIRECTION('',(0.,-1.,0.));
#5023=DIRECTION('',(0.,0.,-1.));
#5024=DIRECTION('',(0.,-1.,0.));
#5025=DIRECTION('',(0.,-1.,0.));
#5026=DIRECTION('',(0.,0.,-1.));
#5027=DIRECTION('',(-1.,0.,0.));
#5028=DIRECTION('',(-1.,0.,0.));
#5029=DIRECTION('',(1.,0.,0.));
#5030=DIRECTION('',(0.,0.,-1.));
#5031=DIRECTION('',(0.,-1.,0.));
#5032=DIRECTION('',(1.14491749414469E-16,-7.32053306862211E-15,-1.));
#5033=DIRECTION('',(0.,1.,-7.32053306862211E-15));
#5034=DIRECTION('',(1.14491749414469E-16,-7.32053306862211E-15,-1.));
#5035=DIRECTION('',(1.14491749414469E-16,-7.32053306862211E-15,-1.));
#5036=DIRECTION('',(0.,1.,-7.32053306862211E-15));
#5037=DIRECTION('',(1.14491749414469E-16,-7.32053306862211E-15,-1.));
#5038=DIRECTION('',(0.,0.,1.));
#5039=DIRECTION('',(1.,0.,0.));
#5040=DIRECTION('',(1.30516145338196E-32,-1.,7.32053306862211E-15));
#5041=DIRECTION('',(1.30516145338331E-32,-1.,7.32053306862211E-15));
#5042=DIRECTION('',(1.14491749414469E-16,-7.32053306862211E-15,-1.));
#5043=DIRECTION('',(0.,1.,-7.32053306862211E-15));
#5044=DIRECTION('',(1.30516145338331E-32,-1.,7.32053306862211E-15));
#5045=DIRECTION('',(1.30516145338331E-32,-1.,7.32053306862211E-15));
#5046=DIRECTION('',(1.14491749414469E-16,-7.32053306862211E-15,-1.));
#5047=DIRECTION('',(0.,1.,-7.32053306862211E-15));
#5048=DIRECTION('',(1.30516145338331E-32,-1.,7.32053306862211E-15));
#5049=DIRECTION('',(1.30516145338331E-32,-1.,7.32053306862211E-15));
#5050=DIRECTION('',(1.14491749414469E-16,-7.32053306862211E-15,-1.));
#5051=DIRECTION('',(0.,1.,-7.32053306862211E-15));
#5052=DIRECTION('',(1.30516145338331E-32,-1.,7.32053306862211E-15));
#5053=DIRECTION('',(-1.30516145337994E-32,1.,-7.32053306862211E-15));
#5054=DIRECTION('',(1.14491749414469E-16,-7.32053306862211E-15,-1.));
#5055=DIRECTION('',(0.,1.,-7.32053306862211E-15));
#5056=DIRECTION('',(-1.30516145337994E-32,1.,-7.32053306862211E-15));
#5057=DIRECTION('',(-1.305161453384E-32,1.,-7.32053306862211E-15));
#5058=DIRECTION('',(1.14491749414469E-16,-7.32053306862211E-15,-1.));
#5059=DIRECTION('',(0.,1.,-7.32053306862211E-15));
#5060=DIRECTION('',(-1.305161453384E-32,1.,-7.32053306862211E-15));
#5061=DIRECTION('',(-1.30516145338872E-32,1.,-7.32053306862211E-15));
#5062=DIRECTION('',(1.14491749414469E-16,-7.32053306862211E-15,-1.));
#5063=DIRECTION('',(0.,1.,-7.32053306862211E-15));
#5064=DIRECTION('',(-1.30516145338872E-32,1.,-7.32053306862211E-15));
#5065=DIRECTION('',(1.30516145338331E-32,-1.,7.32053306862211E-15));
#5066=DIRECTION('',(1.14491749414469E-16,-7.32053306862211E-15,-1.));
#5067=DIRECTION('',(0.,1.,-7.32053306862211E-15));
#5068=DIRECTION('',(1.14491749414469E-16,-7.32053306862211E-15,-1.));
#5069=DIRECTION('',(0.,1.,-7.32053306862211E-15));
#5070=DIRECTION('',(1.14491749414469E-16,-7.32053306862211E-15,-1.));
#5071=DIRECTION('',(0.,1.,-7.32053306862211E-15));
#5072=DIRECTION('',(1.14491749414469E-16,-7.32053306862211E-15,-1.));
#5073=DIRECTION('',(0.,1.,-7.32053306862211E-15));
#5074=DIRECTION('',(1.14491749414469E-16,-7.32053306862211E-15,-1.));
#5075=DIRECTION('',(0.,1.,-7.32053306862211E-15));
#5076=DIRECTION('',(1.14491749414469E-16,-7.32053306862211E-15,-1.));
#5077=DIRECTION('',(0.,1.,-7.32053306862211E-15));
#5078=DIRECTION('',(1.14491749414469E-16,-7.32053306862211E-15,-1.));
#5079=DIRECTION('',(0.,1.,-7.32053306862211E-15));
#5080=DIRECTION('',(1.14491749414469E-16,-7.32053306862211E-15,-1.));
#5081=DIRECTION('',(0.,1.,-7.32053306862211E-15));
#5082=DIRECTION('',(0.,0.,1.));
#5083=DIRECTION('',(1.,0.,0.));
#5084=DIRECTION('',(1.,-7.32161467078882E-15,0.));
#5085=DIRECTION('',(5.71985071934637E-16,-1.,0.));
#5086=DIRECTION('',(1.,-7.98721600449691E-15,0.));
#5087=DIRECTION('',(-6.95628461544563E-15,-1.,0.));
#5088=DIRECTION('',(-8.45383539703392E-15,-1.,0.));
#5089=DIRECTION('',(1.,0.,0.));
#5090=DIRECTION('',(-7.68530490639447E-15,-1.,0.));
#5091=DIRECTION('',(-7.98721600449898E-15,-1.,0.));
#5092=DIRECTION('',(1.,0.,0.));
#5093=DIRECTION('',(-7.98721600449899E-15,-1.,0.));
#5094=DIRECTION('',(-7.98721600449899E-15,-1.,0.));
#5095=DIRECTION('',(1.,0.,0.));
#5096=DIRECTION('',(-7.987216004499E-15,-1.,0.));
#5097=DIRECTION('',(-7.987216004499E-15,-1.,0.));
#5098=DIRECTION('',(1.,0.,0.));
#5099=DIRECTION('',(-7.98721600449901E-15,-1.,0.));
#5100=DIRECTION('',(-7.987216004499E-15,-1.,0.));
#5101=DIRECTION('',(1.,0.,0.));
#5102=DIRECTION('',(1.,-7.65441533764739E-15,0.));
#5103=DIRECTION('',(1.,0.,0.));
#5104=DIRECTION('',(-7.53331992960214E-15,-1.,0.));
#5105=DIRECTION('',(1.,-7.64917438226391E-15,0.));
#5106=DIRECTION('',(1.,0.,0.));
#5107=DIRECTION('',(8.74191357972337E-15,1.,0.));
#5108=DIRECTION('',(1.,-7.28492798310445E-15,0.));
#5109=DIRECTION('',(0.,1.,0.));
#5110=DIRECTION('',(1.,0.,0.));
#5111=DIRECTION('',(-8.74191357972537E-15,-1.,0.));
#5112=DIRECTION('',(0.,-1.,0.));
#5113=DIRECTION('',(1.,0.,0.));
#5114=DIRECTION('',(-7.53331992960214E-15,-1.,0.));
#5115=DIRECTION('',(-1.,0.,0.));
#5116=DIRECTION('',(0.,1.,0.));
#5117=DIRECTION('',(1.,-7.33247529861182E-15,0.));
#5118=DIRECTION('',(7.28492798310404E-15,1.,0.));
#5119=DIRECTION('',(1.,-7.76087953173008E-15,0.));
#5120=DIRECTION('',(0.,-1.,0.));
#5121=DIRECTION('',(0.,0.,-1.));
#5122=DIRECTION('',(-1.,0.,-1.14491749414469E-16));
#5123=DIRECTION('',(1.14491749414469E-16,-7.32053306862211E-15,-1.));
#5124=DIRECTION('',(-1.14491749414469E-16,7.32053306862211E-15,1.));
#5125=DIRECTION('',(-1.,0.,-1.14491749414469E-16));
#5126=DIRECTION('',(-1.14491749414469E-16,7.32053306862211E-15,1.));
#5127=DIRECTION('',(1.14491749414469E-16,-7.32053306862211E-15,-1.));
#5128=DIRECTION('',(-1.,0.,-1.14491749414469E-16));
#5129=DIRECTION('',(1.14491749414469E-16,-7.32053306862211E-15,-1.));
#5130=DIRECTION('',(-1.14491749414469E-16,7.32053306862211E-15,1.));
#5131=DIRECTION('',(-1.,0.,-1.14491749414469E-16));
#5132=DIRECTION('',(-1.14491749414469E-16,7.32053306862211E-15,1.));
#5133=DIRECTION('',(1.14491749414469E-16,-7.32053306862211E-15,-1.));
#5134=DIRECTION('',(-1.,0.,-1.14491749414469E-16));
#5135=DIRECTION('',(1.14491749414469E-16,-7.32053306862211E-15,-1.));
#5136=DIRECTION('',(-1.14491749414469E-16,7.32053306862211E-15,1.));
#5137=DIRECTION('',(-1.,0.,-1.14491749414469E-16));
#5138=DIRECTION('',(-1.14491749414469E-16,7.32053306862211E-15,1.));
#5139=DIRECTION('',(1.,0.,0.));
#5140=DIRECTION('',(0.,0.,1.));
#5141=DIRECTION('',(-1.14491749414469E-16,7.32053306862211E-15,1.));
#5142=DIRECTION('',(-1.,0.,-1.14491749414469E-16));
#5143=DIRECTION('',(-1.14491749414469E-16,7.32053306862211E-15,1.));
#5144=DIRECTION('',(1.14491749414469E-16,-7.32053306862211E-15,-1.));
#5145=DIRECTION('',(1.14491749414469E-16,-7.32053306862211E-15,-1.));
#5146=DIRECTION('',(1.,8.38140637673016E-31,1.14491749414469E-16));
#5147=DIRECTION('',(1.14491749414469E-16,-7.32053306862211E-15,-1.));
#5148=DIRECTION('',(0.,1.,-7.32053306862211E-15));
#5149=DIRECTION('',(-1.14491749414469E-16,7.32053306862211E-15,1.));
#5150=DIRECTION('',(0.,-1.,7.32053306862211E-15));
#5151=DIRECTION('',(-1.14491749414467E-16,7.32053306862197E-15,0.999999999999981));
#5152=DIRECTION('',(0.,-1.,7.32053306862211E-15));
#5153=DIRECTION('',(-1.14491749414469E-16,7.32053306862211E-15,1.));
#5154=DIRECTION('',(-1.14491749414469E-16,7.32053306862211E-15,1.));
#5155=DIRECTION('',(-1.14491749414467E-16,7.32053306862197E-15,0.999999999999981));
#5156=DIRECTION('',(0.,-1.,7.32053306862211E-15));
#5157=DIRECTION('',(-1.,-8.51192252206849E-31,-1.14491749414469E-16));
#5158=DIRECTION('',(-1.14491749414469E-16,0.,1.));
#5159=DIRECTION('',(1.30516145338332E-32,-1.,7.32053306862211E-15));
#5160=DIRECTION('',(-1.14491749414469E-16,7.32053306862211E-15,1.));
#5161=DIRECTION('',(0.,-1.,7.32053306862211E-15));
#5162=DIRECTION('',(1.14491749414469E-16,-7.32053306862211E-15,-1.));
#5163=DIRECTION('',(0.,1.,-7.32053306862211E-15));
#5164=DIRECTION('',(-1.,-8.51192252206849E-31,-1.14491749414469E-16));
#5165=DIRECTION('',(-1.14491749414469E-16,0.,1.));
#5166=DIRECTION('',(1.30516145338332E-32,-1.,7.32053306862211E-15));
#5167=DIRECTION('',(1.14491749414469E-16,-7.32053306862211E-15,-1.));
#5168=DIRECTION('',(1.,8.38140637673016E-31,1.14491749414469E-16));
#5169=DIRECTION('',(1.14491749414469E-16,-7.32053306862211E-15,-1.));
#5170=DIRECTION('',(0.,1.,-7.32053306862211E-15));
#5171=DIRECTION('',(-1.,-8.51192252206849E-31,-1.14491749414469E-16));
#5172=DIRECTION('',(-1.14491749414469E-16,0.,1.));
#5173=DIRECTION('',(1.30516145338332E-32,-1.,7.32053306862211E-15));
#5174=DIRECTION('',(-1.14491749414469E-16,7.32053306862211E-15,1.));
#5175=DIRECTION('',(-1.14491749414469E-16,7.32053306862211E-15,1.));
#5176=DIRECTION('',(0.,-1.,7.32053306862211E-15));
#5177=DIRECTION('',(-1.14491749414467E-16,7.32053306862197E-15,0.999999999999981));
#5178=DIRECTION('',(0.,-1.,7.32053306862211E-15));
#5179=DIRECTION('',(-1.14491749414469E-16,7.32053306862211E-15,1.));
#5180=DIRECTION('',(-1.14491749414467E-16,7.32053306862197E-15,0.999999999999981));
#5181=DIRECTION('',(0.,-1.,7.32053306862211E-15));
#5182=DIRECTION('',(-1.,-8.51192252206849E-31,-1.14491749414469E-16));
#5183=DIRECTION('',(-1.14491749414469E-16,0.,1.));
#5184=DIRECTION('',(1.30516145338332E-32,-1.,7.32053306862211E-15));
#5185=DIRECTION('',(-1.14491749414469E-16,7.32053306862211E-15,1.));
#5186=DIRECTION('',(0.,-1.,7.32053306862211E-15));
#5187=DIRECTION('',(1.14491749414469E-16,-7.32053306862211E-15,-1.));
#5188=DIRECTION('',(0.,1.,-7.32053306862211E-15));
#5189=DIRECTION('',(1.14491749414469E-16,-7.32053306862211E-15,-1.));
#5190=DIRECTION('',(1.,8.38140637673016E-31,1.14491749414469E-16));
#5191=DIRECTION('',(1.14491749414469E-16,-7.32053306862211E-15,-1.));
#5192=DIRECTION('',(0.,1.,-7.32053306862211E-15));
#5193=DIRECTION('',(-1.,-8.51192252206849E-31,-1.14491749414469E-16));
#5194=DIRECTION('',(-1.14491749414469E-16,0.,1.));
#5195=DIRECTION('',(1.30516145338332E-32,-1.,7.32053306862211E-15));
#5196=DIRECTION('',(-1.14491749414469E-16,7.32053306862211E-15,1.));
#5197=DIRECTION('',(-1.14491749414469E-16,7.32053306862211E-15,1.));
#5198=DIRECTION('',(0.,-1.,7.32053306862211E-15));
#5199=DIRECTION('',(-1.14491749414467E-16,7.32053306862197E-15,0.999999999999981));
#5200=DIRECTION('',(0.,-1.,7.32053306862211E-15));
#5201=DIRECTION('',(-1.14491749414469E-16,7.32053306862211E-15,1.));
#5202=DIRECTION('',(-1.14491749414467E-16,7.32053306862197E-15,0.999999999999981));
#5203=DIRECTION('',(0.,-1.,7.32053306862211E-15));
#5204=DIRECTION('',(-1.,-8.51192252206849E-31,-1.14491749414469E-16));
#5205=DIRECTION('',(-1.14491749414469E-16,0.,1.));
#5206=DIRECTION('',(1.30516145338332E-32,-1.,7.32053306862211E-15));
#5207=DIRECTION('',(-1.14491749414469E-16,7.32053306862211E-15,1.));
#5208=DIRECTION('',(0.,-1.,7.32053306862211E-15));
#5209=DIRECTION('',(1.14491749414469E-16,-7.32053306862211E-15,-1.));
#5210=DIRECTION('',(0.,1.,-7.32053306862211E-15));
#5211=DIRECTION('',(1.14491749414469E-16,-7.32053306862211E-15,-1.));
#5212=DIRECTION('',(1.,8.38140637673016E-31,1.14491749414469E-16));
#5213=DIRECTION('',(1.14491749414469E-16,-7.32053306862211E-15,-1.));
#5214=DIRECTION('',(0.,1.,-7.32053306862211E-15));
#5215=DIRECTION('',(1.,8.51192252206815E-31,1.14491749414469E-16));
#5216=DIRECTION('',(1.14491749414469E-16,0.,-1.));
#5217=DIRECTION('',(-1.30516145337996E-32,1.,-7.32053306862211E-15));
#5218=DIRECTION('',(-1.14491749414469E-16,7.32053306862211E-15,1.));
#5219=DIRECTION('',(-1.14491749414469E-16,7.32053306862211E-15,1.));
#5220=DIRECTION('',(0.,-1.,7.32053306862211E-15));
#5221=DIRECTION('',(-1.14491749414467E-16,7.32053306862197E-15,0.999999999999981));
#5222=DIRECTION('',(0.,-1.,7.32053306862211E-15));
#5223=DIRECTION('',(-1.14491749414469E-16,7.32053306862211E-15,1.));
#5224=DIRECTION('',(-1.14491749414467E-16,7.32053306862197E-15,0.999999999999981));
#5225=DIRECTION('',(0.,-1.,7.32053306862211E-15));
#5226=DIRECTION('',(1.,8.51192252206815E-31,1.14491749414469E-16));
#5227=DIRECTION('',(1.14491749414469E-16,0.,-1.));
#5228=DIRECTION('',(-1.30516145337996E-32,1.,-7.32053306862211E-15));
#5229=DIRECTION('',(-1.14491749414469E-16,7.32053306862211E-15,1.));
#5230=DIRECTION('',(0.,-1.,7.32053306862211E-15));
#5231=DIRECTION('',(1.14491749414469E-16,-7.32053306862211E-15,-1.));
#5232=DIRECTION('',(0.,1.,-7.32053306862211E-15));
#5233=DIRECTION('',(1.14491749414469E-16,-7.32053306862211E-15,-1.));
#5234=DIRECTION('',(1.,8.38140637673016E-31,1.14491749414469E-16));
#5235=DIRECTION('',(1.14491749414469E-16,-7.32053306862211E-15,-1.));
#5236=DIRECTION('',(0.,1.,-7.32053306862211E-15));
#5237=DIRECTION('',(1.,8.51192252206856E-31,1.14491749414469E-16));
#5238=DIRECTION('',(1.14491749414469E-16,0.,-1.));
#5239=DIRECTION('',(-1.305161453384E-32,1.,-7.32053306862211E-15));
#5240=DIRECTION('',(-1.14491749414469E-16,7.32053306862211E-15,1.));
#5241=DIRECTION('',(-1.14491749414469E-16,7.32053306862211E-15,1.));
#5242=DIRECTION('',(0.,-1.,7.32053306862211E-15));
#5243=DIRECTION('',(-1.14491749414467E-16,7.32053306862197E-15,0.999999999999981));
#5244=DIRECTION('',(0.,-1.,7.32053306862211E-15));
#5245=DIRECTION('',(-1.14491749414469E-16,7.32053306862211E-15,1.));
#5246=DIRECTION('',(-1.14491749414467E-16,7.32053306862197E-15,0.999999999999981));
#5247=DIRECTION('',(0.,-1.,7.32053306862211E-15));
#5248=DIRECTION('',(1.,8.51192252206856E-31,1.14491749414469E-16));
#5249=DIRECTION('',(1.14491749414469E-16,0.,-1.));
#5250=DIRECTION('',(-1.305161453384E-32,1.,-7.32053306862211E-15));
#5251=DIRECTION('',(-1.14491749414469E-16,7.32053306862211E-15,1.));
#5252=DIRECTION('',(0.,-1.,7.32053306862211E-15));
#5253=DIRECTION('',(1.14491749414469E-16,-7.32053306862211E-15,-1.));
#5254=DIRECTION('',(0.,1.,-7.32053306862211E-15));
#5255=DIRECTION('',(1.14491749414469E-16,-7.32053306862211E-15,-1.));
#5256=DIRECTION('',(1.,8.38140637673016E-31,1.14491749414469E-16));
#5257=DIRECTION('',(1.14491749414469E-16,-7.32053306862211E-15,-1.));
#5258=DIRECTION('',(0.,1.,-7.32053306862211E-15));
#5259=DIRECTION('',(1.,8.51192252206903E-31,1.14491749414469E-16));
#5260=DIRECTION('',(1.14491749414469E-16,0.,-1.));
#5261=DIRECTION('',(-1.30516145338871E-32,1.,-7.32053306862211E-15));
#5262=DIRECTION('',(-1.14491749414469E-16,7.32053306862211E-15,1.));
#5263=DIRECTION('',(-1.14491749414469E-16,7.32053306862211E-15,1.));
#5264=DIRECTION('',(0.,-1.,7.32053306862211E-15));
#5265=DIRECTION('',(-1.14491749414467E-16,7.32053306862197E-15,0.999999999999981));
#5266=DIRECTION('',(0.,-1.,7.32053306862211E-15));
#5267=DIRECTION('',(-1.14491749414469E-16,7.32053306862211E-15,1.));
#5268=DIRECTION('',(-1.14491749414467E-16,7.32053306862197E-15,0.999999999999981));
#5269=DIRECTION('',(0.,-1.,7.32053306862211E-15));
#5270=DIRECTION('',(1.,8.51192252206903E-31,1.14491749414469E-16));
#5271=DIRECTION('',(1.14491749414469E-16,0.,-1.));
#5272=DIRECTION('',(-1.30516145338871E-32,1.,-7.32053306862211E-15));
#5273=DIRECTION('',(-1.14491749414469E-16,7.32053306862211E-15,1.));
#5274=DIRECTION('',(0.,-1.,7.32053306862211E-15));
#5275=DIRECTION('',(1.14491749414469E-16,-7.32053306862211E-15,-1.));
#5276=DIRECTION('',(0.,1.,-7.32053306862211E-15));
#5277=DIRECTION('',(1.14491749414469E-16,-7.32053306862211E-15,-1.));
#5278=DIRECTION('',(1.,8.38140637673016E-31,1.14491749414469E-16));
#5279=DIRECTION('',(1.14491749414469E-16,-7.32053306862211E-15,-1.));
#5280=DIRECTION('',(0.,1.,-7.32053306862211E-15));
#5281=DIRECTION('',(-1.,-8.51192252206849E-31,-1.14491749414469E-16));
#5282=DIRECTION('',(-1.14491749414469E-16,0.,1.));
#5283=DIRECTION('',(1.30516145338332E-32,-1.,7.32053306862211E-15));
#5284=DIRECTION('',(-1.14491749414469E-16,7.32053306862211E-15,1.));
#5285=DIRECTION('',(-1.14491749414469E-16,7.32053306862211E-15,1.));
#5286=DIRECTION('',(0.,-1.,7.32053306862211E-15));
#5287=DIRECTION('',(-1.14491749414467E-16,7.32053306862197E-15,0.999999999999981));
#5288=DIRECTION('',(0.,-1.,7.32053306862211E-15));
#5289=DIRECTION('',(-1.14491749414469E-16,7.32053306862211E-15,1.));
#5290=DIRECTION('',(-1.14491749414467E-16,7.32053306862197E-15,0.999999999999981));
#5291=DIRECTION('',(0.,-1.,7.32053306862211E-15));
#5292=DIRECTION('',(-1.,-8.51192252206836E-31,-1.14491749414469E-16));
#5293=DIRECTION('',(-1.14491749414469E-16,0.,1.));
#5294=DIRECTION('',(1.30516145338197E-32,-1.,7.32053306862211E-15));
#5295=DIRECTION('',(-1.14491749414469E-16,7.32053306862211E-15,1.));
#5296=DIRECTION('',(0.,-1.,7.32053306862211E-15));
#5297=DIRECTION('',(1.14491749414469E-16,-7.32053306862211E-15,-1.));
#5298=DIRECTION('',(0.,1.,-7.32053306862211E-15));
#5299=DIRECTION('',(-1.14491749414467E-16,7.32053306862197E-15,0.999999999999981));
#5300=DIRECTION('',(1.,6.88338275267582E-15,-2.02615701994087E-14));
#5301=DIRECTION('',(-1.14491749414467E-16,7.32053306862197E-15,0.999999999999981));
#5302=DIRECTION('',(1.,6.88338275267582E-15,-2.02615701994087E-14));
#5303=DIRECTION('',(-1.14491749414467E-16,7.32053306862197E-15,0.999999999999981));
#5304=DIRECTION('',(1.,6.88338275267582E-15,-2.02615701994087E-14));
#5305=DIRECTION('',(-1.14491749414467E-16,7.32053306862197E-15,0.999999999999981));
#5306=DIRECTION('',(1.,6.88338275267582E-15,-2.02615701994087E-14));
#5307=DIRECTION('',(-1.14491749414467E-16,7.32053306862197E-15,0.999999999999981));
#5308=DIRECTION('',(1.,6.88338275267582E-15,-2.02615701994087E-14));
#5309=DIRECTION('',(-1.14491749414467E-16,7.32053306862197E-15,0.999999999999981));
#5310=DIRECTION('',(1.,6.88338275267582E-15,-2.02615701994087E-14));
#5311=DIRECTION('',(-1.14491749414467E-16,7.32053306862197E-15,0.999999999999981));
#5312=DIRECTION('',(1.,6.88338275267582E-15,-2.02615701994087E-14));
#5313=DIRECTION('',(-1.14491749414467E-16,7.32053306862197E-15,0.999999999999981));
#5314=DIRECTION('',(0.,-1.,7.32053306862211E-15));
#5315=DIRECTION('',(-3.00926553810527E-30,-1.,1.38777878078154E-14));
#5316=DIRECTION('',(0.,-1.38777878078154E-14,-1.));
#5317=DIRECTION('',(1.30516145338872E-32,-1.,7.32053306862211E-15));
#5318=DIRECTION('',(0.,-7.32053306862211E-15,-1.));
#5319=DIRECTION('',(-1.14491749414467E-16,7.32053306862197E-15,0.999999999999981));
#5320=DIRECTION('',(0.,-1.,7.32053306862211E-15));
#5321=DIRECTION('',(9.78011299884142E-28,-1.,1.38777878078145E-14));
#5322=DIRECTION('',(0.,-1.38777878078145E-14,-1.));
#5323=DIRECTION('',(-1.30516145338872E-32,1.,-7.32053306862211E-15));
#5324=DIRECTION('',(0.,7.32053306862211E-15,1.));
#5325=DIRECTION('',(-1.14491749414467E-16,7.32053306862197E-15,0.999999999999981));
#5326=DIRECTION('',(0.,-1.,7.32053306862211E-15));
#5327=DIRECTION('',(-3.00926553810527E-30,-1.,1.38777878078154E-14));
#5328=DIRECTION('',(0.,-1.38777878078154E-14,-1.));
#5329=DIRECTION('',(1.30516145338401E-32,-1.,7.32053306862211E-15));
#5330=DIRECTION('',(0.,-7.32053306862211E-15,-1.));
#5331=DIRECTION('',(-1.14491749414467E-16,7.32053306862197E-15,0.999999999999981));
#5332=DIRECTION('',(0.,-1.,7.32053306862211E-15));
#5333=DIRECTION('',(9.81020565422248E-28,-1.,1.38777878078145E-14));
#5334=DIRECTION('',(0.,-1.38777878078145E-14,-1.));
#5335=DIRECTION('',(-1.30516145338401E-32,1.,-7.32053306862211E-15));
#5336=DIRECTION('',(0.,7.32053306862211E-15,1.));
#5337=DIRECTION('',(-1.14491749414467E-16,7.32053306862197E-15,0.999999999999981));
#5338=DIRECTION('',(0.,-1.,7.32053306862211E-15));
#5339=DIRECTION('',(-3.00926553810527E-30,-1.,1.38777878078154E-14));
#5340=DIRECTION('',(0.,-1.38777878078154E-14,-1.));
#5341=DIRECTION('',(1.30516145337996E-32,-1.,7.32053306862211E-15));
#5342=DIRECTION('',(0.,-7.32053306862211E-15,-1.));
#5343=DIRECTION('',(-1.14491749414467E-16,7.32053306862197E-15,0.999999999999981));
#5344=DIRECTION('',(0.,-1.,7.32053306862211E-15));
#5345=DIRECTION('',(9.81020565422247E-28,-1.,1.38777878078145E-14));
#5346=DIRECTION('',(0.,-1.38777878078145E-14,-1.));
#5347=DIRECTION('',(-1.30516145337996E-32,1.,-7.32053306862211E-15));
#5348=DIRECTION('',(0.,7.32053306862211E-15,1.));
#5349=DIRECTION('',(-1.14491749414467E-16,7.32053306862197E-15,0.999999999999981));
#5350=DIRECTION('',(0.,-1.,7.32053306862211E-15));
#5351=DIRECTION('',(3.00926553810527E-30,1.,-1.38777878078154E-14));
#5352=DIRECTION('',(0.,1.38777878078154E-14,1.));
#5353=DIRECTION('',(-1.30516145338333E-32,1.,-7.32053306862211E-15));
#5354=DIRECTION('',(0.,7.32053306862211E-15,1.));
#5355=DIRECTION('',(-1.14491749414467E-16,7.32053306862197E-15,0.999999999999981));
#5356=DIRECTION('',(0.,-1.,7.32053306862211E-15));
#5357=DIRECTION('',(9.84029830960352E-28,1.,-1.38777878078145E-14));
#5358=DIRECTION('',(0.,1.38777878078145E-14,1.));
#5359=DIRECTION('',(1.30516145338333E-32,-1.,7.32053306862211E-15));
#5360=DIRECTION('',(0.,-7.32053306862211E-15,-1.));
#5361=DIRECTION('',(-1.14491749414467E-16,7.32053306862197E-15,0.999999999999981));
#5362=DIRECTION('',(0.,-1.,7.32053306862211E-15));
#5363=DIRECTION('',(3.00926553810527E-30,1.,-1.38777878078154E-14));
#5364=DIRECTION('',(0.,1.38777878078154E-14,1.));
#5365=DIRECTION('',(-1.30516145338333E-32,1.,-7.32053306862211E-15));
#5366=DIRECTION('',(0.,7.32053306862211E-15,1.));
#5367=DIRECTION('',(-1.14491749414467E-16,7.32053306862197E-15,0.999999999999981));
#5368=DIRECTION('',(0.,-1.,7.32053306862211E-15));
#5369=DIRECTION('',(9.84029830960352E-28,1.,-1.38777878078145E-14));
#5370=DIRECTION('',(0.,1.38777878078145E-14,1.));
#5371=DIRECTION('',(1.30516145338333E-32,-1.,7.32053306862211E-15));
#5372=DIRECTION('',(0.,-7.32053306862211E-15,-1.));
#5373=DIRECTION('',(-1.14491749414467E-16,7.32053306862197E-15,0.999999999999981));
#5374=DIRECTION('',(0.,-1.,7.32053306862211E-15));
#5375=DIRECTION('',(3.00926553810527E-30,1.,-1.38777878078154E-14));
#5376=DIRECTION('',(0.,1.38777878078154E-14,1.));
#5377=DIRECTION('',(-1.30516145338333E-32,1.,-7.32053306862211E-15));
#5378=DIRECTION('',(0.,7.32053306862211E-15,1.));
#5379=DIRECTION('',(-1.14491749414467E-16,7.32053306862197E-15,0.999999999999981));
#5380=DIRECTION('',(0.,-1.,7.32053306862211E-15));
#5381=DIRECTION('',(9.81020565422247E-28,1.,-1.38777878078145E-14));
#5382=DIRECTION('',(0.,1.38777878078145E-14,1.));
#5383=DIRECTION('',(1.30516145338333E-32,-1.,7.32053306862211E-15));
#5384=DIRECTION('',(0.,-7.32053306862211E-15,-1.));
#5385=DIRECTION('',(-1.14491749414467E-16,7.32053306862197E-15,0.999999999999981));
#5386=DIRECTION('',(0.,-1.,7.32053306862211E-15));
#5387=DIRECTION('',(3.00926553810527E-30,1.,-1.38777878078154E-14));
#5388=DIRECTION('',(0.,1.38777878078154E-14,1.));
#5389=DIRECTION('',(-1.30516145338198E-32,1.,-7.32053306862211E-15));
#5390=DIRECTION('',(0.,7.32053306862211E-15,1.));
#5391=DIRECTION('',(1.30516145338333E-32,-1.,7.32053306862211E-15));
#5392=DIRECTION('',(0.,-7.32053306862211E-15,-1.));
#5393=DIRECTION('',(-3.00926553810511E-30,-1.,1.38777878078147E-14));
#5394=DIRECTION('',(0.,-1.38777878078147E-14,-1.));
#5395=DIRECTION('',(-1.14491749414467E-16,7.32053306862197E-15,0.999999999999981));
#5396=DIRECTION('',(0.,-1.,7.32053306862211E-15));
#5397=DIRECTION('',(-1.,6.95628461544563E-15,0.));
#5398=DIRECTION('',(-6.95628461544563E-15,-1.,0.));
#5399=DIRECTION('',(0.,0.,1.));
#5400=DIRECTION('',(-6.95628461544563E-15,-1.,0.));
#5401=DIRECTION('',(-7.32161467078882E-15,-1.,0.));
#5402=DIRECTION('',(1.,-7.32161467078882E-15,0.));
#5403=DIRECTION('',(1.,-7.32161467078882E-15,0.));
#5404=DIRECTION('',(0.,0.,1.));
#5405=DIRECTION('',(-1.,-5.71985071934637E-16,0.));
#5406=DIRECTION('',(5.71985071934637E-16,-1.,0.));
#5407=DIRECTION('',(5.71985071934637E-16,-1.,0.));
#5408=DIRECTION('',(0.,0.,1.));
#5409=DIRECTION('',(-7.98721600449691E-15,-1.,0.));
#5410=DIRECTION('',(1.,-7.98721600449691E-15,0.));
#5411=DIRECTION('',(1.,-7.98721600449691E-15,0.));
#5412=DIRECTION('',(1.,-8.74191357972337E-15,0.));
#5413=DIRECTION('',(8.74191357972337E-15,1.,0.));
#5414=DIRECTION('',(8.74191357972337E-15,1.,0.));
#5415=DIRECTION('',(0.,0.,1.));
#5416=DIRECTION('',(-7.28492798310445E-15,-1.,0.));
#5417=DIRECTION('',(1.,-7.28492798310445E-15,0.));
#5418=DIRECTION('',(1.,-7.28492798310445E-15,0.));
#5419=DIRECTION('',(0.,0.,1.));
#5420=DIRECTION('',(1.,0.,0.));
#5421=DIRECTION('',(0.,0.,-1.));
#5422=DIRECTION('',(0.,1.,0.));
#5423=DIRECTION('',(0.,0.,1.));
#5424=DIRECTION('',(0.,-1.,0.));
#5425=DIRECTION('',(0.,0.,-1.));
#5426=DIRECTION('',(1.,0.,0.));
#5427=DIRECTION('',(0.,0.,1.));
#5428=DIRECTION('',(-1.,8.74191357972537E-15,0.));
#5429=DIRECTION('',(-8.74191357972537E-15,-1.,0.));
#5430=DIRECTION('',(-8.74191357972537E-15,-1.,0.));
#5431=DIRECTION('',(0.,0.,1.));
#5432=DIRECTION('',(-7.64917438226391E-15,-1.,0.));
#5433=DIRECTION('',(1.,-7.64917438226391E-15,0.));
#5434=DIRECTION('',(1.,-7.64917438226391E-15,0.));
#5435=DIRECTION('',(0.,-1.,0.));
#5436=DIRECTION('',(0.,0.,-1.));
#5437=DIRECTION('',(1.,0.,0.));
#5438=DIRECTION('',(0.,0.,1.));
#5439=DIRECTION('',(-1.,7.53331992960214E-15,0.));
#5440=DIRECTION('',(-7.53331992960214E-15,-1.,0.));
#5441=DIRECTION('',(-7.53331992960214E-15,-1.,0.));
#5442=DIRECTION('',(0.,0.,1.));
#5443=DIRECTION('',(-7.65441533764739E-15,-1.,0.));
#5444=DIRECTION('',(1.,-7.65441533764739E-15,0.));
#5445=DIRECTION('',(1.,-7.65441533764739E-15,0.));
#5446=DIRECTION('',(-1.,7.987216004499E-15,0.));
#5447=DIRECTION('',(-7.987216004499E-15,-1.,0.));
#5448=DIRECTION('',(-7.987216004499E-15,-1.,0.));
#5449=DIRECTION('',(0.,0.,1.));
#5450=DIRECTION('',(0.,-1.,0.));
#5451=DIRECTION('',(0.,0.,-1.));
#5452=DIRECTION('',(1.,0.,0.));
#5453=DIRECTION('',(0.,0.,1.));
#5454=DIRECTION('',(-1.,7.98721600449901E-15,0.));
#5455=DIRECTION('',(-7.98721600449901E-15,-1.,0.));
#5456=DIRECTION('',(-7.98721600449901E-15,-1.,0.));
#5457=DIRECTION('',(-1.,7.987216004499E-15,0.));
#5458=DIRECTION('',(-7.987216004499E-15,-1.,0.));
#5459=DIRECTION('',(-7.987216004499E-15,-1.,0.));
#5460=DIRECTION('',(0.,0.,1.));
#5461=DIRECTION('',(0.,-1.,0.));
#5462=DIRECTION('',(0.,0.,-1.));
#5463=DIRECTION('',(1.,0.,0.));
#5464=DIRECTION('',(0.,0.,1.));
#5465=DIRECTION('',(-1.,7.987216004499E-15,0.));
#5466=DIRECTION('',(-7.987216004499E-15,-1.,0.));
#5467=DIRECTION('',(-7.987216004499E-15,-1.,0.));
#5468=DIRECTION('',(-1.,7.98721600449899E-15,0.));
#5469=DIRECTION('',(-7.98721600449899E-15,-1.,0.));
#5470=DIRECTION('',(-7.98721600449899E-15,-1.,0.));
#5471=DIRECTION('',(0.,0.,1.));
#5472=DIRECTION('',(0.,-1.,0.));
#5473=DIRECTION('',(0.,0.,-1.));
#5474=DIRECTION('',(1.,0.,0.));
#5475=DIRECTION('',(0.,0.,1.));
#5476=DIRECTION('',(-1.,7.98721600449899E-15,0.));
#5477=DIRECTION('',(-7.98721600449899E-15,-1.,0.));
#5478=DIRECTION('',(-7.98721600449899E-15,-1.,0.));
#5479=DIRECTION('',(-1.,7.98721600449898E-15,0.));
#5480=DIRECTION('',(-7.98721600449898E-15,-1.,0.));
#5481=DIRECTION('',(-7.98721600449898E-15,-1.,0.));
#5482=DIRECTION('',(0.,0.,1.));
#5483=DIRECTION('',(0.,-1.,0.));
#5484=DIRECTION('',(0.,0.,-1.));
#5485=DIRECTION('',(1.,0.,0.));
#5486=DIRECTION('',(0.,0.,1.));
#5487=DIRECTION('',(-1.,7.68530490639447E-15,0.));
#5488=DIRECTION('',(-7.68530490639447E-15,-1.,0.));
#5489=DIRECTION('',(-7.68530490639447E-15,-1.,0.));
#5490=DIRECTION('',(-1.,8.45383539703392E-15,0.));
#5491=DIRECTION('',(-8.45383539703392E-15,-1.,0.));
#5492=DIRECTION('',(-8.45383539703392E-15,-1.,0.));
#5493=DIRECTION('',(0.,0.,1.));
#5494=DIRECTION('',(-1.,0.,0.));
#5495=DIRECTION('',(0.,0.,1.));
#5496=DIRECTION('',(0.,0.,1.));
#5497=DIRECTION('',(0.,-1.,0.));
#5498=DIRECTION('',(0.,0.,1.));
#5499=DIRECTION('',(0.,-1.,0.));
#5500=DIRECTION('',(0.,0.,-1.));
#5501=DIRECTION('',(1.,0.,0.));
#5502=DIRECTION('',(0.,0.,1.));
#5503=DIRECTION('',(-1.,7.53331992960214E-15,0.));
#5504=DIRECTION('',(-7.53331992960214E-15,-1.,0.));
#5505=DIRECTION('',(-7.53331992960214E-15,-1.,0.));
#5506=DIRECTION('',(0.,0.,1.));
#5507=DIRECTION('',(0.,1.,0.));
#5508=DIRECTION('',(0.,0.,1.));
#5509=DIRECTION('',(-1.,0.,0.));
#5510=DIRECTION('',(0.,0.,1.));
#5511=DIRECTION('',(1.,0.,0.));
#5512=DIRECTION('',(0.,0.,-1.));
#5513=DIRECTION('',(0.,1.,0.));
#5514=DIRECTION('',(0.,0.,1.));
#5515=DIRECTION('',(-7.33247529861182E-15,-1.,0.));
#5516=DIRECTION('',(1.,-7.33247529861182E-15,0.));
#5517=DIRECTION('',(1.,-7.33247529861182E-15,0.));
#5518=DIRECTION('',(0.,0.,1.));
#5519=DIRECTION('',(1.,-7.28492798310404E-15,0.));
#5520=DIRECTION('',(7.28492798310404E-15,1.,0.));
#5521=DIRECTION('',(7.28492798310404E-15,1.,0.));
#5522=DIRECTION('',(0.,0.,1.));
#5523=DIRECTION('',(-7.76087953173008E-15,-1.,0.));
#5524=DIRECTION('',(1.,-7.76087953173008E-15,0.));
#5525=DIRECTION('',(1.,-7.76087953173008E-15,0.));
#5526=DIRECTION('',(0.,-1.,0.));
#5527=DIRECTION('',(0.,0.,-1.));
#5528=DIRECTION('',(1.,0.,0.));
#5529=DIRECTION('',(0.,0.,1.));
#5530=DIRECTION('',(1.,0.,0.));
#5531=DIRECTION('',(-1.,-8.44098983438471E-31,-1.14491749414469E-16));
#5532=DIRECTION('',(-1.14491749414469E-16,0.,1.));
#5533=DIRECTION('',(1.14491749414469E-16,-7.32053306862211E-15,-1.));
#5534=DIRECTION('',(-5.95834576545522E-33,1.,-7.32053306862211E-15));
#5535=DIRECTION('',(1.14491749414469E-16,-7.32053306862211E-15,-1.));
#5536=DIRECTION('',(1.14491749414469E-16,-7.32053306862211E-15,-1.));
#5537=DIRECTION('',(0.,1.,-7.32053306862211E-15));
#5538=DIRECTION('',(1.14491749414469E-16,-7.32053306862211E-15,-1.));
#5539=DIRECTION('',(0.,1.,-7.32053306862211E-15));
#5540=DIRECTION('',(1.14491749414469E-16,-7.32053306862211E-15,-1.));
#5541=DIRECTION('',(0.,1.,-7.32053306862211E-15));
#5542=DIRECTION('',(1.14491749414469E-16,-7.32053306862211E-15,-1.));
#5543=DIRECTION('',(1.14491749414469E-16,-7.32053306862211E-15,-1.));
#5544=DIRECTION('',(0.,1.,-7.32053306862211E-15));
#5545=DIRECTION('',(-1.,-8.44098983438471E-31,-1.14491749414469E-16));
#5546=DIRECTION('',(-1.14491749414469E-16,0.,1.));
#5547=DIRECTION('',(1.14491749414469E-16,-7.32053306862211E-15,-1.));
#5548=DIRECTION('',(-5.95834576545522E-33,1.,-7.32053306862211E-15));
#5549=DIRECTION('',(1.14491749414469E-16,-7.32053306862211E-15,-1.));
#5550=DIRECTION('',(0.,1.,-7.32053306862211E-15));
#5551=DIRECTION('',(1.14491749414469E-16,-7.32053306862211E-15,-1.));
#5552=DIRECTION('',(0.,1.,-7.32053306862211E-15));
#5553=DIRECTION('',(1.14491749414469E-16,-7.32053306862211E-15,-1.));
#5554=DIRECTION('',(0.,1.,-7.32053306862211E-15));
#5555=DIRECTION('',(1.14491749414469E-16,-7.32053306862211E-15,-1.));
#5556=DIRECTION('',(0.,1.,-7.32053306862211E-15));
#5557=DIRECTION('',(1.14491749414469E-16,-7.32053306862211E-15,-1.));
#5558=DIRECTION('',(1.,8.38140637673016E-31,1.14491749414469E-16));
#5559=DIRECTION('',(-1.,-8.44098983438471E-31,-1.14491749414469E-16));
#5560=DIRECTION('',(-1.14491749414469E-16,0.,1.));
#5561=DIRECTION('',(1.14491749414469E-16,-7.32053306862211E-15,-1.));
#5562=DIRECTION('',(-5.95834576545522E-33,1.,-7.32053306862211E-15));
#5563=DIRECTION('',(1.14491749414469E-16,-7.32053306862211E-15,-1.));
#5564=DIRECTION('',(1.14491749414469E-16,-7.32053306862211E-15,-1.));
#5565=DIRECTION('',(0.,1.,-7.32053306862211E-15));
#5566=DIRECTION('',(1.14491749414469E-16,-7.32053306862211E-15,-1.));
#5567=DIRECTION('',(0.,1.,-7.32053306862211E-15));
#5568=DIRECTION('',(1.14491749414469E-16,-7.32053306862211E-15,-1.));
#5569=DIRECTION('',(0.,1.,-7.32053306862211E-15));
#5570=DIRECTION('',(1.14491749414469E-16,-7.32053306862211E-15,-1.));
#5571=DIRECTION('',(1.14491749414469E-16,-7.32053306862211E-15,-1.));
#5572=DIRECTION('',(0.,1.,-7.32053306862211E-15));
#5573=DIRECTION('',(-1.,-8.44098983438471E-31,-1.14491749414469E-16));
#5574=DIRECTION('',(-1.14491749414469E-16,0.,1.));
#5575=DIRECTION('',(1.14491749414469E-16,-7.32053306862211E-15,-1.));
#5576=DIRECTION('',(-5.95834576545522E-33,1.,-7.32053306862211E-15));
#5577=DIRECTION('',(1.14491749414469E-16,-7.32053306862211E-15,-1.));
#5578=DIRECTION('',(0.,1.,-7.32053306862211E-15));
#5579=DIRECTION('',(1.14491749414469E-16,-7.32053306862211E-15,-1.));
#5580=DIRECTION('',(0.,1.,-7.32053306862211E-15));
#5581=DIRECTION('',(1.14491749414469E-16,-7.32053306862211E-15,-1.));
#5582=DIRECTION('',(0.,1.,-7.32053306862211E-15));
#5583=DIRECTION('',(1.14491749414469E-16,-7.32053306862211E-15,-1.));
#5584=DIRECTION('',(0.,1.,-7.32053306862211E-15));
#5585=DIRECTION('',(1.14491749414469E-16,-7.32053306862211E-15,-1.));
#5586=DIRECTION('',(1.,8.38140637673016E-31,1.14491749414469E-16));
#5587=DIRECTION('',(-1.,-8.44098983438471E-31,-1.14491749414469E-16));
#5588=DIRECTION('',(-1.14491749414469E-16,0.,1.));
#5589=DIRECTION('',(1.14491749414469E-16,-7.32053306862211E-15,-1.));
#5590=DIRECTION('',(-5.95834576545522E-33,1.,-7.32053306862211E-15));
#5591=DIRECTION('',(1.14491749414469E-16,-7.32053306862211E-15,-1.));
#5592=DIRECTION('',(1.14491749414469E-16,-7.32053306862211E-15,-1.));
#5593=DIRECTION('',(0.,1.,-7.32053306862211E-15));
#5594=DIRECTION('',(1.14491749414469E-16,-7.32053306862211E-15,-1.));
#5595=DIRECTION('',(0.,1.,-7.32053306862211E-15));
#5596=DIRECTION('',(1.14491749414469E-16,-7.32053306862211E-15,-1.));
#5597=DIRECTION('',(0.,1.,-7.32053306862211E-15));
#5598=DIRECTION('',(1.14491749414469E-16,-7.32053306862211E-15,-1.));
#5599=DIRECTION('',(1.14491749414469E-16,-7.32053306862211E-15,-1.));
#5600=DIRECTION('',(0.,1.,-7.32053306862211E-15));
#5601=DIRECTION('',(-1.,-8.44098983438471E-31,-1.14491749414469E-16));
#5602=DIRECTION('',(-1.14491749414469E-16,0.,1.));
#5603=DIRECTION('',(1.14491749414469E-16,-7.32053306862211E-15,-1.));
#5604=DIRECTION('',(-5.95834576545522E-33,1.,-7.32053306862211E-15));
#5605=DIRECTION('',(1.14491749414469E-16,-7.32053306862211E-15,-1.));
#5606=DIRECTION('',(0.,1.,-7.32053306862211E-15));
#5607=DIRECTION('',(1.14491749414469E-16,-7.32053306862211E-15,-1.));
#5608=DIRECTION('',(0.,1.,-7.32053306862211E-15));
#5609=DIRECTION('',(1.14491749414469E-16,-7.32053306862211E-15,-1.));
#5610=DIRECTION('',(0.,1.,-7.32053306862211E-15));
#5611=DIRECTION('',(1.14491749414469E-16,-7.32053306862211E-15,-1.));
#5612=DIRECTION('',(0.,1.,-7.32053306862211E-15));
#5613=DIRECTION('',(1.14491749414469E-16,-7.32053306862211E-15,-1.));
#5614=DIRECTION('',(1.,8.38140637673016E-31,1.14491749414469E-16));
#5615=DIRECTION('',(-9.77468236833717E-47,-1.,7.32053306862211E-15));
#5616=DIRECTION('',(0.,-7.32053306862211E-15,-1.));
#5617=DIRECTION('',(1.14491749414469E-16,-7.32053306862211E-15,-1.));
#5618=DIRECTION('',(-1.,-8.38140637673016E-31,-1.14491749414469E-16));
#5619=DIRECTION('',(1.14491749414469E-16,-7.32053306862211E-15,-1.));
#5620=DIRECTION('',(1.14491749414469E-16,-7.32053306862211E-15,-1.));
#5621=DIRECTION('',(0.,1.,-7.32053306862211E-15));
#5622=DIRECTION('',(1.14491749414469E-16,-7.32053306862211E-15,-1.));
#5623=DIRECTION('',(0.,1.,-7.32053306862211E-15));
#5624=DIRECTION('',(1.14491749414469E-16,-7.32053306862211E-15,-1.));
#5625=DIRECTION('',(0.,1.,-7.32053306862211E-15));
#5626=DIRECTION('',(1.14491749414469E-16,-7.32053306862211E-15,-1.));
#5627=DIRECTION('',(1.14491749414469E-16,-7.32053306862211E-15,-1.));
#5628=DIRECTION('',(0.,1.,-7.32053306862211E-15));
#5629=DIRECTION('',(-9.77468236833717E-47,-1.,7.32053306862211E-15));
#5630=DIRECTION('',(0.,-7.32053306862211E-15,-1.));
#5631=DIRECTION('',(1.14491749414469E-16,-7.32053306862211E-15,-1.));
#5632=DIRECTION('',(-1.,-8.38140637673016E-31,-1.14491749414469E-16));
#5633=DIRECTION('',(1.14491749414469E-16,-7.32053306862211E-15,-1.));
#5634=DIRECTION('',(0.,1.,-7.32053306862211E-15));
#5635=DIRECTION('',(1.14491749414469E-16,-7.32053306862211E-15,-1.));
#5636=DIRECTION('',(0.,1.,-7.32053306862211E-15));
#5637=DIRECTION('',(1.14491749414469E-16,-7.32053306862211E-15,-1.));
#5638=DIRECTION('',(0.,1.,-7.32053306862211E-15));
#5639=DIRECTION('',(1.14491749414469E-16,-7.32053306862211E-15,-1.));
#5640=DIRECTION('',(0.,1.,-7.32053306862211E-15));
#5641=DIRECTION('',(1.14491749414469E-16,-7.32053306862211E-15,-1.));
#5642=DIRECTION('',(1.,8.38140637673016E-31,1.14491749414469E-16));
#5643=DIRECTION('',(-9.77468236833717E-47,-1.,7.32053306862211E-15));
#5644=DIRECTION('',(0.,-7.32053306862211E-15,-1.));
#5645=DIRECTION('',(1.14491749414469E-16,-7.32053306862211E-15,-1.));
#5646=DIRECTION('',(-1.,-8.38140637673016E-31,-1.14491749414469E-16));
#5647=DIRECTION('',(1.14491749414469E-16,-7.32053306862211E-15,-1.));
#5648=DIRECTION('',(1.14491749414469E-16,-7.32053306862211E-15,-1.));
#5649=DIRECTION('',(0.,1.,-7.32053306862211E-15));
#5650=DIRECTION('',(1.14491749414469E-16,-7.32053306862211E-15,-1.));
#5651=DIRECTION('',(0.,1.,-7.32053306862211E-15));
#5652=DIRECTION('',(1.14491749414469E-16,-7.32053306862211E-15,-1.));
#5653=DIRECTION('',(0.,1.,-7.32053306862211E-15));
#5654=DIRECTION('',(1.14491749414469E-16,-7.32053306862211E-15,-1.));
#5655=DIRECTION('',(1.14491749414469E-16,-7.32053306862211E-15,-1.));
#5656=DIRECTION('',(0.,1.,-7.32053306862211E-15));
#5657=DIRECTION('',(-9.77468236833717E-47,-1.,7.32053306862211E-15));
#5658=DIRECTION('',(0.,-7.32053306862211E-15,-1.));
#5659=DIRECTION('',(1.14491749414469E-16,-7.32053306862211E-15,-1.));
#5660=DIRECTION('',(-1.,-8.38140637673016E-31,-1.14491749414469E-16));
#5661=DIRECTION('',(1.14491749414469E-16,-7.32053306862211E-15,-1.));
#5662=DIRECTION('',(0.,1.,-7.32053306862211E-15));
#5663=DIRECTION('',(1.14491749414469E-16,-7.32053306862211E-15,-1.));
#5664=DIRECTION('',(0.,1.,-7.32053306862211E-15));
#5665=DIRECTION('',(1.14491749414469E-16,-7.32053306862211E-15,-1.));
#5666=DIRECTION('',(0.,1.,-7.32053306862211E-15));
#5667=DIRECTION('',(1.14491749414469E-16,-7.32053306862211E-15,-1.));
#5668=DIRECTION('',(0.,1.,-7.32053306862211E-15));
#5669=DIRECTION('',(1.14491749414469E-16,-7.32053306862211E-15,-1.));
#5670=DIRECTION('',(1.,8.38140637673016E-31,1.14491749414469E-16));
#5671=DIRECTION('',(1.14491749414469E-16,-7.32053306862211E-15,-1.));
#5672=DIRECTION('',(0.,1.,-7.32053306862211E-15));
#5673=DIRECTION('',(1.14491749414469E-16,-7.32053306862211E-15,-1.));
#5674=DIRECTION('',(1.14491749414469E-16,-7.32053306862211E-15,-1.));
#5675=DIRECTION('',(0.,1.,-7.32053306862211E-15));
#5676=DIRECTION('',(-1.,-8.44098983438448E-31,-1.14491749414469E-16));
#5677=DIRECTION('',(-1.14491749414469E-16,0.,1.));
#5678=DIRECTION('',(1.14491749414469E-16,-7.32053306862211E-15,-1.));
#5679=DIRECTION('',(-5.95834576543192E-33,1.,-7.32053306862211E-15));
#5680=DIRECTION('',(1.14491749414469E-16,-7.32053306862211E-15,-1.));
#5681=DIRECTION('',(0.,1.,-7.32053306862211E-15));
#5682=DIRECTION('',(1.14491749414469E-16,-7.32053306862211E-15,-1.));
#5683=DIRECTION('',(0.,1.,-7.32053306862211E-15));
#5684=DIRECTION('',(1.14491749414469E-16,-7.32053306862211E-15,-1.));
#5685=DIRECTION('',(0.,1.,-7.32053306862211E-15));
#5686=DIRECTION('',(1.14491749414469E-16,-7.32053306862211E-15,-1.));
#5687=DIRECTION('',(1.14491749414469E-16,-7.32053306862211E-15,-1.));
#5688=DIRECTION('',(0.,1.,-7.32053306862211E-15));
#5689=DIRECTION('',(-1.,-8.44098983438448E-31,-1.14491749414469E-16));
#5690=DIRECTION('',(-1.14491749414469E-16,0.,1.));
#5691=DIRECTION('',(1.14491749414469E-16,-7.32053306862211E-15,-1.));
#5692=DIRECTION('',(-5.95834576543192E-33,1.,-7.32053306862211E-15));
#5693=DIRECTION('',(1.14491749414469E-16,-7.32053306862211E-15,-1.));
#5694=DIRECTION('',(0.,1.,-7.32053306862211E-15));
#5695=DIRECTION('',(1.14491749414469E-16,-7.32053306862211E-15,-1.));
#5696=DIRECTION('',(0.,1.,-7.32053306862211E-15));
#5697=DIRECTION('',(1.14491749414469E-16,-7.32053306862211E-15,-1.));
#5698=DIRECTION('',(1.,8.38140637673016E-31,1.14491749414469E-16));
#5699=DIRECTION('',(-1.,-8.44098983438465E-31,-1.14491749414469E-16));
#5700=DIRECTION('',(-1.14491749414469E-16,0.,1.));
#5701=DIRECTION('',(1.14491749414469E-16,-7.32053306862211E-15,-1.));
#5702=DIRECTION('',(-5.95834576544944E-33,1.,-7.32053306862211E-15));
#5703=DIRECTION('',(1.14491749414469E-16,-7.32053306862211E-15,-1.));
#5704=DIRECTION('',(1.14491749414469E-16,-7.32053306862211E-15,-1.));
#5705=DIRECTION('',(0.,1.,-7.32053306862211E-15));
#5706=DIRECTION('',(1.14491749414469E-16,-7.32053306862211E-15,-1.));
#5707=DIRECTION('',(0.,1.,-7.32053306862211E-15));
#5708=DIRECTION('',(1.14491749414469E-16,-7.32053306862211E-15,-1.));
#5709=DIRECTION('',(0.,1.,-7.32053306862211E-15));
#5710=DIRECTION('',(1.14491749414469E-16,-7.32053306862211E-15,-1.));
#5711=DIRECTION('',(1.14491749414469E-16,-7.32053306862211E-15,-1.));
#5712=DIRECTION('',(0.,1.,-7.32053306862211E-15));
#5713=DIRECTION('',(-1.,-8.44098983438459E-31,-1.14491749414469E-16));
#5714=DIRECTION('',(-1.14491749414469E-16,0.,1.));
#5715=DIRECTION('',(1.14491749414469E-16,-7.32053306862211E-15,-1.));
#5716=DIRECTION('',(-5.95834576544348E-33,1.,-7.32053306862211E-15));
#5717=DIRECTION('',(1.14491749414469E-16,-7.32053306862211E-15,-1.));
#5718=DIRECTION('',(0.,1.,-7.32053306862211E-15));
#5719=DIRECTION('',(1.14491749414469E-16,-7.32053306862211E-15,-1.));
#5720=DIRECTION('',(0.,1.,-7.32053306862211E-15));
#5721=DIRECTION('',(1.14491749414469E-16,-7.32053306862211E-15,-1.));
#5722=DIRECTION('',(0.,1.,-7.32053306862211E-15));
#5723=DIRECTION('',(1.14491749414469E-16,-7.32053306862211E-15,-1.));
#5724=DIRECTION('',(0.,1.,-7.32053306862211E-15));
#5725=DIRECTION('',(1.14491749414469E-16,-7.32053306862211E-15,-1.));
#5726=DIRECTION('',(1.,8.38140637673016E-31,1.14491749414469E-16));
#5727=DIRECTION('',(-1.,-8.44098983438465E-31,-1.14491749414469E-16));
#5728=DIRECTION('',(-1.14491749414469E-16,0.,1.));
#5729=DIRECTION('',(1.14491749414469E-16,-7.32053306862211E-15,-1.));
#5730=DIRECTION('',(-5.95834576544944E-33,1.,-7.32053306862211E-15));
#5731=DIRECTION('',(1.14491749414469E-16,-7.32053306862211E-15,-1.));
#5732=DIRECTION('',(1.14491749414469E-16,-7.32053306862211E-15,-1.));
#5733=DIRECTION('',(0.,1.,-7.32053306862211E-15));
#5734=DIRECTION('',(1.14491749414469E-16,-7.32053306862211E-15,-1.));
#5735=DIRECTION('',(0.,1.,-7.32053306862211E-15));
#5736=DIRECTION('',(1.14491749414469E-16,-7.32053306862211E-15,-1.));
#5737=DIRECTION('',(0.,1.,-7.32053306862211E-15));
#5738=DIRECTION('',(1.14491749414469E-16,-7.32053306862211E-15,-1.));
#5739=DIRECTION('',(1.14491749414469E-16,-7.32053306862211E-15,-1.));
#5740=DIRECTION('',(0.,1.,-7.32053306862211E-15));
#5741=DIRECTION('',(-1.,-8.44098983438465E-31,-1.14491749414469E-16));
#5742=DIRECTION('',(-1.14491749414469E-16,0.,1.));
#5743=DIRECTION('',(1.14491749414469E-16,-7.32053306862211E-15,-1.));
#5744=DIRECTION('',(-5.95834576544944E-33,1.,-7.32053306862211E-15));
#5745=DIRECTION('',(1.14491749414469E-16,-7.32053306862211E-15,-1.));
#5746=DIRECTION('',(0.,1.,-7.32053306862211E-15));
#5747=DIRECTION('',(1.14491749414469E-16,-7.32053306862211E-15,-1.));
#5748=DIRECTION('',(0.,1.,-7.32053306862211E-15));
#5749=DIRECTION('',(1.14491749414469E-16,-7.32053306862211E-15,-1.));
#5750=DIRECTION('',(0.,1.,-7.32053306862211E-15));
#5751=DIRECTION('',(1.14491749414469E-16,-7.32053306862211E-15,-1.));
#5752=DIRECTION('',(0.,1.,-7.32053306862211E-15));
#5753=DIRECTION('',(1.14491749414469E-16,-7.32053306862211E-15,-1.));
#5754=DIRECTION('',(1.,8.38140637673016E-31,1.14491749414469E-16));
#5755=DIRECTION('',(9.77468236833717E-47,1.,-7.32053306862211E-15));
#5756=DIRECTION('',(0.,7.32053306862211E-15,1.));
#5757=DIRECTION('',(1.14491749414469E-16,-7.32053306862211E-15,-1.));
#5758=DIRECTION('',(1.,8.38140637673016E-31,1.14491749414469E-16));
#5759=DIRECTION('',(1.14491749414469E-16,-7.32053306862211E-15,-1.));
#5760=DIRECTION('',(1.14491749414469E-16,-7.32053306862211E-15,-1.));
#5761=DIRECTION('',(0.,1.,-7.32053306862211E-15));
#5762=DIRECTION('',(1.14491749414469E-16,-7.32053306862211E-15,-1.));
#5763=DIRECTION('',(0.,1.,-7.32053306862211E-15));
#5764=DIRECTION('',(1.14491749414469E-16,-7.32053306862211E-15,-1.));
#5765=DIRECTION('',(0.,1.,-7.32053306862211E-15));
#5766=DIRECTION('',(1.14491749414469E-16,-7.32053306862211E-15,-1.));
#5767=DIRECTION('',(1.14491749414469E-16,-7.32053306862211E-15,-1.));
#5768=DIRECTION('',(0.,1.,-7.32053306862211E-15));
#5769=DIRECTION('',(9.77468236833717E-47,1.,-7.32053306862211E-15));
#5770=DIRECTION('',(0.,7.32053306862211E-15,1.));
#5771=DIRECTION('',(1.14491749414469E-16,-7.32053306862211E-15,-1.));
#5772=DIRECTION('',(1.,8.38140637673016E-31,1.14491749414469E-16));
#5773=DIRECTION('',(1.14491749414469E-16,-7.32053306862211E-15,-1.));
#5774=DIRECTION('',(0.,1.,-7.32053306862211E-15));
#5775=DIRECTION('',(1.14491749414469E-16,-7.32053306862211E-15,-1.));
#5776=DIRECTION('',(0.,1.,-7.32053306862211E-15));
#5777=DIRECTION('',(1.14491749414469E-16,-7.32053306862211E-15,-1.));
#5778=DIRECTION('',(0.,1.,-7.32053306862211E-15));
#5779=DIRECTION('',(1.14491749414469E-16,-7.32053306862211E-15,-1.));
#5780=DIRECTION('',(0.,1.,-7.32053306862211E-15));
#5781=DIRECTION('',(1.14491749414469E-16,-7.32053306862211E-15,-1.));
#5782=DIRECTION('',(1.,8.38140637673016E-31,1.14491749414469E-16));
#5783=DIRECTION('',(9.77468236833717E-47,1.,-7.32053306862211E-15));
#5784=DIRECTION('',(0.,7.32053306862211E-15,1.));
#5785=DIRECTION('',(1.14491749414469E-16,-7.32053306862211E-15,-1.));
#5786=DIRECTION('',(1.,8.38140637673016E-31,1.14491749414469E-16));
#5787=DIRECTION('',(1.14491749414469E-16,-7.32053306862211E-15,-1.));
#5788=DIRECTION('',(1.14491749414469E-16,-7.32053306862211E-15,-1.));
#5789=DIRECTION('',(0.,1.,-7.32053306862211E-15));
#5790=DIRECTION('',(1.14491749414469E-16,-7.32053306862211E-15,-1.));
#5791=DIRECTION('',(0.,1.,-7.32053306862211E-15));
#5792=DIRECTION('',(1.14491749414469E-16,-7.32053306862211E-15,-1.));
#5793=DIRECTION('',(0.,1.,-7.32053306862211E-15));
#5794=DIRECTION('',(1.14491749414469E-16,-7.32053306862211E-15,-1.));
#5795=DIRECTION('',(1.14491749414469E-16,-7.32053306862211E-15,-1.));
#5796=DIRECTION('',(0.,1.,-7.32053306862211E-15));
#5797=DIRECTION('',(9.77468236833717E-47,1.,-7.32053306862211E-15));
#5798=DIRECTION('',(0.,7.32053306862211E-15,1.));
#5799=DIRECTION('',(1.14491749414469E-16,-7.32053306862211E-15,-1.));
#5800=DIRECTION('',(1.,8.38140637673016E-31,1.14491749414469E-16));
#5801=DIRECTION('',(1.14491749414469E-16,-7.32053306862211E-15,-1.));
#5802=DIRECTION('',(0.,1.,-7.32053306862211E-15));
#5803=DIRECTION('',(1.14491749414469E-16,-7.32053306862211E-15,-1.));
#5804=DIRECTION('',(0.,1.,-7.32053306862211E-15));
#5805=DIRECTION('',(1.14491749414469E-16,-7.32053306862211E-15,-1.));
#5806=DIRECTION('',(0.,1.,-7.32053306862211E-15));
#5807=DIRECTION('',(1.14491749414469E-16,-7.32053306862211E-15,-1.));
#5808=DIRECTION('',(0.,1.,-7.32053306862211E-15));
#5809=DIRECTION('',(1.14491749414469E-16,-7.32053306862211E-15,-1.));
#5810=DIRECTION('',(1.,8.38140637673016E-31,1.14491749414469E-16));
#5811=CARTESIAN_POINT('',(0.,0.,0.));
#5812=CARTESIAN_POINT('',(5.22415704445889E-15,2.2457643383822E-15,0.00275000000000044));
#5813=CARTESIAN_POINT('',(-0.1510875,-0.0663125,0.00275000000000091));
#5814=CARTESIAN_POINT('',(-0.1510875,-0.0673125,0.00275000000000092));
#5815=CARTESIAN_POINT('',(-0.1520875,-0.0663125,0.00275000000000091));
#5816=CARTESIAN_POINT('',(-4.57883769267035E-17,-0.0673125,0.00275000000000094));
#5817=CARTESIAN_POINT('',(-0.1590875,-0.0673125,0.00275000000000093));
#5818=CARTESIAN_POINT('',(-0.1590875,-0.0655625,0.00275000000000091));
#5819=CARTESIAN_POINT('',(-0.1590875,-0.0655625,0.00275000000000091));
#5820=CARTESIAN_POINT('',(-0.1630875,-0.0655625,0.0027500000000009));
#5821=CARTESIAN_POINT('',(-0.160182762490348,-0.0628125,0.00275000000000088));
#5822=CARTESIAN_POINT('',(-4.57883769267035E-17,-0.0628125,0.00275000000000089));
#5823=CARTESIAN_POINT('',(-0.1535875,-0.0628125,0.00275000000000089));
#5824=CARTESIAN_POINT('',(-0.1535875,-0.0643125,0.0027500000000009));
#5825=CARTESIAN_POINT('',(-0.1520875,-0.0643125,0.0027500000000009));
#5826=CARTESIAN_POINT('',(-0.1520875,-0.0653125,0.0027500000000009));
#5827=CARTESIAN_POINT('',(5.22415704445889E-15,2.2457643383822E-15,0.00275000000000044));
#5828=CARTESIAN_POINT('',(-0.1250875,-0.0663125,0.00275000000000091));
#5829=CARTESIAN_POINT('',(-0.1240875,-0.0663125,0.00275000000000091));
#5830=CARTESIAN_POINT('',(-0.1250875,-0.0673125,0.00275000000000092));
#5831=CARTESIAN_POINT('',(-0.1240875,-0.0653125,0.00275000000000091));
#5832=CARTESIAN_POINT('',(-0.1240875,-0.0643125,0.0027500000000009));
#5833=CARTESIAN_POINT('',(-0.1225875,-0.0643125,0.0027500000000009));
#5834=CARTESIAN_POINT('',(-0.1225875,-0.0628125,0.00275000000000089));
#5835=CARTESIAN_POINT('',(-4.57883769267035E-17,-0.0628125,0.00275000000000089));
#5836=CARTESIAN_POINT('',(-0.0374047375096562,-0.0628125,0.00275000000000088));
#5837=CARTESIAN_POINT('',(-0.0345,-0.0655625,0.00275000000000092));
#5838=CARTESIAN_POINT('',(-0.0385,-0.0655625,0.00275000000000092));
#5839=CARTESIAN_POINT('',(-0.0385,2.2457643383822E-15,0.00275000000000044));
#5840=CARTESIAN_POINT('',(-0.0385,-0.0673125,0.00275000000000094));
#5841=CARTESIAN_POINT('',(-4.57883769267035E-17,-0.0673125,0.00275000000000094));
#5842=CARTESIAN_POINT('',(5.22415704445889E-15,2.2457643383822E-15,0.00275000000000044));
#5843=CARTESIAN_POINT('',(-0.1710875,0.0428125,0.00275000000000011));
#5844=CARTESIAN_POINT('',(-0.1720875,0.0428125,0.00275000000000011));
#5845=CARTESIAN_POINT('',(-0.1710875,0.0438125,0.0027500000000001));
#5846=CARTESIAN_POINT('',(-0.1720875,2.94155885796976E-15,0.00275000000000044));
#5847=CARTESIAN_POINT('',(-0.1720875,0.0673125,0.00275000000000044));
#5848=CARTESIAN_POINT('',(-1.80328013110747E-17,0.0673125,0.00274999999999994));
#5849=CARTESIAN_POINT('',(-0.1670875,0.0673125,0.00274999999999993));
#5850=CARTESIAN_POINT('',(-0.1670875,0.0655625,0.00274999999999994));
#5851=CARTESIAN_POINT('',(-0.1670875,0.0655625,0.00274999999999994));
#5852=CARTESIAN_POINT('',(-0.1630875,0.0655625,0.00274999999999994));
#5853=CARTESIAN_POINT('',(-0.165992237509658,0.0628125,0.00275));
#5854=CARTESIAN_POINT('',(-4.57883769267042E-17,0.0628125,0.00275));
#5855=CARTESIAN_POINT('',(-0.1675875,0.0628125,0.00275));
#5856=CARTESIAN_POINT('',(-0.1675875,2.95543664577758E-15,0.00275000000000044));
#5857=CARTESIAN_POINT('',(-0.1675875,0.0453125,0.00275000000000009));
#5858=CARTESIAN_POINT('',(-0.1690875,0.0453125,0.00275000000000009));
#5859=CARTESIAN_POINT('',(-0.1690875,0.0438125,0.0027500000000001));
#5860=CARTESIAN_POINT('',(-0.1700875,0.0438125,0.0027500000000001));
#5861=CARTESIAN_POINT('',(5.22415704445889E-15,2.2457643383822E-15,0.00275000000000044));
#5862=CARTESIAN_POINT('',(-0.1710875,-0.0168125,0.00275000000000055));
#5863=CARTESIAN_POINT('',(-0.1720875,-0.0168125,0.00275000000000055));
#5864=CARTESIAN_POINT('',(-0.1710875,-0.0158125,0.00275000000000054));
#5865=CARTESIAN_POINT('',(-0.1720875,2.94155885796976E-15,0.00275000000000044));
#5866=CARTESIAN_POINT('',(-0.1720875,0.0168125,0.0027500000000003));
#5867=CARTESIAN_POINT('',(-0.1710875,0.0168125,0.0027500000000003));
#5868=CARTESIAN_POINT('',(-0.1710875,0.0158125,0.00275000000000031));
#5869=CARTESIAN_POINT('',(-0.1700875,0.0158125,0.00275000000000031));
#5870=CARTESIAN_POINT('',(-0.1690875,0.0158125,0.00275000000000031));
#5871=CARTESIAN_POINT('',(-0.1690875,0.0143125000000002,0.00275000000000032));
#5872=CARTESIAN_POINT('',(-0.1675875,0.0143125000000002,0.00275000000000032));
#5873=CARTESIAN_POINT('',(-0.1675875,2.95543664577758E-15,0.00275000000000044));
#5874=CARTESIAN_POINT('',(-0.1675875,-0.0143125,0.00275000000000053));
#5875=CARTESIAN_POINT('',(-0.1690875,-0.0143125,0.00275000000000053));
#5876=CARTESIAN_POINT('',(-0.1690875,-0.0158125,0.00275000000000054));
#5877=CARTESIAN_POINT('',(-0.1700875,-0.0158125,0.00275000000000054));
#5878=CARTESIAN_POINT('',(5.22415704445889E-15,2.2457643383822E-15,0.00275000000000044));
#5879=CARTESIAN_POINT('',(-0.1710875,-0.0428125,0.00275000000000074));
#5880=CARTESIAN_POINT('',(-0.1710875,-0.0438125,0.00275000000000074));
#5881=CARTESIAN_POINT('',(-0.1720875,-0.0428125,0.00275000000000074));
#5882=CARTESIAN_POINT('',(-0.1700875,-0.0438125,0.00275000000000074));
#5883=CARTESIAN_POINT('',(-0.1690875,-0.0438125,0.00275000000000074));
#5884=CARTESIAN_POINT('',(-0.1690875,-0.0453125,0.00275000000000076));
#5885=CARTESIAN_POINT('',(-0.1675875,-0.0453125,0.00275000000000076));
#5886=CARTESIAN_POINT('',(-0.1675875,2.95543664577758E-15,0.00275000000000044));
#5887=CARTESIAN_POINT('',(-0.1675875,-0.0628125,0.00275000000000089));
#5888=CARTESIAN_POINT('',(-4.57883769267035E-17,-0.0628125,0.00275000000000089));
#5889=CARTESIAN_POINT('',(-0.165992237509658,-0.0628125,0.00275000000000087));
#5890=CARTESIAN_POINT('',(-0.1630875,-0.0655625,0.0027500000000009));
#5891=CARTESIAN_POINT('',(-0.1670875,-0.0655625,0.0027500000000009));
#5892=CARTESIAN_POINT('',(-0.1670875,2.2457643383822E-15,0.00275000000000042));
#5893=CARTESIAN_POINT('',(-0.1670875,-0.0673125,0.00275000000000092));
#5894=CARTESIAN_POINT('',(-4.57883769267035E-17,-0.0673125,0.00275000000000094));
#5895=CARTESIAN_POINT('',(-0.1720875,-0.0673125,0.0027500000000007));
#5896=CARTESIAN_POINT('',(-0.1720875,2.94155885796976E-15,0.00275000000000044));
#5897=CARTESIAN_POINT('',(5.22415704445889E-15,2.2457643383822E-15,0.00275000000000044));
#5898=CARTESIAN_POINT('',(-0.026,0.0663125,0.00274999999999996));
#5899=CARTESIAN_POINT('',(-0.026,0.0673125,0.00274999999999995));
#5900=CARTESIAN_POINT('',(-0.025,0.0663125,0.00274999999999996));
#5901=CARTESIAN_POINT('',(-1.80328013110747E-17,0.0673125,0.00274999999999994));
#5902=CARTESIAN_POINT('',(-0.004,0.0673125,0.00274999999999994));
#5903=CARTESIAN_POINT('',(-0.004,0.0655625,0.00274999999999996));
#5904=CARTESIAN_POINT('',(-0.004,0.0655625,0.00274999999999996));
#5905=CARTESIAN_POINT('',(-4.33680868994202E-19,0.0655625,0.00274999999999996));
#5906=CARTESIAN_POINT('',(-0.00290473750965556,0.0628125,0.00275));
#5907=CARTESIAN_POINT('',(-4.57883769267042E-17,0.0628125,0.00275));
#5908=CARTESIAN_POINT('',(-0.0235,0.0628125,0.00275));
#5909=CARTESIAN_POINT('',(-0.0235,0.0643125,0.00275));
#5910=CARTESIAN_POINT('',(-0.025,0.0643125,0.00275));
#5911=CARTESIAN_POINT('',(-0.025,0.0653125,0.00274999999999996));
#5912=CARTESIAN_POINT('',(5.22415704445889E-15,2.2457643383822E-15,0.00275000000000044));
#5913=CARTESIAN_POINT('',(-0.052,0.0663125,0.00274999999999995));
#5914=CARTESIAN_POINT('',(-0.053,0.0663125,0.00274999999999995));
#5915=CARTESIAN_POINT('',(-0.052,0.0673125,0.00274999999999994));
#5916=CARTESIAN_POINT('',(-0.053,0.0653125,0.00274999999999996));
#5917=CARTESIAN_POINT('',(-0.053,0.0643125,0.00275));
#5918=CARTESIAN_POINT('',(-0.0545,0.0643125,0.00275));
#5919=CARTESIAN_POINT('',(-0.0545,0.0628125,0.00275));
#5920=CARTESIAN_POINT('',(-4.57883769267042E-17,0.0628125,0.00275));
#5921=CARTESIAN_POINT('',(-0.160182762490348,0.0628125,0.00275));
#5922=CARTESIAN_POINT('',(-0.1630875,0.0655625,0.00274999999999994));
#5923=CARTESIAN_POINT('',(-0.1590875,0.0655625,0.00274999999999995));
#5924=CARTESIAN_POINT('',(-0.1590875,2.2457643383822E-15,0.00275000000000043));
#5925=CARTESIAN_POINT('',(-0.1590875,0.0673125,0.00274999999999993));
#5926=CARTESIAN_POINT('',(-1.80328013110747E-17,0.0673125,0.00274999999999994));
#5927=CARTESIAN_POINT('',(5.22415704445889E-15,2.2457643383822E-15,0.00275000000000044));
#5928=CARTESIAN_POINT('',(0.052,0.0663125,0.00274999999999996));
#5929=CARTESIAN_POINT('',(0.052,0.0673125,0.00274999999999996));
#5930=CARTESIAN_POINT('',(0.053,0.0663125,0.00274999999999996));
#5931=CARTESIAN_POINT('',(-1.80328013110747E-17,0.0673125,0.00274999999999994));
#5932=CARTESIAN_POINT('',(0.1242875,0.0673125,0.00274999999999996));
#5933=CARTESIAN_POINT('',(0.1242875,0.0663125,0.00275));
#5934=CARTESIAN_POINT('',(0.1232875,0.0663125,0.00275));
#5935=CARTESIAN_POINT('',(0.1232875,0.0653125,0.00275));
#5936=CARTESIAN_POINT('',(0.1232875,0.0643125,0.00275));
#5937=CARTESIAN_POINT('',(0.1217875,0.0643125,0.00275));
#5938=CARTESIAN_POINT('',(0.1217875,0.0628125,0.00275));
#5939=CARTESIAN_POINT('',(-4.57883769267042E-17,0.0628125,0.00275));
#5940=CARTESIAN_POINT('',(0.0545,0.0628125,0.00275));
#5941=CARTESIAN_POINT('',(0.0545,0.0643125,0.00275));
#5942=CARTESIAN_POINT('',(0.053,0.0643125,0.00275));
#5943=CARTESIAN_POINT('',(0.053,0.0653125,0.00275));
#5944=CARTESIAN_POINT('',(5.22415704445889E-15,2.2457643383822E-15,0.00275000000000044));
#5945=CARTESIAN_POINT('',(0.1502875,0.0663125,0.00275));
#5946=CARTESIAN_POINT('',(0.1502875,0.0673125,0.00275));
#5947=CARTESIAN_POINT('',(0.1512875,0.0663125,0.00275));
#5948=CARTESIAN_POINT('',(-1.80328013110747E-17,0.0673125,0.00274999999999994));
#5949=CARTESIAN_POINT('',(0.1590875,0.0673125,0.00274999999999996));
#5950=CARTESIAN_POINT('',(0.1590875,0.0655625,0.00275));
#5951=CARTESIAN_POINT('',(0.1590875,0.0655625,0.00275));
#5952=CARTESIAN_POINT('',(0.1630875,0.0655625,0.00275));
#5953=CARTESIAN_POINT('',(0.160182762490348,0.0628125,0.00275));
#5954=CARTESIAN_POINT('',(-4.57883769267042E-17,0.0628125,0.00275));
#5955=CARTESIAN_POINT('',(0.1527875,0.0628125,0.00275));
#5956=CARTESIAN_POINT('',(0.1527875,0.0643125,0.00275));
#5957=CARTESIAN_POINT('',(0.1512875,0.0643125,0.00275));
#5958=CARTESIAN_POINT('',(0.1512875,0.0653125,0.00275));
#5959=CARTESIAN_POINT('',(5.22415704445889E-15,2.2457643383822E-15,0.00275000000000044));
#5960=CARTESIAN_POINT('',(0.026,0.0663125,0.00274999999999996));
#5961=CARTESIAN_POINT('',(0.025,0.0663125,0.00274999999999996));
#5962=CARTESIAN_POINT('',(0.026,0.0673125,0.00274999999999995));
#5963=CARTESIAN_POINT('',(0.025,0.0653125,0.00275));
#5964=CARTESIAN_POINT('',(0.025,0.0643125,0.00275));
#5965=CARTESIAN_POINT('',(0.0235,0.0643125,0.00275));
#5966=CARTESIAN_POINT('',(0.0235,0.0628125,0.00275));
#5967=CARTESIAN_POINT('',(-4.57883769267042E-17,0.0628125,0.00275));
#5968=CARTESIAN_POINT('',(0.00290473750965556,0.0628125,0.00275));
#5969=CARTESIAN_POINT('',(-4.33680868994202E-19,0.0655625,0.00274999999999996));
#5970=CARTESIAN_POINT('',(0.004,0.0655625,0.00274999999999996));
#5971=CARTESIAN_POINT('',(0.004,2.2457643383822E-15,0.00275000000000044));
#5972=CARTESIAN_POINT('',(0.004,0.0673125,0.00274999999999995));
#5973=CARTESIAN_POINT('',(-1.80328013110747E-17,0.0673125,0.00274999999999994));
#5974=CARTESIAN_POINT('',(5.22415704445889E-15,2.2457643383822E-15,0.00275000000000044));
#5975=CARTESIAN_POINT('',(0.1710875,0.0168125,0.00275000000000034));
#5976=CARTESIAN_POINT('',(0.1720875,0.0168125,0.00275000000000034));
#5977=CARTESIAN_POINT('',(0.1710875,0.0158125,0.00275000000000035));
#5978=CARTESIAN_POINT('',(0.1720875,2.91380328235413E-15,0.00275000000000044));
#5979=CARTESIAN_POINT('',(0.1720875,-0.0168125,0.00275000000000059));
#5980=CARTESIAN_POINT('',(0.1710875,-0.0168125,0.00275000000000059));
#5981=CARTESIAN_POINT('',(0.1710875,-0.0158125,0.00275000000000058));
#5982=CARTESIAN_POINT('',(0.1700875,-0.0158125,0.00275000000000058));
#5983=CARTESIAN_POINT('',(0.1690875,-0.0158125,0.00275000000000058));
#5984=CARTESIAN_POINT('',(0.1690875,-0.0143125,0.00275000000000057));
#5985=CARTESIAN_POINT('',(0.1675875,-0.0143125,0.00275000000000057));
#5986=CARTESIAN_POINT('',(0.1675875,2.89992549454632E-15,0.00275000000000044));
#5987=CARTESIAN_POINT('',(0.1675875,0.0143125,0.00275000000000036));
#5988=CARTESIAN_POINT('',(0.1690875,0.0143125,0.00275000000000036));
#5989=CARTESIAN_POINT('',(0.1690875,0.0158125,0.00275000000000035));
#5990=CARTESIAN_POINT('',(0.1700875,0.0158125,0.00275000000000035));
#5991=CARTESIAN_POINT('',(5.22415704445889E-15,2.2457643383822E-15,0.00275000000000044));
#5992=CARTESIAN_POINT('',(0.1710875,-0.0428125,0.00275000000000078));
#5993=CARTESIAN_POINT('',(0.1720875,-0.0428125,0.00275000000000078));
#5994=CARTESIAN_POINT('',(0.1710875,-0.0438125,0.00275000000000078));
#5995=CARTESIAN_POINT('',(0.1720875,2.91380328235413E-15,0.00275000000000044));
#5996=CARTESIAN_POINT('',(0.1720875,-0.0673125,0.0027500000000007));
#5997=CARTESIAN_POINT('',(-4.57883769267035E-17,-0.0673125,0.00275000000000094));
#5998=CARTESIAN_POINT('',(0.1670875,-0.0673125,0.00275000000000096));
#5999=CARTESIAN_POINT('',(0.1670875,-0.0655625,0.00275000000000094));
#6000=CARTESIAN_POINT('',(0.1670875,-0.0655625,0.00275000000000094));
#6001=CARTESIAN_POINT('',(0.1630875,-0.0655625,0.00275000000000094));
#6002=CARTESIAN_POINT('',(0.165992237509658,-0.0628125,0.00275000000000091));
#6003=CARTESIAN_POINT('',(-4.57883769267035E-17,-0.0628125,0.00275000000000089));
#6004=CARTESIAN_POINT('',(0.1675875,-0.0628125,0.00275000000000089));
#6005=CARTESIAN_POINT('',(0.1675875,2.89992549454632E-15,0.00275000000000044));
#6006=CARTESIAN_POINT('',(0.1675875,-0.0453125,0.00275000000000079));
#6007=CARTESIAN_POINT('',(0.1690875,-0.0453125,0.00275000000000079));
#6008=CARTESIAN_POINT('',(0.1690875,-0.0438125,0.00275000000000078));
#6009=CARTESIAN_POINT('',(0.1700875,-0.0438125,0.00275000000000078));
#6010=CARTESIAN_POINT('',(5.22415704445889E-15,2.2457643383822E-15,0.00275000000000044));
#6011=CARTESIAN_POINT('',(0.1710875,0.0428125,0.00275000000000015));
#6012=CARTESIAN_POINT('',(0.1710875,0.0438125,0.00275000000000014));
#6013=CARTESIAN_POINT('',(0.1720875,0.0428125,0.00275000000000015));
#6014=CARTESIAN_POINT('',(0.1700875,0.0438125,0.00275000000000014));
#6015=CARTESIAN_POINT('',(0.1690875,0.0438125,0.00275000000000014));
#6016=CARTESIAN_POINT('',(0.1690875,0.0453125,0.00275000000000013));
#6017=CARTESIAN_POINT('',(0.1675875,0.0453125,0.00275000000000013));
#6018=CARTESIAN_POINT('',(0.1675875,2.89992549454632E-15,0.00275000000000044));
#6019=CARTESIAN_POINT('',(0.1675875,0.0628125,0.00275000000000044));
#6020=CARTESIAN_POINT('',(-4.57883769267042E-17,0.0628125,0.00275));
#6021=CARTESIAN_POINT('',(0.165992237509658,0.0628125,0.00275));
#6022=CARTESIAN_POINT('',(0.1630875,0.0655625,0.00275));
#6023=CARTESIAN_POINT('',(0.1670875,0.0655625,0.00275));
#6024=CARTESIAN_POINT('',(0.1670875,2.2457643383822E-15,0.00275000000000046));
#6025=CARTESIAN_POINT('',(0.1670875,0.0673125,0.00274999999999996));
#6026=CARTESIAN_POINT('',(-1.80328013110747E-17,0.0673125,0.00274999999999994));
#6027=CARTESIAN_POINT('',(0.1720875,0.0673125,0.00275000000000044));
#6028=CARTESIAN_POINT('',(0.1720875,2.91380328235413E-15,0.00275000000000044));
#6029=CARTESIAN_POINT('',(5.22415704445889E-15,2.2457643383822E-15,0.00275000000000044));
#6030=CARTESIAN_POINT('',(0.1250875,-0.0663125,0.00275000000000094));
#6031=CARTESIAN_POINT('',(0.1250875,-0.0673125,0.00275000000000095));
#6032=CARTESIAN_POINT('',(0.1240875,-0.0663125,0.00275000000000094));
#6033=CARTESIAN_POINT('',(-4.57883769267035E-17,-0.0673125,0.00275000000000094));
#6034=CARTESIAN_POINT('',(0.0385,-0.0673125,0.00275000000000095));
#6035=CARTESIAN_POINT('',(0.0385,-0.0655625,0.00275000000000093));
#6036=CARTESIAN_POINT('',(0.0385,-0.0655625,0.00275000000000093));
#6037=CARTESIAN_POINT('',(0.0345,-0.0655625,0.00275000000000093));
#6038=CARTESIAN_POINT('',(0.0374047375096562,-0.0628125,0.00275000000000089));
#6039=CARTESIAN_POINT('',(-4.57883769267035E-17,-0.0628125,0.00275000000000089));
#6040=CARTESIAN_POINT('',(0.1225875,-0.0628125,0.00275000000000092));
#6041=CARTESIAN_POINT('',(0.1225875,-0.0643125,0.00275000000000093));
#6042=CARTESIAN_POINT('',(0.1240875,-0.0643125,0.00275000000000093));
#6043=CARTESIAN_POINT('',(0.1240875,-0.0653125,0.00275000000000094));
#6044=CARTESIAN_POINT('',(5.22415704445889E-15,2.2457643383822E-15,0.00275000000000044));
#6045=CARTESIAN_POINT('',(0.1510875,-0.0663125,0.00275000000000095));
#6046=CARTESIAN_POINT('',(0.1520875,-0.0663125,0.00275000000000095));
#6047=CARTESIAN_POINT('',(0.1510875,-0.0673125,0.00275000000000095));
#6048=CARTESIAN_POINT('',(0.1520875,-0.0653125,0.00275000000000094));
#6049=CARTESIAN_POINT('',(0.1520875,-0.0643125,0.00275000000000093));
#6050=CARTESIAN_POINT('',(0.1535875,-0.0643125,0.00275000000000093));
#6051=CARTESIAN_POINT('',(0.1535875,-0.0628125,0.00275000000000092));
#6052=CARTESIAN_POINT('',(-4.57883769267035E-17,-0.0628125,0.00275000000000089));
#6053=CARTESIAN_POINT('',(0.160182762490348,-0.0628125,0.00275000000000091));
#6054=CARTESIAN_POINT('',(0.1630875,-0.0655625,0.00275000000000094));
#6055=CARTESIAN_POINT('',(0.1590875,-0.0655625,0.00275000000000094));
#6056=CARTESIAN_POINT('',(0.1590875,2.2457643383822E-15,0.00275000000000046));
#6057=CARTESIAN_POINT('',(0.1590875,-0.0673125,0.00275000000000096));
#6058=CARTESIAN_POINT('',(-4.57883769267035E-17,-0.0673125,0.00275000000000094));
#6059=CARTESIAN_POINT('',(5.22415704445889E-15,2.2457643383822E-15,0.00275000000000044));
#6060=CARTESIAN_POINT('',(-0.013,-0.0663125,0.00275000000000093));
#6061=CARTESIAN_POINT('',(-0.013,-0.0673125,0.00275000000000093));
#6062=CARTESIAN_POINT('',(-0.014,-0.0663125,0.00275000000000093));
#6063=CARTESIAN_POINT('',(-4.57883769267035E-17,-0.0673125,0.00275000000000094));
#6064=CARTESIAN_POINT('',(-0.0305,-0.0673125,0.00275000000000094));
#6065=CARTESIAN_POINT('',(-0.0305,-0.0655625,0.00275000000000092));
#6066=CARTESIAN_POINT('',(-0.0305,-0.0655625,0.00275000000000092));
#6067=CARTESIAN_POINT('',(-0.0345,-0.0655625,0.00275000000000092));
#6068=CARTESIAN_POINT('',(-0.031595262490345,-0.0628125,0.00275000000000088));
#6069=CARTESIAN_POINT('',(-4.57883769267035E-17,-0.0628125,0.00275000000000089));
#6070=CARTESIAN_POINT('',(-0.0155,-0.0628125,0.0027500000000009));
#6071=CARTESIAN_POINT('',(-0.0155,-0.0643125,0.00275000000000091));
#6072=CARTESIAN_POINT('',(-0.014,-0.0643125,0.00275000000000091));
#6073=CARTESIAN_POINT('',(-0.014,-0.0653125,0.00275000000000092));
#6074=CARTESIAN_POINT('',(5.22415704445889E-15,2.2457643383822E-15,0.00275000000000044));
#6075=CARTESIAN_POINT('',(0.013,-0.0663125,0.00275000000000093));
#6076=CARTESIAN_POINT('',(0.014,-0.0663125,0.00275000000000093));
#6077=CARTESIAN_POINT('',(0.013,-0.0673125,0.00275000000000094));
#6078=CARTESIAN_POINT('',(0.014,-0.0653125,0.00275000000000092));
#6079=CARTESIAN_POINT('',(0.014,-0.0643125,0.00275000000000092));
#6080=CARTESIAN_POINT('',(0.0155,-0.0643125,0.00275000000000092));
#6081=CARTESIAN_POINT('',(0.0155,-0.0628125,0.00275000000000091));
#6082=CARTESIAN_POINT('',(-4.57883769267035E-17,-0.0628125,0.00275000000000089));
#6083=CARTESIAN_POINT('',(0.031595262490345,-0.0628125,0.00275000000000089));
#6084=CARTESIAN_POINT('',(0.0345,-0.0655625,0.00275000000000093));
#6085=CARTESIAN_POINT('',(0.0305,-0.0655625,0.00275000000000093));
#6086=CARTESIAN_POINT('',(0.0305,2.2457643383822E-15,0.00275000000000045));
#6087=CARTESIAN_POINT('',(0.0305,-0.0673125,0.00275000000000095));
#6088=CARTESIAN_POINT('',(-4.57883769267035E-17,-0.0673125,0.00275000000000094));
#6089=CARTESIAN_POINT('',(0.,0.0628125,-0.397177306210913));
#6090=CARTESIAN_POINT('',(-4.61890980496549E-17,0.0628125,0.00625));
#6091=CARTESIAN_POINT('',(-0.0235,0.0628125,0.00625));
#6092=CARTESIAN_POINT('',(-0.0545,0.0628125,0.00625));
#6093=CARTESIAN_POINT('',(-0.0235,0.0628125,0.00625));
#6094=CARTESIAN_POINT('',(-0.00290473750965556,0.0628125,0.00275));
#6095=CARTESIAN_POINT('',(-0.00254875758930398,0.0628125,0.00275));
#6096=CARTESIAN_POINT('',(-0.00202797279737683,0.0628125,0.00260637085937061));
#6097=CARTESIAN_POINT('',(-0.0014335494446931,0.0628125,0.00223138201254336));
#6098=CARTESIAN_POINT('',(-0.00119895788082816,0.0628125,0.00193034273789499));
#6099=CARTESIAN_POINT('',(-0.00119895788082814,0.0628125,0.00175000000000006));
#6100=CARTESIAN_POINT('',(-0.00119895788082815,0.0628125,0.00175000000000006));
#6101=CARTESIAN_POINT('',(-0.00119895788082814,0.0628125,0.00275));
#6102=CARTESIAN_POINT('',(-0.00119895788082814,0.0628125,0.00275));
#6103=CARTESIAN_POINT('',(-4.57883769267042E-17,0.0628125,0.00275));
#6104=CARTESIAN_POINT('',(0.00119895788082814,0.0628125,0.00275));
#6105=CARTESIAN_POINT('',(0.00119895788082814,0.0628125,0.00175000000000006));
#6106=CARTESIAN_POINT('',(0.00119895788082814,0.0628125,0.00175000000000006));
#6107=CARTESIAN_POINT('',(0.00119895788082814,0.0628125,0.00175000000000006));
#6108=CARTESIAN_POINT('',(0.00119895788082816,0.0628125,0.00193009506052245));
#6109=CARTESIAN_POINT('',(0.00143396585035367,0.0628125,0.00223169066094266));
#6110=CARTESIAN_POINT('',(0.00187875464461024,0.0628125,0.00251269018268654));
#6111=CARTESIAN_POINT('',(0.00237689392799067,0.0628125,0.00270139708005996));
#6112=CARTESIAN_POINT('',(0.00272697144909705,0.0628125,0.00275));
#6113=CARTESIAN_POINT('',(0.00290473750965556,0.0628125,0.00275));
#6114=CARTESIAN_POINT('',(0.0235,0.0628125,0.00625));
#6115=CARTESIAN_POINT('',(0.0235,0.0628125,0.00625));
#6116=CARTESIAN_POINT('',(-4.61890980496549E-17,0.0628125,0.00625));
#6117=CARTESIAN_POINT('',(0.0545,0.0628125,0.00625));
#6118=CARTESIAN_POINT('',(0.0545,0.0628125,0.00625));
#6119=CARTESIAN_POINT('',(0.1217875,0.0628125,0.00625));
#6120=CARTESIAN_POINT('',(0.1217875,0.0628125,0.00625));
#6121=CARTESIAN_POINT('',(-4.61890980496549E-17,0.0628125,0.00625));
#6122=CARTESIAN_POINT('',(0.1527875,0.0628125,0.00625));
#6123=CARTESIAN_POINT('',(0.1527875,0.0628125,0.00625));
#6124=CARTESIAN_POINT('',(0.160182762490348,0.0628124999999968,0.00275));
#6125=CARTESIAN_POINT('',(0.160538742410699,0.0628124999999968,0.00274999999999999));
#6126=CARTESIAN_POINT('',(0.161059527202625,0.0628125000000007,0.00260637085936974));
#6127=CARTESIAN_POINT('',(0.161653950555308,0.0628124999999998,0.00223138201254274));
#6128=CARTESIAN_POINT('',(0.161888542119172,0.0628125,0.00193034273789477));
#6129=CARTESIAN_POINT('',(0.161888542119172,0.0628125,0.00175000000000009));
#6130=CARTESIAN_POINT('',(0.161888542119172,0.0628125,0.00175000000000008));
#6131=CARTESIAN_POINT('',(0.161888542119172,0.0628125,0.00275));
#6132=CARTESIAN_POINT('',(0.161888542119172,0.0628125,0.00275));
#6133=CARTESIAN_POINT('',(-4.57883769267042E-17,0.0628125,0.00275));
#6134=CARTESIAN_POINT('',(0.164286457880828,0.0628125,0.00275));
#6135=CARTESIAN_POINT('',(0.164286457880828,0.0628125,0.00175000000000008));
#6136=CARTESIAN_POINT('',(0.164286457880828,0.0628125,0.00175000000000008));
#6137=CARTESIAN_POINT('',(0.164286457880828,0.0628125,0.00175000000000008));
#6138=CARTESIAN_POINT('',(0.164286457880828,0.0628125,0.00193009506052276));
#6139=CARTESIAN_POINT('',(0.164521465850354,0.0628124999999999,0.00223169066094326));
#6140=CARTESIAN_POINT('',(0.164966254644611,0.0628125,0.00251269018268726));
#6141=CARTESIAN_POINT('',(0.165464393927993,0.0628124999999999,0.00270139708006061));
#6142=CARTESIAN_POINT('',(0.1658144714491,0.0628125,0.00275000000000028));
#6143=CARTESIAN_POINT('',(0.165992237509658,0.0628125,0.00275));
#6144=CARTESIAN_POINT('',(0.1675875,0.0628125,-0.397177306210913));
#6145=CARTESIAN_POINT('',(0.1675875,0.0628125,0.01));
#6146=CARTESIAN_POINT('',(0.,0.0628125,0.01));
#6147=CARTESIAN_POINT('',(0.143775000000011,0.0628125,0.01));
#6148=CARTESIAN_POINT('',(0.143775000000011,0.0628125,0.01));
#6149=CARTESIAN_POINT('',(0.143775000000011,0.0628125,0.012));
#6150=CARTESIAN_POINT('',(0.,0.0628125,0.012));
#6151=CARTESIAN_POINT('',(0.12292500000001,0.0628125,0.012));
#6152=CARTESIAN_POINT('',(0.12292500000001,0.0628125,0.01));
#6153=CARTESIAN_POINT('',(0.12292500000001,0.0628125,0.01));
#6154=CARTESIAN_POINT('',(0.,0.0628125,0.01));
#6155=CARTESIAN_POINT('',(0.11996250000001,0.0628125,0.01));
#6156=CARTESIAN_POINT('',(0.11996250000001,0.0628125,0.01));
#6157=CARTESIAN_POINT('',(0.11996250000001,0.0628125,0.012));
#6158=CARTESIAN_POINT('',(0.,0.0628125,0.012));
#6159=CARTESIAN_POINT('',(0.0419625000000078,0.0628125,0.012));
#6160=CARTESIAN_POINT('',(0.0419625000000078,0.0628125,0.01));
#6161=CARTESIAN_POINT('',(0.0419625000000078,0.0628125,0.01));
#6162=CARTESIAN_POINT('',(0.,0.0628125,0.01));
#6163=CARTESIAN_POINT('',(0.0390000000000075,0.0628125,0.01));
#6164=CARTESIAN_POINT('',(0.0390000000000075,0.0628125,0.01));
#6165=CARTESIAN_POINT('',(0.0390000000000075,0.0628125,0.012));
#6166=CARTESIAN_POINT('',(0.,0.0628125,0.012));
#6167=CARTESIAN_POINT('',(-0.0389999999999945,0.0628125,0.012));
#6168=CARTESIAN_POINT('',(-0.0389999999999945,0.0628125,0.01));
#6169=CARTESIAN_POINT('',(-0.0389999999999945,0.0628125,0.01));
#6170=CARTESIAN_POINT('',(0.,0.0628125,0.01));
#6171=CARTESIAN_POINT('',(-0.0419624999999949,0.0628125,0.01));
#6172=CARTESIAN_POINT('',(-0.0419624999999948,0.0628125,0.01));
#6173=CARTESIAN_POINT('',(-0.0419624999999948,0.0628125,0.012));
#6174=CARTESIAN_POINT('',(0.,0.0628125,0.012));
#6175=CARTESIAN_POINT('',(-0.119962499999997,0.0628125,0.012));
#6176=CARTESIAN_POINT('',(-0.119962499999997,0.0628125,0.01));
#6177=CARTESIAN_POINT('',(-0.119962499999997,0.0628125,0.01));
#6178=CARTESIAN_POINT('',(0.,0.0628125,0.01));
#6179=CARTESIAN_POINT('',(-0.122924999999997,0.0628125,0.01));
#6180=CARTESIAN_POINT('',(-0.122924999999997,0.0628125,0.01));
#6181=CARTESIAN_POINT('',(-0.122924999999997,0.0628125,0.012));
#6182=CARTESIAN_POINT('',(0.,0.0628125,0.012));
#6183=CARTESIAN_POINT('',(-0.143774999999998,0.0628125,0.012));
#6184=CARTESIAN_POINT('',(-0.143774999999998,0.0628125,0.01));
#6185=CARTESIAN_POINT('',(-0.143774999999998,0.0628125,0.01));
#6186=CARTESIAN_POINT('',(0.,0.0628125,0.01));
#6187=CARTESIAN_POINT('',(-0.1675875,0.0628125,0.01));
#6188=CARTESIAN_POINT('',(-0.1675875,0.0628125,-0.397177306210913));
#6189=CARTESIAN_POINT('',(-0.165992237509658,0.0628125000000032,0.00274999999999996));
#6190=CARTESIAN_POINT('',(-0.165636257589307,0.0628125000000032,0.00274999999999995));
#6191=CARTESIAN_POINT('',(-0.165115472797378,0.0628124999999993,0.00260637085937138));
#6192=CARTESIAN_POINT('',(-0.164521049444694,0.0628125000000002,0.00223138201254401));
#6193=CARTESIAN_POINT('',(-0.164286457880829,0.0628125,0.00193034273789515));
#6194=CARTESIAN_POINT('',(-0.164286457880829,0.0628125,0.00175000000000005));
#6195=CARTESIAN_POINT('',(-0.164286457880829,0.0628125,0.00175000000000004));
#6196=CARTESIAN_POINT('',(-0.164286457880829,0.0628125,0.00274999999999996));
#6197=CARTESIAN_POINT('',(-0.164286457880829,0.0628125,0.00274999999999996));
#6198=CARTESIAN_POINT('',(-4.57883769267042E-17,0.0628125,0.00275));
#6199=CARTESIAN_POINT('',(-0.161888542119172,0.0628125,0.00274999999999996));
#6200=CARTESIAN_POINT('',(-0.161888542119172,0.0628125,0.00175000000000004));
#6201=CARTESIAN_POINT('',(-0.161888542119172,0.0628125,0.00175000000000004));
#6202=CARTESIAN_POINT('',(-0.161888542119172,0.0628125,0.00175000000000004));
#6203=CARTESIAN_POINT('',(-0.161888542119171,0.0628125,0.00193009506052201));
#6204=CARTESIAN_POINT('',(-0.161653534149647,0.0628125,0.00223169066094205));
#6205=CARTESIAN_POINT('',(-0.161208745355391,0.0628125,0.00251269018268576));
#6206=CARTESIAN_POINT('',(-0.160710606072012,0.0628125,0.00270139708005924));
#6207=CARTESIAN_POINT('',(-0.160360528550906,0.0628125,0.00274999999999971));
#6208=CARTESIAN_POINT('',(-0.160182762490348,0.0628125,0.00275));
#6209=CARTESIAN_POINT('',(-0.0545,0.0628125,0.00625));
#6210=CARTESIAN_POINT('',(0.1675875,-2.77555756156289E-17,-0.397177306210913));
#6211=CARTESIAN_POINT('',(0.1675875,2.9255473602865E-15,0.00625000000000045));
#6212=CARTESIAN_POINT('',(0.1675875,0.0143125,0.00625000000000032));
#6213=CARTESIAN_POINT('',(0.1675875,0.0453125,0.00625000000000013));
#6214=CARTESIAN_POINT('',(0.1675875,0.0143125,0.00625000000000036));
#6215=CARTESIAN_POINT('',(0.1675875,-0.0143125,0.00625000000000057));
#6216=CARTESIAN_POINT('',(0.1675875,-0.0143125,0.00625000000000057));
#6217=CARTESIAN_POINT('',(0.1675875,2.9255473602865E-15,0.00625000000000045));
#6218=CARTESIAN_POINT('',(0.1675875,-0.0453125,0.00625000000000075));
#6219=CARTESIAN_POINT('',(0.1675875,-0.0453125,0.0062500000000008));
#6220=CARTESIAN_POINT('',(0.1675875,-0.0628125,-0.397177306210913));
#6221=CARTESIAN_POINT('',(0.1675875,-0.0628125,0.012));
#6222=CARTESIAN_POINT('',(0.1675875,-2.77555756156289E-17,0.012));
#6223=CARTESIAN_POINT('',(0.1675875,-0.0419624999999995,0.012));
#6224=CARTESIAN_POINT('',(0.1675875,-0.0419624999999995,0.01));
#6225=CARTESIAN_POINT('',(0.1675875,-0.0419624999999995,0.01));
#6226=CARTESIAN_POINT('',(0.1675875,-2.77555756156289E-17,0.01));
#6227=CARTESIAN_POINT('',(0.1675875,-0.0199499999999986,0.01));
#6228=CARTESIAN_POINT('',(0.1675875,-0.0199499999999985,0.01));
#6229=CARTESIAN_POINT('',(0.1675875,-0.0199499999999985,0.012));
#6230=CARTESIAN_POINT('',(0.1675875,-2.77555756156289E-17,0.012));
#6231=CARTESIAN_POINT('',(0.1675875,0.0390000000000034,0.012));
#6232=CARTESIAN_POINT('',(0.1675875,0.0390000000000034,0.01));
#6233=CARTESIAN_POINT('',(0.1675875,0.0390000000000034,0.01));
#6234=CARTESIAN_POINT('',(0.1675875,-2.77555756156289E-17,0.01));
#6235=CARTESIAN_POINT('',(0.1675875,0.0453125,0.00625000000000013));
#6236=CARTESIAN_POINT('',(-0.1675875,2.77555756156289E-17,-0.397177306210913));
#6237=CARTESIAN_POINT('',(-0.1675875,2.98105851151776E-15,0.00625000000000045));
#6238=CARTESIAN_POINT('',(-0.1675875,0.0143125000000002,0.00625000000000032));
#6239=CARTESIAN_POINT('',(-0.1675875,0.0453125,0.00625000000000009));
#6240=CARTESIAN_POINT('',(-0.1675875,0.0453125,0.00625000000000009));
#6241=CARTESIAN_POINT('',(-0.1675875,2.77555756156289E-17,0.01));
#6242=CARTESIAN_POINT('',(-0.1675875,0.0390000000000036,0.01));
#6243=CARTESIAN_POINT('',(-0.1675875,0.0390000000000036,0.01));
#6244=CARTESIAN_POINT('',(-0.1675875,0.0390000000000036,0.012));
#6245=CARTESIAN_POINT('',(-0.1675875,2.77555756156289E-17,0.012));
#6246=CARTESIAN_POINT('',(-0.1675875,-0.0580499999999987,0.012));
#6247=CARTESIAN_POINT('',(-0.1675875,-0.0580499999999987,0.01));
#6248=CARTESIAN_POINT('',(-0.1675875,-0.0580499999999987,0.01));
#6249=CARTESIAN_POINT('',(-0.1675875,2.77555756156289E-17,0.01));
#6250=CARTESIAN_POINT('',(-0.1675875,-0.0628125,0.01));
#6251=CARTESIAN_POINT('',(-0.1675875,-0.0628125,-0.397177306210913));
#6252=CARTESIAN_POINT('',(-0.1675875,-0.0453125,0.00625000000000076));
#6253=CARTESIAN_POINT('',(-0.1675875,-0.0453125,0.00625000000000076));
#6254=CARTESIAN_POINT('',(-0.1675875,2.98105851151776E-15,0.00625000000000045));
#6255=CARTESIAN_POINT('',(-0.1675875,-0.0143125,0.00625000000000053));
#6256=CARTESIAN_POINT('',(-0.1675875,-0.0143125,0.00625000000000053));
#6257=CARTESIAN_POINT('',(-0.1675875,0.0143125000000002,0.00625000000000032));
#6258=CARTESIAN_POINT('',(2.77555756156289E-17,0.0673125,0.008));
#6259=CARTESIAN_POINT('',(-0.1660875,0.0673125,-6.89552581700781E-17));
#6260=CARTESIAN_POINT('',(-0.1660875,0.0673125,-6.89552581700781E-17));
#6261=CARTESIAN_POINT('',(-0.1660875,0.0673125,0.00174999999999995));
#6262=CARTESIAN_POINT('',(-0.1670875,0.0673125,0.00174999999999995));
#6263=CARTESIAN_POINT('',(-0.1720875,0.0673125,0.008));
#6264=CARTESIAN_POINT('',(-0.1720875,0.0673125,0.));
#6265=CARTESIAN_POINT('',(2.77555756156289E-17,0.0673125,0.));
#6266=CARTESIAN_POINT('',(2.77555756156289E-17,0.0673125,0.008));
#6267=CARTESIAN_POINT('',(-0.1590875,0.0673125,0.00174999999999995));
#6268=CARTESIAN_POINT('',(-0.1600875,0.0673125,0.00174999999999995));
#6269=CARTESIAN_POINT('',(-0.1600875,0.0673125,-6.85215773010839E-17));
#6270=CARTESIAN_POINT('',(-0.1600875,0.0673125,-6.85215773010839E-17));
#6271=CARTESIAN_POINT('',(2.77555756156289E-17,0.0673125,0.));
#6272=CARTESIAN_POINT('',(-0.003,0.0673125,-5.03069808033274E-17));
#6273=CARTESIAN_POINT('',(-0.003,0.0673125,-5.03069808033274E-17));
#6274=CARTESIAN_POINT('',(-0.003,0.0673125,0.00174999999999997));
#6275=CARTESIAN_POINT('',(-0.004,0.0673125,0.00174999999999997));
#6276=CARTESIAN_POINT('',(-0.026,0.0673125,0.00625));
#6277=CARTESIAN_POINT('',(-0.026,0.0673125,0.00625));
#6278=CARTESIAN_POINT('',(-1.84335224340253E-17,0.0673125,0.00625));
#6279=CARTESIAN_POINT('',(-0.052,0.0673125,0.00625));
#6280=CARTESIAN_POINT('',(-0.052,0.0673125,0.00625));
#6281=CARTESIAN_POINT('',(2.77555756156289E-17,0.0673125,0.008));
#6282=CARTESIAN_POINT('',(0.004,0.0673125,0.00174999999999998));
#6283=CARTESIAN_POINT('',(0.003,0.0673125,0.00174999999999998));
#6284=CARTESIAN_POINT('',(0.003,0.0673125,-4.9439619065339E-17));
#6285=CARTESIAN_POINT('',(0.003,0.0673125,-4.9439619065339E-17));
#6286=CARTESIAN_POINT('',(2.77555756156289E-17,0.0673125,0.));
#6287=CARTESIAN_POINT('',(0.1600875,0.0673125,-3.16587034365767E-17));
#6288=CARTESIAN_POINT('',(0.1600875,0.0673125,-3.16587034365767E-17));
#6289=CARTESIAN_POINT('',(0.1600875,0.0673125,0.00175));
#6290=CARTESIAN_POINT('',(0.1590875,0.0673125,0.00175));
#6291=CARTESIAN_POINT('',(0.1502875,0.0673125,0.00625));
#6292=CARTESIAN_POINT('',(0.1502875,0.0673125,0.00625));
#6293=CARTESIAN_POINT('',(-1.84335224340253E-17,0.0673125,0.00625));
#6294=CARTESIAN_POINT('',(0.1242875,0.0673125,0.00625));
#6295=CARTESIAN_POINT('',(0.1242875,0.0673125,0.00625));
#6296=CARTESIAN_POINT('',(0.052,0.0673125,0.00625));
#6297=CARTESIAN_POINT('',(0.052,0.0673125,0.00625));
#6298=CARTESIAN_POINT('',(-1.84335224340253E-17,0.0673125,0.00625));
#6299=CARTESIAN_POINT('',(0.026,0.0673125,0.00625));
#6300=CARTESIAN_POINT('',(0.026,0.0673125,0.00625));
#6301=CARTESIAN_POINT('',(0.,-0.0673125,0.008));
#6302=CARTESIAN_POINT('',(-0.1670875,-0.0673125,0.00175000000000094));
#6303=CARTESIAN_POINT('',(-0.1660875,-0.0673125,0.00175000000000094));
#6304=CARTESIAN_POINT('',(-0.1660875,-0.0673125,9.2374025095765E-16));
#6305=CARTESIAN_POINT('',(-0.1660875,-0.0673125,0.));
#6306=CARTESIAN_POINT('',(0.,-0.0673125,0.));
#6307=CARTESIAN_POINT('',(-0.1720875,-0.0673125,0.));
#6308=CARTESIAN_POINT('',(-0.1720875,-0.0673125,0.008));
#6309=CARTESIAN_POINT('',(0.,-0.0673125,0.008));
#6310=CARTESIAN_POINT('',(0.1250875,-0.0673125,0.00625000000000095));
#6311=CARTESIAN_POINT('',(0.1250875,-0.0673125,0.00625000000000095));
#6312=CARTESIAN_POINT('',(-4.61890980496541E-17,-0.0673125,0.00625000000000095));
#6313=CARTESIAN_POINT('',(0.1510875,-0.0673125,0.00625000000000096));
#6314=CARTESIAN_POINT('',(0.1510875,-0.0673125,0.00625000000000096));
#6315=CARTESIAN_POINT('',(0.1590875,-0.0673125,0.00175000000000097));
#6316=CARTESIAN_POINT('',(0.1600875,-0.0673125,0.00175000000000097));
#6317=CARTESIAN_POINT('',(0.1600875,-0.0673125,9.61036805691151E-16));
#6318=CARTESIAN_POINT('',(0.1600875,-0.0673125,0.));
#6319=CARTESIAN_POINT('',(0.,-0.0673125,0.));
#6320=CARTESIAN_POINT('',(0.0375,-0.0673125,0.));
#6321=CARTESIAN_POINT('',(0.0375,-0.0673125,9.46725337014342E-16));
#6322=CARTESIAN_POINT('',(0.0375,-0.0673125,0.00175000000000096));
#6323=CARTESIAN_POINT('',(0.0385,-0.0673125,0.00175000000000096));
#6324=CARTESIAN_POINT('',(0.,-0.0673125,0.008));
#6325=CARTESIAN_POINT('',(-0.013,-0.0673125,0.00625000000000094));
#6326=CARTESIAN_POINT('',(-0.013,-0.0673125,0.00625000000000094));
#6327=CARTESIAN_POINT('',(-4.61890980496541E-17,-0.0673125,0.00625000000000095));
#6328=CARTESIAN_POINT('',(0.013,-0.0673125,0.00625000000000094));
#6329=CARTESIAN_POINT('',(0.013,-0.0673125,0.00625000000000094));
#6330=CARTESIAN_POINT('',(0.0305,-0.0673125,0.00175000000000096));
#6331=CARTESIAN_POINT('',(0.0315,-0.0673125,0.00175000000000096));
#6332=CARTESIAN_POINT('',(0.0315,-0.0673125,9.46291656145348E-16));
#6333=CARTESIAN_POINT('',(0.0315,-0.0673125,0.));
#6334=CARTESIAN_POINT('',(0.,-0.0673125,0.));
#6335=CARTESIAN_POINT('',(-0.0315,-0.0673125,0.));
#6336=CARTESIAN_POINT('',(-0.0315,-0.0673125,9.38919081372447E-16));
#6337=CARTESIAN_POINT('',(-0.0315,-0.0673125,0.00175000000000096));
#6338=CARTESIAN_POINT('',(-0.0305,-0.0673125,0.00175000000000096));
#6339=CARTESIAN_POINT('',(0.,-0.0673125,0.008));
#6340=CARTESIAN_POINT('',(-0.1510875,-0.0673125,0.00625000000000092));
#6341=CARTESIAN_POINT('',(-0.1510875,-0.0673125,0.00625000000000092));
#6342=CARTESIAN_POINT('',(-4.61890980496541E-17,-0.0673125,0.00625000000000095));
#6343=CARTESIAN_POINT('',(-0.1250875,-0.0673125,0.00625000000000092));
#6344=CARTESIAN_POINT('',(-0.1250875,-0.0673125,0.00625000000000092));
#6345=CARTESIAN_POINT('',(-0.0385,-0.0673125,0.00175000000000096));
#6346=CARTESIAN_POINT('',(-0.0375,-0.0673125,0.00175000000000096));
#6347=CARTESIAN_POINT('',(-0.0375,-0.0673125,9.38051719634458E-16));
#6348=CARTESIAN_POINT('',(-0.0375,-0.0673125,0.));
#6349=CARTESIAN_POINT('',(0.,-0.0673125,0.));
#6350=CARTESIAN_POINT('',(-0.1600875,-0.0673125,0.));
#6351=CARTESIAN_POINT('',(-0.1600875,-0.0673125,9.24173931826644E-16));
#6352=CARTESIAN_POINT('',(-0.1600875,-0.0673125,0.00175000000000094));
#6353=CARTESIAN_POINT('',(-0.1590875,-0.0673125,0.00175000000000094));
#6354=CARTESIAN_POINT('',(2.77555756156289E-17,0.0673125,0.008));
#6355=CARTESIAN_POINT('',(0.1670875,0.0673125,0.00175));
#6356=CARTESIAN_POINT('',(0.1660875,0.0673125,0.00175));
#6357=CARTESIAN_POINT('',(0.1660875,0.0673125,-3.12250225675825E-17));
#6358=CARTESIAN_POINT('',(0.1660875,0.0673125,-3.12250225675825E-17));
#6359=CARTESIAN_POINT('',(2.77555756156289E-17,0.0673125,0.));
#6360=CARTESIAN_POINT('',(0.1720875,0.0673125,0.));
#6361=CARTESIAN_POINT('',(0.1720875,0.0673125,0.008));
#6362=CARTESIAN_POINT('',(0.1720875,-1.38777878078145E-17,0.008));
#6363=CARTESIAN_POINT('',(0.1720875,-0.0673125,0.008));
#6364=CARTESIAN_POINT('',(0.1720875,-0.0673125,0.));
#6365=CARTESIAN_POINT('',(0.1720875,-0.0428125,0.00625000000000078));
#6366=CARTESIAN_POINT('',(0.1720875,-0.0428125,0.00625000000000078));
#6367=CARTESIAN_POINT('',(0.1720875,2.93942514809431E-15,0.00625000000000045));
#6368=CARTESIAN_POINT('',(0.1720875,-0.0168125,0.00625000000000059));
#6369=CARTESIAN_POINT('',(0.1720875,-0.0168125,0.00625000000000059));
#6370=CARTESIAN_POINT('',(0.1720875,0.0168125,0.00625000000000034));
#6371=CARTESIAN_POINT('',(0.1720875,0.0168125,0.00625000000000034));
#6372=CARTESIAN_POINT('',(0.1720875,2.93942514809431E-15,0.00625000000000045));
#6373=CARTESIAN_POINT('',(0.1720875,0.0428125,0.00625000000000015));
#6374=CARTESIAN_POINT('',(0.1720875,0.0428125,0.00625000000000015));
#6375=CARTESIAN_POINT('',(0.1720875,-1.38777878078145E-17,0.));
#6376=CARTESIAN_POINT('',(0.,-0.0673125,0.008));
#6377=CARTESIAN_POINT('',(0.1660875,-0.0673125,9.61470486560145E-16));
#6378=CARTESIAN_POINT('',(0.1660875,-0.0673125,0.));
#6379=CARTESIAN_POINT('',(0.1660875,-0.0673125,0.00175000000000097));
#6380=CARTESIAN_POINT('',(0.1670875,-0.0673125,0.00175000000000097));
#6381=CARTESIAN_POINT('',(0.,-0.0673125,0.));
#6382=CARTESIAN_POINT('',(0.1750875,0.,0.008));
#6383=CARTESIAN_POINT('',(0.1750875,0.,0.));
#6384=CARTESIAN_POINT('',(0.1750875,0.0703125,0.));
#6385=CARTESIAN_POINT('',(0.1750875,-0.0703125,0.));
#6386=CARTESIAN_POINT('',(0.1750875,0.0703125,0.008));
#6387=CARTESIAN_POINT('',(0.1750875,0.0703125,0.012));
#6388=CARTESIAN_POINT('',(0.1750875,0.,0.012));
#6389=CARTESIAN_POINT('',(0.1750875,-0.0703125,0.012));
#6390=CARTESIAN_POINT('',(0.1750875,-0.0703125,0.008));
#6391=CARTESIAN_POINT('',(0.,0.0703125,0.008));
#6392=CARTESIAN_POINT('',(0.,0.0703125,0.));
#6393=CARTESIAN_POINT('',(-0.1750875,0.0703125,0.));
#6394=CARTESIAN_POINT('',(-0.1750875,0.0703125,0.008));
#6395=CARTESIAN_POINT('',(-0.1750875,0.0703125,0.012));
#6396=CARTESIAN_POINT('',(0.,0.0703125,0.012));
#6397=CARTESIAN_POINT('',(-0.1750875,0.,0.008));
#6398=CARTESIAN_POINT('',(-0.1750875,0.,0.));
#6399=CARTESIAN_POINT('',(-0.1750875,-0.0703125,0.));
#6400=CARTESIAN_POINT('',(-0.1750875,-0.0703125,0.008));
#6401=CARTESIAN_POINT('',(-0.1750875,-0.0703125,0.012));
#6402=CARTESIAN_POINT('',(-0.1750875,0.,0.012));
#6403=CARTESIAN_POINT('',(0.,-0.0703125,0.008));
#6404=CARTESIAN_POINT('',(0.,-0.0703125,0.));
#6405=CARTESIAN_POINT('',(0.,-0.0703125,0.012));
#6406=CARTESIAN_POINT('',(-0.1720875,1.38777878078145E-17,0.008));
#6407=CARTESIAN_POINT('',(-0.1720875,1.38777878078145E-17,0.));
#6408=CARTESIAN_POINT('',(-0.1720875,0.0428125,0.00625000000000011));
#6409=CARTESIAN_POINT('',(-0.1720875,0.0428125,0.00625000000000011));
#6410=CARTESIAN_POINT('',(-0.1720875,2.96718072370994E-15,0.00625000000000045));
#6411=CARTESIAN_POINT('',(-0.1720875,0.0168125,0.0062500000000003));
#6412=CARTESIAN_POINT('',(-0.1720875,0.0168125,0.0062500000000003));
#6413=CARTESIAN_POINT('',(-0.1720875,-0.0168125,0.00625000000000055));
#6414=CARTESIAN_POINT('',(-0.1720875,-0.0168125,0.00625000000000055));
#6415=CARTESIAN_POINT('',(-0.1720875,2.96718072370994E-15,0.00625000000000045));
#6416=CARTESIAN_POINT('',(-0.1720875,-0.0428125,0.00625000000000074));
#6417=CARTESIAN_POINT('',(-0.1720875,-0.0428125,0.00625000000000074));
#6418=CARTESIAN_POINT('',(0.,0.,0.));
#6419=CARTESIAN_POINT('',(-0.1600875,-0.0664375,9.13765590970783E-16));
#6420=CARTESIAN_POINT('',(-0.1600875,-0.0655625,9.0726037793587E-16));
#6421=CARTESIAN_POINT('',(-0.0375,-0.0664375,9.27643378778598E-16));
#6422=CARTESIAN_POINT('',(-0.0375,-0.0655625,9.21571846612679E-16));
#6423=CARTESIAN_POINT('',(-0.0345,-0.0655625,9.21571846612679E-16));
#6424=CARTESIAN_POINT('',(-0.0315,-0.0655625,9.22005527481673E-16));
#6425=CARTESIAN_POINT('',(-0.0315,-0.0664375,9.28510740516586E-16));
#6426=CARTESIAN_POINT('',(0.0315,-0.0664375,9.35883315289487E-16));
#6427=CARTESIAN_POINT('',(0.0315,-0.0655625,9.29378102254574E-16));
#6428=CARTESIAN_POINT('',(0.0345,-0.0655625,9.29811783123569E-16));
#6429=CARTESIAN_POINT('',(0.0375,-0.0655625,9.29811783123569E-16));
#6430=CARTESIAN_POINT('',(0.0375,-0.0664375,9.36316996158482E-16));
#6431=CARTESIAN_POINT('',(0.1600875,-0.0664375,9.5062846483529E-16));
#6432=CARTESIAN_POINT('',(0.1600875,-0.0655625,9.44123251800377E-16));
#6433=CARTESIAN_POINT('',(0.1630875,-0.0655625,9.44556932669371E-16));
#6434=CARTESIAN_POINT('',(0.1660875,-0.0655625,9.44556932669371E-16));
#6435=CARTESIAN_POINT('',(0.1660875,-0.0664375,9.51062145704284E-16));
#6436=CARTESIAN_POINT('',(0.1660875,0.0664375,-2.16840434497101E-17));
#6437=CARTESIAN_POINT('',(0.1660875,0.0655625,-1.5178830414797E-17));
#6438=CARTESIAN_POINT('',(0.1630875,0.0655625,-1.56125112837912E-17));
#6439=CARTESIAN_POINT('',(0.1600875,0.0655625,-1.60461921527854E-17));
#6440=CARTESIAN_POINT('',(0.1600875,0.0664375,-2.21177243187043E-17));
#6441=CARTESIAN_POINT('',(0.003,0.0664375,-4.03323208164607E-17));
#6442=CARTESIAN_POINT('',(0.003,0.0655625,-3.38271077815477E-17));
#6443=CARTESIAN_POINT('',(-1.18828558104412E-19,0.0655625,-3.42607886505419E-17));
#6444=CARTESIAN_POINT('',(-0.003,0.0655625,-3.46944695195361E-17));
#6445=CARTESIAN_POINT('',(-0.003,0.0664375,-4.07660016854549E-17));
#6446=CARTESIAN_POINT('',(-0.1600875,0.0664375,-5.89805981832114E-17));
#6447=CARTESIAN_POINT('',(-0.1600875,0.0655625,-5.24753851482984E-17));
#6448=CARTESIAN_POINT('',(-0.1630875,0.0655625,-5.29090660172926E-17));
#6449=CARTESIAN_POINT('',(-0.1660875,0.0655625,-5.33427468862868E-17));
#6450=CARTESIAN_POINT('',(-0.1660875,0.0664375,-5.94142790522057E-17));
#6451=CARTESIAN_POINT('',(-0.1660875,-0.0664375,9.13331910101789E-16));
#6452=CARTESIAN_POINT('',(-0.1660875,-0.0655625,9.06826697066876E-16));
#6453=CARTESIAN_POINT('',(-0.1630875,-0.0655625,9.0726037793587E-16));
#6454=CARTESIAN_POINT('',(-0.0345,-0.0655625,9.21571846612679E-16));
#6455=CARTESIAN_POINT('',(-0.0345,-0.0639625,9.09858993702884E-16));
#6456=CARTESIAN_POINT('',(0.0345,-0.0655625,9.29811783123569E-16));
#6457=CARTESIAN_POINT('',(0.0345,-0.0639625,9.18098930213774E-16));
#6458=CARTESIAN_POINT('',(0.1630875,-0.0655625,9.44556932669371E-16));
#6459=CARTESIAN_POINT('',(0.1630875,-0.0639625,9.32844079759576E-16));
#6460=CARTESIAN_POINT('',(0.1630875,0.0655625,-1.56125112837912E-17));
#6461=CARTESIAN_POINT('',(0.1630875,0.0671625,-2.73253641935866E-17));
#6462=CARTESIAN_POINT('',(9.80118763926888E-20,0.0655625,-3.42607886505419E-17));
#6463=CARTESIAN_POINT('',(9.80118763926888E-20,0.0671625,-4.59736415603373E-17));
#6464=CARTESIAN_POINT('',(-0.1630875,0.0655625,-5.29090660172926E-17));
#6465=CARTESIAN_POINT('',(-0.1630875,0.0671625,-6.4621918927088E-17));
#6466=CARTESIAN_POINT('',(-0.1630875,-0.0655625,9.0726037793587E-16));
#6467=CARTESIAN_POINT('',(-0.1630875,-0.0639625,8.95547525026075E-16));
#6468=CARTESIAN_POINT('',(0.,0.,0.012));
#6469=CARTESIAN_POINT('',(-0.1571625,0.0390000000000035,0.012));
#6470=CARTESIAN_POINT('',(-0.146737499999998,0.0390000000000034,0.012));
#6471=CARTESIAN_POINT('',(-0.146737499999998,-0.00952499999999776,0.012));
#6472=CARTESIAN_POINT('',(-0.146737499999998,-0.0580499999999989,0.012));
#6473=CARTESIAN_POINT('',(-0.1571625,-0.0580499999999988,0.012));
#6474=CARTESIAN_POINT('',(-0.143774999999998,0.0519375000000041,0.012));
#6475=CARTESIAN_POINT('',(-0.143774999999998,0.0419625000000038,0.012));
#6476=CARTESIAN_POINT('',(-0.122924999999997,0.0509912815362234,0.012));
#6477=CARTESIAN_POINT('',(-0.122924999999997,0.0419625000000038,0.012));
#6478=CARTESIAN_POINT('',(-0.133349999999997,0.0419625000000038,0.012));
#6479=CARTESIAN_POINT('',(-0.119962499999997,0.0509912815362234,0.012));
#6480=CARTESIAN_POINT('',(-0.119962499999997,0.0419625000000038,0.012));
#6481=CARTESIAN_POINT('',(-0.0419624999999949,0.0523875000000019,0.012));
#6482=CARTESIAN_POINT('',(-0.0419624999999949,0.0419625000000038,0.012));
#6483=CARTESIAN_POINT('',(-0.080962499999996,0.0419625000000038,0.012));
#6484=CARTESIAN_POINT('',(-0.0389999999999946,0.0523875000000019,0.012));
#6485=CARTESIAN_POINT('',(-0.0389999999999947,0.0419625000000038,0.012));
#6486=CARTESIAN_POINT('',(0.0390000000000075,0.0523875000000019,0.012));
#6487=CARTESIAN_POINT('',(0.0390000000000074,0.0419625000000038,0.012));
#6488=CARTESIAN_POINT('',(6.34214902817121E-15,0.0419625000000038,0.012));
#6489=CARTESIAN_POINT('',(0.0419625000000078,0.0523875000000019,0.012));
#6490=CARTESIAN_POINT('',(0.0419625000000076,0.0419625000000038,0.012));
#6491=CARTESIAN_POINT('',(0.11996250000001,0.0523875000000019,0.012));
#6492=CARTESIAN_POINT('',(0.11996250000001,0.0419625000000038,0.012));
#6493=CARTESIAN_POINT('',(0.0809625000000087,0.0419625000000038,0.012));
#6494=CARTESIAN_POINT('',(0.12292500000001,0.0523875000000019,0.012));
#6495=CARTESIAN_POINT('',(0.12292500000001,0.0419625000000038,0.012));
#6496=CARTESIAN_POINT('',(0.14377500000001,0.0523875000000019,0.012));
#6497=CARTESIAN_POINT('',(0.14377500000001,0.0419625000000038,0.012));
#6498=CARTESIAN_POINT('',(0.13335000000001,0.0419625000000038,0.012));
#6499=CARTESIAN_POINT('',(0.157162500000006,0.0390000000000034,0.012));
#6500=CARTESIAN_POINT('',(0.146737500000011,0.0390000000000036,0.012));
#6501=CARTESIAN_POINT('',(0.157162500000005,-0.0199499999999985,0.012));
#6502=CARTESIAN_POINT('',(0.14673750000001,-0.0199499999999987,0.012));
#6503=CARTESIAN_POINT('',(0.14673750000001,0.00952500000000245,0.012));
#6504=CARTESIAN_POINT('',(0.158062500000005,-0.0419624999999995,0.012));
#6505=CARTESIAN_POINT('',(0.14853750000001,-0.0419624999999994,0.012));
#6506=CARTESIAN_POINT('',(0.,-0.0628125,0.012));
#6507=CARTESIAN_POINT('',(0.108637500000009,-0.0628125,0.012));
#6508=CARTESIAN_POINT('',(0.108637500000009,-0.06043125,0.012));
#6509=CARTESIAN_POINT('',(0.108637500000009,-0.0419624999999994,0.012));
#6510=CARTESIAN_POINT('',(0.118162500000009,-0.0419624999999995,0.012));
#6511=CARTESIAN_POINT('',(0.127687500000009,-0.0419624999999995,0.012));
#6512=CARTESIAN_POINT('',(0.12768750000001,-0.0309562499999991,0.012));
#6513=CARTESIAN_POINT('',(0.12768750000001,-0.0229124999999988,0.012));
#6514=CARTESIAN_POINT('',(0.13811250000001,-0.0229124999999988,0.012));
#6515=CARTESIAN_POINT('',(0.14853750000001,-0.0229124999999988,0.012));
#6516=CARTESIAN_POINT('',(0.14853750000001,-0.0324374999999991,0.012));
#6517=CARTESIAN_POINT('',(-0.143774999999998,-0.00952499999999772,0.012));
#6518=CARTESIAN_POINT('',(-0.143774999999998,0.0390000000000035,0.012));
#6519=CARTESIAN_POINT('',(-0.143774999999998,-0.0580499999999989,0.012));
#6520=CARTESIAN_POINT('',(6.38378239159465E-15,0.0390000000000035,0.012));
#6521=CARTESIAN_POINT('',(0.14377500000001,0.0390000000000035,0.012));
#6522=CARTESIAN_POINT('',(0.14377500000001,0.00952500000000247,0.012));
#6523=CARTESIAN_POINT('',(0.14377500000001,-0.0199499999999987,0.012));
#6524=CARTESIAN_POINT('',(0.12620625000001,-0.0199499999999985,0.012));
#6525=CARTESIAN_POINT('',(0.12472500000001,-0.0199499999999985,0.012));
#6526=CARTESIAN_POINT('',(0.12472500000001,-0.0294749999999988,0.012));
#6527=CARTESIAN_POINT('',(0.12472500000001,-0.0389999999999993,0.012));
#6528=CARTESIAN_POINT('',(0.116681250000009,-0.0389999999999991,0.012));
#6529=CARTESIAN_POINT('',(0.105675000000009,-0.0389999999999991,0.012));
#6530=CARTESIAN_POINT('',(0.105675000000009,-0.048525,0.012));
#6531=CARTESIAN_POINT('',(0.105675000000009,-0.0580500000000009,0.012));
#6532=CARTESIAN_POINT('',(-0.0190499999999946,-0.05805,0.012));
#6533=CARTESIAN_POINT('',(0.,-0.0628125,-0.397177306210913));
#6534=CARTESIAN_POINT('',(-4.61890980496541E-17,-0.0628125,0.00625000000000089));
#6535=CARTESIAN_POINT('',(0.1535875,-0.0628125,0.00625000000000092));
#6536=CARTESIAN_POINT('',(0.1225875,-0.0628125,0.00625000000000088));
#6537=CARTESIAN_POINT('',(0.1225875,-0.0628125,0.00625000000000092));
#6538=CARTESIAN_POINT('',(0.0374047375096562,-0.0628125000000007,0.00275000000000091));
#6539=CARTESIAN_POINT('',(0.0370487575893046,-0.0628125000000007,0.00275000000000091));
#6540=CARTESIAN_POINT('',(0.0365279727973772,-0.0628124999999998,0.0026063708593717));
#6541=CARTESIAN_POINT('',(0.0359335494446933,-0.0628125,0.00223138201254445));
#6542=CARTESIAN_POINT('',(0.0356989578808283,-0.0628125,0.00193034273789595));
#6543=CARTESIAN_POINT('',(0.0356989578808282,-0.0628125,0.00175000000000098));
#6544=CARTESIAN_POINT('',(0.0356989578808282,-0.0628125,0.00175000000000098));
#6545=CARTESIAN_POINT('',(0.0356989578808282,-0.0628125,0.00275000000000089));
#6546=CARTESIAN_POINT('',(0.0356989578808282,-0.0628125,0.00275000000000089));
#6547=CARTESIAN_POINT('',(-4.57883769267035E-17,-0.0628125,0.00275000000000089));
#6548=CARTESIAN_POINT('',(0.0333010421191717,-0.0628125,0.00275000000000089));
#6549=CARTESIAN_POINT('',(0.0333010421191717,-0.0628125,0.00175000000000098));
#6550=CARTESIAN_POINT('',(0.0333010421191717,-0.0628125,0.00175000000000098));
#6551=CARTESIAN_POINT('',(0.0333010421191717,-0.0628125,0.00175000000000098));
#6552=CARTESIAN_POINT('',(0.0333010421191717,-0.0628125,0.0019300950605233));
#6553=CARTESIAN_POINT('',(0.0330660341496464,-0.0628125,0.00223169066094352));
#6554=CARTESIAN_POINT('',(0.0326212453553899,-0.0628125,0.00251269018268732));
#6555=CARTESIAN_POINT('',(0.0321231060720098,-0.0628125,0.00270139708006074));
#6556=CARTESIAN_POINT('',(0.0317730285509034,-0.0628125,0.00275000000000088));
#6557=CARTESIAN_POINT('',(0.031595262490345,-0.0628125,0.00275000000000093));
#6558=CARTESIAN_POINT('',(0.0155,-0.0628125,0.00625000000000091));
#6559=CARTESIAN_POINT('',(0.0155,-0.0628125,0.00625000000000091));
#6560=CARTESIAN_POINT('',(-4.61890980496541E-17,-0.0628125,0.00625000000000089));
#6561=CARTESIAN_POINT('',(-0.0155,-0.0628125,0.00625000000000086));
#6562=CARTESIAN_POINT('',(-0.0155,-0.0628125,0.0062500000000009));
#6563=CARTESIAN_POINT('',(-0.031595262490345,-0.0628125,0.0027500000000009));
#6564=CARTESIAN_POINT('',(-0.0319512424106965,-0.0628125,0.00275000000000079));
#6565=CARTESIAN_POINT('',(-0.0324720272026234,-0.0628125,0.00260637085937136));
#6566=CARTESIAN_POINT('',(-0.033066450555307,-0.0628125,0.00223138201254419));
#6567=CARTESIAN_POINT('',(-0.0333010421191717,-0.0628125,0.00193034273789583));
#6568=CARTESIAN_POINT('',(-0.0333010421191717,-0.0628125,0.00175000000000097));
#6569=CARTESIAN_POINT('',(-0.0333010421191717,-0.0628125,0.00175000000000097));
#6570=CARTESIAN_POINT('',(-0.0333010421191717,-0.0628125,0.00275000000000088));
#6571=CARTESIAN_POINT('',(-0.0333010421191717,-0.0628125,0.00275000000000088));
#6572=CARTESIAN_POINT('',(-4.57883769267035E-17,-0.0628125,0.00275000000000089));
#6573=CARTESIAN_POINT('',(-0.0356989578808282,-0.0628125,0.00275000000000088));
#6574=CARTESIAN_POINT('',(-0.0356989578808282,-0.0628125,0.00175000000000097));
#6575=CARTESIAN_POINT('',(-0.0356989578808282,-0.0628125,0.00175000000000097));
#6576=CARTESIAN_POINT('',(-0.0356989578808282,-0.0628125,0.00175000000000097));
#6577=CARTESIAN_POINT('',(-0.0356989578808283,-0.0628125,0.0019300950605234));
#6578=CARTESIAN_POINT('',(-0.0359339658503538,-0.0628125,0.00223169066094373));
#6579=CARTESIAN_POINT('',(-0.0363787546446106,-0.0628125,0.00251269018268761));
#6580=CARTESIAN_POINT('',(-0.0368768939279912,-0.0628125,0.00270139708006099));
#6581=CARTESIAN_POINT('',(-0.0372269714490977,-0.0628125,0.00275000000000098));
#6582=CARTESIAN_POINT('',(-0.0374047375096562,-0.0628125,0.00275000000000092));
#6583=CARTESIAN_POINT('',(-0.1225875,-0.0628125,0.00625000000000089));
#6584=CARTESIAN_POINT('',(-0.1225875,-0.0628125,0.00625000000000089));
#6585=CARTESIAN_POINT('',(-4.61890980496541E-17,-0.0628125,0.00625000000000089));
#6586=CARTESIAN_POINT('',(-0.1535875,-0.0628125,0.00625000000000085));
#6587=CARTESIAN_POINT('',(-0.1535875,-0.0628125,0.00625000000000089));
#6588=CARTESIAN_POINT('',(-0.160182762490348,-0.0628124999999969,0.00275000000000088));
#6589=CARTESIAN_POINT('',(-0.160538742410699,-0.0628124999999969,0.00275000000000085));
#6590=CARTESIAN_POINT('',(-0.161059527202625,-0.0628125000000007,0.0026063708593706));
#6591=CARTESIAN_POINT('',(-0.161653950555307,-0.0628124999999999,0.00223138201254356));
#6592=CARTESIAN_POINT('',(-0.161888542119172,-0.0628125,0.00193034273789565));
#6593=CARTESIAN_POINT('',(-0.161888542119172,-0.0628125,0.00175000000000096));
#6594=CARTESIAN_POINT('',(-0.161888542119172,-0.0628125,0.00175000000000096));
#6595=CARTESIAN_POINT('',(-0.161888542119172,-0.0628125,0.00275000000000087));
#6596=CARTESIAN_POINT('',(-0.161888542119172,-0.0628125,0.00275000000000087));
#6597=CARTESIAN_POINT('',(-4.57883769267035E-17,-0.0628125,0.00275000000000089));
#6598=CARTESIAN_POINT('',(-0.164286457880829,-0.0628125,0.00275000000000087));
#6599=CARTESIAN_POINT('',(-0.164286457880829,-0.0628125,0.00175000000000096));
#6600=CARTESIAN_POINT('',(-0.164286457880829,-0.0628125,0.00175000000000096));
#6601=CARTESIAN_POINT('',(-0.164286457880829,-0.0628125,0.00175000000000096));
#6602=CARTESIAN_POINT('',(-0.164286457880829,-0.0628125,0.00193009506052343));
#6603=CARTESIAN_POINT('',(-0.164521465850354,-0.0628125,0.00223169066094416));
#6604=CARTESIAN_POINT('',(-0.164966254644612,-0.0628125,0.00251269018268813));
#6605=CARTESIAN_POINT('',(-0.165464393927993,-0.0628125,0.00270139708006146));
#6606=CARTESIAN_POINT('',(-0.1658144714491,-0.0628125,0.00275000000000118));
#6607=CARTESIAN_POINT('',(-0.165992237509658,-0.0628125,0.0027500000000009));
#6608=CARTESIAN_POINT('',(0.,-0.0628125,0.01));
#6609=CARTESIAN_POINT('',(0.108637500000009,-0.0628125,0.01));
#6610=CARTESIAN_POINT('',(0.108637500000009,-0.0628125,0.01));
#6611=CARTESIAN_POINT('',(0.165992237509658,-0.0628125000000032,0.00275000000000092));
#6612=CARTESIAN_POINT('',(0.165636257589307,-0.0628125000000032,0.00275000000000091));
#6613=CARTESIAN_POINT('',(0.165115472797379,-0.0628124999999993,0.00260637085937234));
#6614=CARTESIAN_POINT('',(0.164521049444694,-0.0628125000000001,0.00223138201254504));
#6615=CARTESIAN_POINT('',(0.164286457880829,-0.0628125,0.00193034273789611));
#6616=CARTESIAN_POINT('',(0.164286457880829,-0.0628125,0.001750000000001));
#6617=CARTESIAN_POINT('',(0.164286457880829,-0.0628125,0.001750000000001));
#6618=CARTESIAN_POINT('',(0.164286457880829,-0.0628125,0.00275000000000091));
#6619=CARTESIAN_POINT('',(0.164286457880829,-0.0628125,0.00275000000000091));
#6620=CARTESIAN_POINT('',(-4.57883769267035E-17,-0.0628125,0.00275000000000089));
#6621=CARTESIAN_POINT('',(0.161888542119172,-0.0628125,0.00275000000000091));
#6622=CARTESIAN_POINT('',(0.161888542119172,-0.0628125,0.001750000000001));
#6623=CARTESIAN_POINT('',(0.161888542119172,-0.0628125,0.001750000000001));
#6624=CARTESIAN_POINT('',(0.161888542119172,-0.0628125,0.001750000000001));
#6625=CARTESIAN_POINT('',(0.161888542119172,-0.0628125,0.00193009506052317));
#6626=CARTESIAN_POINT('',(0.161653534149647,-0.0628125,0.00223169066094296));
#6627=CARTESIAN_POINT('',(0.161208745355391,-0.0628125,0.00251269018268674));
#6628=CARTESIAN_POINT('',(0.160710606072012,-0.0628125,0.00270139708006021));
#6629=CARTESIAN_POINT('',(0.160360528550906,-0.0628125,0.00275000000000066));
#6630=CARTESIAN_POINT('',(0.160182762490348,-0.0628125,0.00275000000000094));
#6631=CARTESIAN_POINT('',(0.1535875,-0.0628125,0.00625000000000092));
#6632=CARTESIAN_POINT('',(0.0290060043334961,-0.000855561435222606,0.00275000000000045));
#6633=CARTESIAN_POINT('',(-0.0345,-0.0655625,0.00275000000000092));
#6634=CARTESIAN_POINT('',(-0.0345,-0.0655625,9.21571846612679E-16));
#6635=CARTESIAN_POINT('',(-0.0345,-0.0655625,0.001750000000001));
#6636=CARTESIAN_POINT('',(-0.0315,-0.0655625,0.00175000000000099));
#6637=CARTESIAN_POINT('',(-0.0315,-0.0655625,9.22005527481673E-16));
#6638=CARTESIAN_POINT('',(-0.0375,-0.0655625,9.21571846612679E-16));
#6639=CARTESIAN_POINT('',(-0.0375,-0.0655625,0.00175000000000098));
#6640=CARTESIAN_POINT('',(-0.0345,-0.0655625,0.00175000000000099));
#6641=CARTESIAN_POINT('',(-0.0315,-0.0664375,9.28510740516586E-16));
#6642=CARTESIAN_POINT('',(-0.0315,-0.0673125,0.00175000000000096));
#6643=CARTESIAN_POINT('',(-0.0345,-0.0655625,9.21571846612679E-16));
#6644=CARTESIAN_POINT('',(-0.0345,-0.0655625,0.00275000000000092));
#6645=CARTESIAN_POINT('',(-0.0345,-0.0639625,0.00275000000000091));
#6646=CARTESIAN_POINT('',(-0.0375,-0.0664375,9.27643378778598E-16));
#6647=CARTESIAN_POINT('',(-0.0375,-0.0664375,0.00175000000000095));
#6648=CARTESIAN_POINT('',(0.0290060043334961,-0.000855561435222606,0.00275000000000045));
#6649=CARTESIAN_POINT('',(0.0345,-0.0655625,0.00275000000000093));
#6650=CARTESIAN_POINT('',(0.0315,-0.0664375,9.35883315289487E-16));
#6651=CARTESIAN_POINT('',(0.0315,-0.0664375,0.00175000000000096));
#6652=CARTESIAN_POINT('',(0.0315,-0.0655625,0.00175000000000099));
#6653=CARTESIAN_POINT('',(0.0315,-0.0655625,9.29378102254574E-16));
#6654=CARTESIAN_POINT('',(0.0345,-0.0655625,9.29811783123569E-16));
#6655=CARTESIAN_POINT('',(0.0345,-0.0655625,0.001750000000001));
#6656=CARTESIAN_POINT('',(0.0375,-0.0655625,0.00175000000000099));
#6657=CARTESIAN_POINT('',(0.0375,-0.0655625,9.29811783123569E-16));
#6658=CARTESIAN_POINT('',(0.0345,-0.0655625,0.001750000000001));
#6659=CARTESIAN_POINT('',(0.0375,-0.0664375,9.36316996158482E-16));
#6660=CARTESIAN_POINT('',(0.0375,-0.0673125,0.00175000000000096));
#6661=CARTESIAN_POINT('',(0.0345,-0.0655625,9.29811783123569E-16));
#6662=CARTESIAN_POINT('',(0.0345,-0.0655625,0.00275000000000093));
#6663=CARTESIAN_POINT('',(0.0345,-0.0639625,0.00275000000000092));
#6664=CARTESIAN_POINT('',(0.0290060043334961,-0.000855561435222606,0.00275000000000045));
#6665=CARTESIAN_POINT('',(0.1630875,-0.0655625,0.00275000000000094));
#6666=CARTESIAN_POINT('',(0.1600875,-0.0664375,9.5062846483529E-16));
#6667=CARTESIAN_POINT('',(0.1600875,-0.0664375,0.00175000000000097));
#6668=CARTESIAN_POINT('',(0.1600875,-0.0655625,0.00175000000000101));
#6669=CARTESIAN_POINT('',(0.1600875,-0.0655625,9.44123251800377E-16));
#6670=CARTESIAN_POINT('',(0.1630875,-0.0655625,9.44556932669371E-16));
#6671=CARTESIAN_POINT('',(0.1630875,-0.0655625,0.00175000000000102));
#6672=CARTESIAN_POINT('',(0.1660875,-0.0655625,0.00175000000000101));
#6673=CARTESIAN_POINT('',(0.1660875,-0.0655625,9.44556932669371E-16));
#6674=CARTESIAN_POINT('',(0.1630875,-0.0655625,0.00175000000000102));
#6675=CARTESIAN_POINT('',(0.1660875,-0.0664375,9.51062145704284E-16));
#6676=CARTESIAN_POINT('',(0.1660875,-0.0673125,0.00175000000000097));
#6677=CARTESIAN_POINT('',(0.1630875,-0.0655625,9.44556932669371E-16));
#6678=CARTESIAN_POINT('',(0.1630875,-0.0655625,0.00275000000000094));
#6679=CARTESIAN_POINT('',(0.1630875,-0.0639625,0.00275000000000093));
#6680=CARTESIAN_POINT('',(0.0290060043334961,-0.000855561435222606,0.00275000000000045));
#6681=CARTESIAN_POINT('',(0.1630875,0.0655625,0.00275));
#6682=CARTESIAN_POINT('',(0.1660875,0.0664375,-2.16840434497101E-17));
#6683=CARTESIAN_POINT('',(0.1660875,0.0664375,0.00175));
#6684=CARTESIAN_POINT('',(0.1660875,0.0655625,0.00175000000000007));
#6685=CARTESIAN_POINT('',(0.1660875,0.0655625,-1.5178830414797E-17));
#6686=CARTESIAN_POINT('',(0.1630875,0.0655625,-1.56125112837912E-17));
#6687=CARTESIAN_POINT('',(0.1630875,0.0655625,0.00175000000000006));
#6688=CARTESIAN_POINT('',(0.1600875,0.0655625,0.00175000000000007));
#6689=CARTESIAN_POINT('',(0.1600875,0.0655625,-1.60461921527854E-17));
#6690=CARTESIAN_POINT('',(0.1630875,0.0655625,0.00175000000000006));
#6691=CARTESIAN_POINT('',(0.1600875,0.0664375,-2.21177243187043E-17));
#6692=CARTESIAN_POINT('',(0.1600875,0.0673125,0.00175));
#6693=CARTESIAN_POINT('',(0.1630875,0.0655625,-1.56125112837912E-17));
#6694=CARTESIAN_POINT('',(0.1630875,0.0655625,0.00275));
#6695=CARTESIAN_POINT('',(0.1630875,0.0671625,0.00274999999999999));
#6696=CARTESIAN_POINT('',(0.0290060043334961,-0.000855561435222606,0.00275000000000045));
#6697=CARTESIAN_POINT('',(-4.33680868994202E-19,0.0655625,0.00274999999999996));
#6698=CARTESIAN_POINT('',(0.003,0.0664375,-4.03323208164607E-17));
#6699=CARTESIAN_POINT('',(0.003,0.0664375,0.00175));
#6700=CARTESIAN_POINT('',(0.003,0.0655625,0.00175000000000005));
#6701=CARTESIAN_POINT('',(0.003,0.0655625,-3.38271077815477E-17));
#6702=CARTESIAN_POINT('',(-1.18828558104412E-19,0.0655625,-3.42607886505419E-17));
#6703=CARTESIAN_POINT('',(-3.19189119579741E-19,0.0655625,0.00175000000000003));
#6704=CARTESIAN_POINT('',(-0.003,0.0655625,0.00175000000000005));
#6705=CARTESIAN_POINT('',(-0.003,0.0655625,-3.46944695195361E-17));
#6706=CARTESIAN_POINT('',(-3.19189119579741E-19,0.0655625,0.00175000000000003));
#6707=CARTESIAN_POINT('',(-0.003,0.0664375,-4.07660016854549E-17));
#6708=CARTESIAN_POINT('',(-0.003,0.0673125,0.00174999999999997));
#6709=CARTESIAN_POINT('',(9.80118763926888E-20,0.0655625,-3.42607886505419E-17));
#6710=CARTESIAN_POINT('',(-2.16840434497101E-19,0.0655625,0.00274999999999996));
#6711=CARTESIAN_POINT('',(-2.16840434497101E-19,0.0671625,0.00274999999999995));
#6712=CARTESIAN_POINT('',(0.0290060043334961,-0.000855561435222606,0.00275000000000045));
#6713=CARTESIAN_POINT('',(-0.1630875,0.0655625,0.00274999999999994));
#6714=CARTESIAN_POINT('',(-0.1600875,0.0664375,-5.89805981832114E-17));
#6715=CARTESIAN_POINT('',(-0.1600875,0.0664375,0.00174999999999996));
#6716=CARTESIAN_POINT('',(-0.1600875,0.0655625,0.00175000000000003));
#6717=CARTESIAN_POINT('',(-0.1600875,0.0655625,-5.24753851482984E-17));
#6718=CARTESIAN_POINT('',(-0.1630875,0.0655625,-5.29090660172926E-17));
#6719=CARTESIAN_POINT('',(-0.1630875,0.0655625,0.00175));
#6720=CARTESIAN_POINT('',(-0.1660875,0.0655625,0.00175000000000002));
#6721=CARTESIAN_POINT('',(-0.1660875,0.0655625,-5.33427468862868E-17));
#6722=CARTESIAN_POINT('',(-0.1630875,0.0655625,0.00175));
#6723=CARTESIAN_POINT('',(-0.1660875,0.0664375,-5.94142790522057E-17));
#6724=CARTESIAN_POINT('',(-0.1660875,0.0673125,0.00174999999999995));
#6725=CARTESIAN_POINT('',(-0.1630875,0.0655625,-5.29090660172926E-17));
#6726=CARTESIAN_POINT('',(-0.1630875,0.0655625,0.00274999999999994));
#6727=CARTESIAN_POINT('',(-0.1630875,0.0671625,0.00274999999999993));
#6728=CARTESIAN_POINT('',(0.0290060043334961,-0.000855561435222606,0.00275000000000045));
#6729=CARTESIAN_POINT('',(-0.1630875,-0.0655625,0.0027500000000009));
#6730=CARTESIAN_POINT('',(-0.1660875,-0.0664375,9.13331910101789E-16));
#6731=CARTESIAN_POINT('',(-0.1660875,-0.0664375,0.00175000000000094));
#6732=CARTESIAN_POINT('',(-0.1660875,-0.0655625,0.00175000000000093));
#6733=CARTESIAN_POINT('',(-0.1660875,-0.0655625,9.06826697066876E-16));
#6734=CARTESIAN_POINT('',(-0.1630875,-0.0655625,9.0726037793587E-16));
#6735=CARTESIAN_POINT('',(-0.1630875,-0.0655625,0.00175000000000098));
#6736=CARTESIAN_POINT('',(-0.1600875,-0.0655625,0.00175000000000097));
#6737=CARTESIAN_POINT('',(-0.1600875,-0.0655625,9.0726037793587E-16));
#6738=CARTESIAN_POINT('',(-0.1630875,-0.0655625,0.00175000000000098));
#6739=CARTESIAN_POINT('',(-0.1600875,-0.0664375,9.13765590970783E-16));
#6740=CARTESIAN_POINT('',(-0.1600875,-0.0673125,0.00175000000000094));
#6741=CARTESIAN_POINT('',(-0.1630875,-0.0655625,9.0726037793587E-16));
#6742=CARTESIAN_POINT('',(-0.1630875,-0.0655625,0.0027500000000009));
#6743=CARTESIAN_POINT('',(-0.1630875,-0.0639625,0.00275000000000089));
#6744=CARTESIAN_POINT('',(5.22415704445889E-15,2.2457643383822E-15,0.00275000000000044));
#6745=CARTESIAN_POINT('',(5.22415704445889E-15,2.2457643383822E-15,0.00275000000000044));
#6746=CARTESIAN_POINT('',(5.22415704445889E-15,2.2457643383822E-15,0.00275000000000044));
#6747=CARTESIAN_POINT('',(5.22415704445889E-15,2.2457643383822E-15,0.00275000000000044));
#6748=CARTESIAN_POINT('',(5.22415704445889E-15,2.2457643383822E-15,0.00275000000000044));
#6749=CARTESIAN_POINT('',(5.22415704445889E-15,2.2457643383822E-15,0.00275000000000044));
#6750=CARTESIAN_POINT('',(5.22415704445889E-15,2.2457643383822E-15,0.00275000000000044));
#6751=CARTESIAN_POINT('',(-0.1630875,0.0655625,0.00174999999999997));
#6752=CARTESIAN_POINT('',(-0.1670875,0.0655625,0.00175));
#6753=CARTESIAN_POINT('',(-0.1670875,0.0664375,0.00174999999999996));
#6754=CARTESIAN_POINT('',(-0.1630875,0.0655625,0.00174999999999997));
#6755=CARTESIAN_POINT('',(-0.1590875,0.0655625,0.00174999999999994));
#6756=CARTESIAN_POINT('',(-0.1590875,2.23844380531358E-15,0.00175000000000044));
#6757=CARTESIAN_POINT('',(-3.19189119579735E-19,0.0655625,0.00175));
#6758=CARTESIAN_POINT('',(-0.004,0.0655625,0.00175000000000003));
#6759=CARTESIAN_POINT('',(-0.004,0.0664375,0.00175));
#6760=CARTESIAN_POINT('',(-3.19189119579735E-19,0.0655625,0.00175));
#6761=CARTESIAN_POINT('',(0.004,0.0655625,0.00174999999999997));
#6762=CARTESIAN_POINT('',(0.004,2.23844380531358E-15,0.00175000000000046));
#6763=CARTESIAN_POINT('',(0.1630875,0.0655625,0.00175));
#6764=CARTESIAN_POINT('',(0.1590875,0.0655625,0.00175000000000006));
#6765=CARTESIAN_POINT('',(0.1590875,0.0664375,0.00175));
#6766=CARTESIAN_POINT('',(0.1630875,0.0655625,0.00175));
#6767=CARTESIAN_POINT('',(0.1670875,0.0655625,0.00175));
#6768=CARTESIAN_POINT('',(0.1670875,2.23844380531358E-15,0.00175000000000049));
#6769=CARTESIAN_POINT('',(0.1630875,-0.0655625,0.00175000000000096));
#6770=CARTESIAN_POINT('',(0.1670875,-0.0655625,0.00175000000000102));
#6771=CARTESIAN_POINT('',(0.1670875,-0.0664375,0.00175000000000097));
#6772=CARTESIAN_POINT('',(0.1630875,-0.0655625,0.00175000000000096));
#6773=CARTESIAN_POINT('',(0.1590875,-0.0655625,0.00175000000000095));
#6774=CARTESIAN_POINT('',(0.1590875,2.23844380531358E-15,0.00175000000000049));
#6775=CARTESIAN_POINT('',(0.0345,-0.0655625,0.00175000000000095));
#6776=CARTESIAN_POINT('',(0.0385,-0.0655625,0.001750000000001));
#6777=CARTESIAN_POINT('',(0.0385,-0.0664375,0.00175000000000096));
#6778=CARTESIAN_POINT('',(0.0345,-0.0655625,0.00175000000000095));
#6779=CARTESIAN_POINT('',(0.0305,-0.0655625,0.00175000000000093));
#6780=CARTESIAN_POINT('',(0.0305,2.23844380531358E-15,0.00175000000000047));
#6781=CARTESIAN_POINT('',(-0.0345,-0.0655625,0.00175000000000094));
#6782=CARTESIAN_POINT('',(-0.0305,-0.0655625,0.001750000000001));
#6783=CARTESIAN_POINT('',(-0.0305,-0.0664375,0.00175000000000095));
#6784=CARTESIAN_POINT('',(-0.0345,-0.0655625,0.00175000000000094));
#6785=CARTESIAN_POINT('',(-0.0385,-0.0655625,0.00175000000000092));
#6786=CARTESIAN_POINT('',(-0.0385,2.23844380531358E-15,0.00175000000000046));
#6787=CARTESIAN_POINT('',(-0.1630875,-0.0655625,0.00175000000000093));
#6788=CARTESIAN_POINT('',(-0.1590875,-0.0655625,0.00175000000000098));
#6789=CARTESIAN_POINT('',(-0.1590875,-0.0664375,0.00175000000000094));
#6790=CARTESIAN_POINT('',(-0.1670875,2.23844380531358E-15,0.00175000000000044));
#6791=CARTESIAN_POINT('',(-0.1670875,-0.0655625,0.00175000000000093));
#6792=CARTESIAN_POINT('',(-0.1630875,-0.0655625,0.00175000000000093));
#6793=CARTESIAN_POINT('',(-0.143774999999998,0.0519375000000041,0.01));
#6794=CARTESIAN_POINT('',(-0.143774999999998,0.0419625000000038,0.01));
#6795=CARTESIAN_POINT('',(-0.143774999999998,0.0419625000000038,0.01));
#6796=CARTESIAN_POINT('',(-0.143774999999998,0.0519375000000041,0.01));
#6797=CARTESIAN_POINT('',(-0.1571625,0.0390000000000035,0.01));
#6798=CARTESIAN_POINT('',(-0.1571625,0.0390000000000035,0.01));
#6799=CARTESIAN_POINT('',(-0.146737499999998,0.0390000000000034,0.01));
#6800=CARTESIAN_POINT('',(-0.146737499999998,0.0390000000000034,0.01));
#6801=CARTESIAN_POINT('',(-0.146737499999998,-0.00952499999999776,0.01));
#6802=CARTESIAN_POINT('',(-0.146737499999998,-0.00952499999999776,0.01));
#6803=CARTESIAN_POINT('',(-0.146737499999998,-0.0580499999999989,0.01));
#6804=CARTESIAN_POINT('',(-0.146737499999998,-0.0580499999999989,0.01));
#6805=CARTESIAN_POINT('',(-0.1571625,-0.0580499999999988,0.01));
#6806=CARTESIAN_POINT('',(-0.1571625,-0.0580499999999988,0.01));
#6807=CARTESIAN_POINT('',(0.108637500000009,-0.06043125,0.01));
#6808=CARTESIAN_POINT('',(0.108637500000009,-0.06043125,0.01));
#6809=CARTESIAN_POINT('',(0.108637500000009,-0.0419624999999994,0.01));
#6810=CARTESIAN_POINT('',(0.108637500000009,-0.0419624999999994,0.01));
#6811=CARTESIAN_POINT('',(0.118162500000009,-0.0419624999999995,0.01));
#6812=CARTESIAN_POINT('',(0.118162500000009,-0.0419624999999995,0.01));
#6813=CARTESIAN_POINT('',(0.127687500000009,-0.0419624999999995,0.01));
#6814=CARTESIAN_POINT('',(0.127687500000009,-0.0419624999999995,0.01));
#6815=CARTESIAN_POINT('',(0.12768750000001,-0.0309562499999991,0.01));
#6816=CARTESIAN_POINT('',(0.12768750000001,-0.0309562499999991,0.01));
#6817=CARTESIAN_POINT('',(0.12768750000001,-0.0229124999999988,0.01));
#6818=CARTESIAN_POINT('',(0.12768750000001,-0.0229124999999988,0.01));
#6819=CARTESIAN_POINT('',(0.13811250000001,-0.0229124999999988,0.01));
#6820=CARTESIAN_POINT('',(0.13811250000001,-0.0229124999999988,0.01));
#6821=CARTESIAN_POINT('',(0.14853750000001,-0.0229124999999988,0.01));
#6822=CARTESIAN_POINT('',(0.14853750000001,-0.0229124999999988,0.01));
#6823=CARTESIAN_POINT('',(0.14853750000001,-0.0324374999999991,0.01));
#6824=CARTESIAN_POINT('',(0.14853750000001,-0.0324374999999991,0.01));
#6825=CARTESIAN_POINT('',(0.14853750000001,-0.0419624999999994,0.01));
#6826=CARTESIAN_POINT('',(0.14853750000001,-0.0419624999999994,0.01));
#6827=CARTESIAN_POINT('',(0.158062500000005,-0.0419624999999995,0.01));
#6828=CARTESIAN_POINT('',(0.158062500000005,-0.0419624999999995,0.01));
#6829=CARTESIAN_POINT('',(0.157162500000005,-0.0199499999999985,0.01));
#6830=CARTESIAN_POINT('',(0.157162500000005,-0.0199499999999985,0.01));
#6831=CARTESIAN_POINT('',(0.14673750000001,-0.0199499999999987,0.01));
#6832=CARTESIAN_POINT('',(0.14673750000001,-0.0199499999999987,0.01));
#6833=CARTESIAN_POINT('',(0.14673750000001,0.00952500000000245,0.01));
#6834=CARTESIAN_POINT('',(0.14673750000001,0.00952500000000245,0.01));
#6835=CARTESIAN_POINT('',(0.146737500000011,0.0390000000000036,0.01));
#6836=CARTESIAN_POINT('',(0.146737500000011,0.0390000000000036,0.01));
#6837=CARTESIAN_POINT('',(0.157162500000006,0.0390000000000034,0.01));
#6838=CARTESIAN_POINT('',(0.157162500000006,0.0390000000000034,0.01));
#6839=CARTESIAN_POINT('',(0.14377500000001,0.0523875000000019,0.01));
#6840=CARTESIAN_POINT('',(0.14377500000001,0.0523875000000019,0.01));
#6841=CARTESIAN_POINT('',(0.14377500000001,0.0419625000000038,0.01));
#6842=CARTESIAN_POINT('',(0.14377500000001,0.0419625000000038,0.01));
#6843=CARTESIAN_POINT('',(0.13335000000001,0.0419625000000038,0.01));
#6844=CARTESIAN_POINT('',(0.13335000000001,0.0419625000000038,0.01));
#6845=CARTESIAN_POINT('',(0.12292500000001,0.0419625000000038,0.01));
#6846=CARTESIAN_POINT('',(0.12292500000001,0.0419625000000038,0.01));
#6847=CARTESIAN_POINT('',(0.12292500000001,0.0523875000000019,0.01));
#6848=CARTESIAN_POINT('',(0.12292500000001,0.0523875000000019,0.01));
#6849=CARTESIAN_POINT('',(0.11996250000001,0.0523875000000019,0.01));
#6850=CARTESIAN_POINT('',(0.11996250000001,0.0523875000000019,0.01));
#6851=CARTESIAN_POINT('',(0.11996250000001,0.0419625000000038,0.01));
#6852=CARTESIAN_POINT('',(0.11996250000001,0.0419625000000038,0.01));
#6853=CARTESIAN_POINT('',(0.0809625000000087,0.0419625000000038,0.01));
#6854=CARTESIAN_POINT('',(0.0809625000000087,0.0419625000000038,0.01));
#6855=CARTESIAN_POINT('',(0.0419625000000076,0.0419625000000038,0.01));
#6856=CARTESIAN_POINT('',(0.0419625000000076,0.0419625000000038,0.01));
#6857=CARTESIAN_POINT('',(0.0419625000000078,0.0523875000000019,0.01));
#6858=CARTESIAN_POINT('',(0.0419625000000078,0.0523875000000019,0.01));
#6859=CARTESIAN_POINT('',(0.0390000000000075,0.0523875000000019,0.01));
#6860=CARTESIAN_POINT('',(0.0390000000000075,0.0523875000000019,0.01));
#6861=CARTESIAN_POINT('',(0.0390000000000074,0.0419625000000038,0.01));
#6862=CARTESIAN_POINT('',(0.0390000000000074,0.0419625000000038,0.01));
#6863=CARTESIAN_POINT('',(6.34214902817121E-15,0.0419625000000038,0.01));
#6864=CARTESIAN_POINT('',(6.34214902817121E-15,0.0419625000000038,0.01));
#6865=CARTESIAN_POINT('',(-0.0389999999999947,0.0419625000000038,0.01));
#6866=CARTESIAN_POINT('',(-0.0389999999999947,0.0419625000000038,0.01));
#6867=CARTESIAN_POINT('',(-0.0389999999999946,0.0523875000000019,0.01));
#6868=CARTESIAN_POINT('',(-0.0389999999999946,0.0523875000000019,0.01));
#6869=CARTESIAN_POINT('',(-0.0419624999999949,0.0523875000000019,0.01));
#6870=CARTESIAN_POINT('',(-0.0419624999999949,0.0523875000000019,0.01));
#6871=CARTESIAN_POINT('',(-0.0419624999999949,0.0419625000000038,0.01));
#6872=CARTESIAN_POINT('',(-0.0419624999999949,0.0419625000000038,0.01));
#6873=CARTESIAN_POINT('',(-0.080962499999996,0.0419625000000038,0.01));
#6874=CARTESIAN_POINT('',(-0.080962499999996,0.0419625000000038,0.01));
#6875=CARTESIAN_POINT('',(-0.119962499999997,0.0419625000000038,0.01));
#6876=CARTESIAN_POINT('',(-0.119962499999997,0.0419625000000038,0.01));
#6877=CARTESIAN_POINT('',(-0.119962499999997,0.0509912815362234,0.01));
#6878=CARTESIAN_POINT('',(-0.119962499999997,0.0509912815362234,0.01));
#6879=CARTESIAN_POINT('',(-0.122924999999997,0.0509912815362234,0.01));
#6880=CARTESIAN_POINT('',(-0.122924999999997,0.0509912815362234,0.01));
#6881=CARTESIAN_POINT('',(-0.122924999999997,0.0419625000000038,0.01));
#6882=CARTESIAN_POINT('',(-0.122924999999997,0.0419625000000038,0.01));
#6883=CARTESIAN_POINT('',(-0.143774999999998,-0.00952499999999772,0.01));
#6884=CARTESIAN_POINT('',(-0.143774999999998,-0.0580499999999989,0.01));
#6885=CARTESIAN_POINT('',(-0.143774999999998,-0.0580499999999989,0.01));
#6886=CARTESIAN_POINT('',(-0.143774999999998,-0.00952499999999772,0.01));
#6887=CARTESIAN_POINT('',(-0.143774999999998,0.0390000000000035,0.01));
#6888=CARTESIAN_POINT('',(-0.143774999999998,0.0390000000000035,0.01));
#6889=CARTESIAN_POINT('',(6.38378239159465E-15,0.0390000000000035,0.01));
#6890=CARTESIAN_POINT('',(6.38378239159465E-15,0.0390000000000035,0.01));
#6891=CARTESIAN_POINT('',(0.14377500000001,0.0390000000000035,0.01));
#6892=CARTESIAN_POINT('',(0.14377500000001,0.0390000000000035,0.01));
#6893=CARTESIAN_POINT('',(0.14377500000001,0.00952500000000247,0.01));
#6894=CARTESIAN_POINT('',(0.14377500000001,0.00952500000000247,0.01));
#6895=CARTESIAN_POINT('',(0.14377500000001,-0.0199499999999987,0.01));
#6896=CARTESIAN_POINT('',(0.14377500000001,-0.0199499999999987,0.01));
#6897=CARTESIAN_POINT('',(0.12620625000001,-0.0199499999999985,0.01));
#6898=CARTESIAN_POINT('',(0.12620625000001,-0.0199499999999985,0.01));
#6899=CARTESIAN_POINT('',(0.12472500000001,-0.0199499999999985,0.01));
#6900=CARTESIAN_POINT('',(0.12472500000001,-0.0199499999999985,0.01));
#6901=CARTESIAN_POINT('',(0.12472500000001,-0.0294749999999988,0.01));
#6902=CARTESIAN_POINT('',(0.12472500000001,-0.0294749999999988,0.01));
#6903=CARTESIAN_POINT('',(0.12472500000001,-0.0389999999999993,0.01));
#6904=CARTESIAN_POINT('',(0.12472500000001,-0.0389999999999993,0.01));
#6905=CARTESIAN_POINT('',(0.116681250000009,-0.0389999999999991,0.01));
#6906=CARTESIAN_POINT('',(0.116681250000009,-0.0389999999999991,0.01));
#6907=CARTESIAN_POINT('',(0.105675000000009,-0.0389999999999991,0.01));
#6908=CARTESIAN_POINT('',(0.105675000000009,-0.0389999999999991,0.01));
#6909=CARTESIAN_POINT('',(0.105675000000009,-0.048525,0.01));
#6910=CARTESIAN_POINT('',(0.105675000000009,-0.048525,0.01));
#6911=CARTESIAN_POINT('',(0.105675000000009,-0.0580500000000009,0.01));
#6912=CARTESIAN_POINT('',(0.105675000000009,-0.0580500000000009,0.01));
#6913=CARTESIAN_POINT('',(-0.0190499999999946,-0.05805,0.01));
#6914=CARTESIAN_POINT('',(-0.0190499999999946,-0.05805,0.01));
#6915=CARTESIAN_POINT('',(-0.133349999999997,0.0419625000000038,0.01));
#6916=CARTESIAN_POINT('',(-0.133349999999997,0.0419625000000038,0.01));
#6917=CARTESIAN_POINT('',(0.,0.,0.01));
#6918=CARTESIAN_POINT('',(-0.1240875,-0.0653125,0.00625000000000091));
#6919=CARTESIAN_POINT('',(-0.1240875,-0.0663125,0.00625000000000092));
#6920=CARTESIAN_POINT('',(-0.1240875,-0.0663125,0.00625000000000092));
#6921=CARTESIAN_POINT('',(-0.1240875,-0.0653125,0.00625000000000091));
#6922=CARTESIAN_POINT('',(-0.1240875,-0.0643125,0.0062500000000009));
#6923=CARTESIAN_POINT('',(-0.1240875,-0.0643125,0.0062500000000009));
#6924=CARTESIAN_POINT('',(-0.1250875,-0.0663125,0.00625000000000092));
#6925=CARTESIAN_POINT('',(-0.1250875,-0.0663125,0.00625000000000092));
#6926=CARTESIAN_POINT('',(-0.1510875,-0.0663125,0.00625000000000091));
#6927=CARTESIAN_POINT('',(-0.1520875,-0.0663125,0.00625000000000091));
#6928=CARTESIAN_POINT('',(-0.1520875,-0.0663125,0.00625000000000091));
#6929=CARTESIAN_POINT('',(-0.1510875,-0.0663125,0.00625000000000091));
#6930=CARTESIAN_POINT('',(-0.1520875,-0.0653125,0.00625000000000091));
#6931=CARTESIAN_POINT('',(-0.1520875,-0.0643125,0.0062500000000009));
#6932=CARTESIAN_POINT('',(-0.1520875,-0.0643125,0.0062500000000009));
#6933=CARTESIAN_POINT('',(-0.1520875,-0.0653125,0.00625000000000091));
#6934=CARTESIAN_POINT('',(-0.1535875,-0.0643125,0.0062500000000009));
#6935=CARTESIAN_POINT('',(-0.1535875,-0.0643125,0.0062500000000009));
#6936=CARTESIAN_POINT('',(-0.1225875,-0.0643125,0.0062500000000009));
#6937=CARTESIAN_POINT('',(-0.1225875,-0.0643125,0.0062500000000009));
#6938=CARTESIAN_POINT('',(-2.84711490494694E-17,4.57533316788914E-17,0.00625000000000045));
#6939=CARTESIAN_POINT('',(0.014,-0.0653125,0.00625000000000093));
#6940=CARTESIAN_POINT('',(0.014,-0.0663125,0.00625000000000093));
#6941=CARTESIAN_POINT('',(0.014,-0.0663125,0.00625000000000093));
#6942=CARTESIAN_POINT('',(0.014,-0.0653125,0.00625000000000093));
#6943=CARTESIAN_POINT('',(0.014,-0.0643125,0.00625000000000092));
#6944=CARTESIAN_POINT('',(0.014,-0.0643125,0.00625000000000092));
#6945=CARTESIAN_POINT('',(0.013,-0.0663125,0.00625000000000093));
#6946=CARTESIAN_POINT('',(0.013,-0.0663125,0.00625000000000093));
#6947=CARTESIAN_POINT('',(-0.013,-0.0663125,0.00625000000000093));
#6948=CARTESIAN_POINT('',(-0.014,-0.0663125,0.00625000000000093));
#6949=CARTESIAN_POINT('',(-0.014,-0.0663125,0.00625000000000093));
#6950=CARTESIAN_POINT('',(-0.013,-0.0663125,0.00625000000000093));
#6951=CARTESIAN_POINT('',(-0.014,-0.0653125,0.00625000000000092));
#6952=CARTESIAN_POINT('',(-0.014,-0.0643125,0.00625000000000092));
#6953=CARTESIAN_POINT('',(-0.014,-0.0643125,0.00625000000000092));
#6954=CARTESIAN_POINT('',(-0.014,-0.0653125,0.00625000000000092));
#6955=CARTESIAN_POINT('',(-0.0155,-0.0643125,0.00625000000000092));
#6956=CARTESIAN_POINT('',(-0.0155,-0.0643125,0.00625000000000092));
#6957=CARTESIAN_POINT('',(0.0155,-0.0643125,0.00625000000000092));
#6958=CARTESIAN_POINT('',(0.0155,-0.0643125,0.00625000000000092));
#6959=CARTESIAN_POINT('',(-2.84711490494694E-17,4.57533316788914E-17,0.00625000000000045));
#6960=CARTESIAN_POINT('',(0.1520875,-0.0653125,0.00625000000000094));
#6961=CARTESIAN_POINT('',(0.1520875,-0.0663125,0.00625000000000095));
#6962=CARTESIAN_POINT('',(0.1520875,-0.0663125,0.00625000000000095));
#6963=CARTESIAN_POINT('',(0.1520875,-0.0653125,0.00625000000000094));
#6964=CARTESIAN_POINT('',(0.1520875,-0.0643125,0.00625000000000093));
#6965=CARTESIAN_POINT('',(0.1520875,-0.0643125,0.00625000000000093));
#6966=CARTESIAN_POINT('',(0.1510875,-0.0663125,0.00625000000000095));
#6967=CARTESIAN_POINT('',(0.1510875,-0.0663125,0.00625000000000095));
#6968=CARTESIAN_POINT('',(0.1250875,-0.0663125,0.00625000000000095));
#6969=CARTESIAN_POINT('',(0.1240875,-0.0663125,0.00625000000000095));
#6970=CARTESIAN_POINT('',(0.1240875,-0.0663125,0.00625000000000095));
#6971=CARTESIAN_POINT('',(0.1250875,-0.0663125,0.00625000000000095));
#6972=CARTESIAN_POINT('',(0.1240875,-0.0653125,0.00625000000000094));
#6973=CARTESIAN_POINT('',(0.1240875,-0.0643125,0.00625000000000093));
#6974=CARTESIAN_POINT('',(0.1240875,-0.0643125,0.00625000000000093));
#6975=CARTESIAN_POINT('',(0.1240875,-0.0653125,0.00625000000000094));
#6976=CARTESIAN_POINT('',(0.1225875,-0.0643125,0.00625000000000093));
#6977=CARTESIAN_POINT('',(0.1225875,-0.0643125,0.00625000000000093));
#6978=CARTESIAN_POINT('',(0.1535875,-0.0643125,0.00625000000000093));
#6979=CARTESIAN_POINT('',(0.1535875,-0.0643125,0.00625000000000093));
#6980=CARTESIAN_POINT('',(-2.84711490494694E-17,4.57533316788914E-17,0.00625000000000045));
#6981=CARTESIAN_POINT('',(0.1700875,-0.0158125,0.00625000000000058));
#6982=CARTESIAN_POINT('',(0.1710875,-0.0158125,0.00625000000000058));
#6983=CARTESIAN_POINT('',(0.1710875,-0.0158125,0.00625000000000058));
#6984=CARTESIAN_POINT('',(0.1700875,-0.0158125,0.00625000000000058));
#6985=CARTESIAN_POINT('',(0.1690875,-0.0158125,0.00625000000000058));
#6986=CARTESIAN_POINT('',(0.1690875,-0.0158125,0.00625000000000058));
#6987=CARTESIAN_POINT('',(0.1710875,-0.0168125,0.00625000000000059));
#6988=CARTESIAN_POINT('',(0.1710875,-0.0168125,0.00625000000000059));
#6989=CARTESIAN_POINT('',(0.1710875,-0.0428125,0.00625000000000078));
#6990=CARTESIAN_POINT('',(0.1710875,-0.0438125,0.00625000000000079));
#6991=CARTESIAN_POINT('',(0.1710875,-0.0438125,0.00625000000000079));
#6992=CARTESIAN_POINT('',(0.1710875,-0.0428125,0.00625000000000078));
#6993=CARTESIAN_POINT('',(0.1700875,-0.0438125,0.00625000000000079));
#6994=CARTESIAN_POINT('',(0.1690875,-0.0438125,0.00625000000000079));
#6995=CARTESIAN_POINT('',(0.1690875,-0.0438125,0.00625000000000079));
#6996=CARTESIAN_POINT('',(0.1700875,-0.0438125,0.00625000000000079));
#6997=CARTESIAN_POINT('',(0.1690875,-0.0453125,0.0062500000000008));
#6998=CARTESIAN_POINT('',(0.1690875,-0.0453125,0.0062500000000008));
#6999=CARTESIAN_POINT('',(0.1690875,-0.0143125,0.00625000000000057));
#7000=CARTESIAN_POINT('',(0.1690875,-0.0143125,0.00625000000000057));
#7001=CARTESIAN_POINT('',(-2.84711490494694E-17,4.57533316788914E-17,0.00625000000000045));
#7002=CARTESIAN_POINT('',(0.1700875,0.0438125,0.00625000000000014));
#7003=CARTESIAN_POINT('',(0.1710875,0.0438125,0.00625000000000014));
#7004=CARTESIAN_POINT('',(0.1710875,0.0438125,0.00625000000000014));
#7005=CARTESIAN_POINT('',(0.1700875,0.0438125,0.00625000000000014));
#7006=CARTESIAN_POINT('',(0.1690875,0.0438125,0.00625000000000014));
#7007=CARTESIAN_POINT('',(0.1690875,0.0438125,0.00625000000000014));
#7008=CARTESIAN_POINT('',(0.1710875,0.0428125,0.00625000000000015));
#7009=CARTESIAN_POINT('',(0.1710875,0.0428125,0.00625000000000015));
#7010=CARTESIAN_POINT('',(0.1710875,0.0168125,0.00625000000000034));
#7011=CARTESIAN_POINT('',(0.1710875,0.0158125,0.00625000000000035));
#7012=CARTESIAN_POINT('',(0.1710875,0.0158125,0.00625000000000035));
#7013=CARTESIAN_POINT('',(0.1710875,0.0168125,0.00625000000000034));
#7014=CARTESIAN_POINT('',(0.1700875,0.0158125,0.00625000000000035));
#7015=CARTESIAN_POINT('',(0.1690875,0.0158125,0.00625000000000035));
#7016=CARTESIAN_POINT('',(0.1690875,0.0158125,0.00625000000000035));
#7017=CARTESIAN_POINT('',(0.1700875,0.0158125,0.00625000000000035));
#7018=CARTESIAN_POINT('',(0.1690875,0.0143125,0.00625000000000036));
#7019=CARTESIAN_POINT('',(0.1690875,0.0143125,0.00625000000000036));
#7020=CARTESIAN_POINT('',(0.1690875,0.0453125,0.00625000000000013));
#7021=CARTESIAN_POINT('',(0.1690875,0.0453125,0.00625000000000013));
#7022=CARTESIAN_POINT('',(-2.84711490494694E-17,4.57533316788914E-17,0.00625000000000045));
#7023=CARTESIAN_POINT('',(0.1502875,0.0663125,0.00625));
#7024=CARTESIAN_POINT('',(0.1512875,0.0663125,0.00625));
#7025=CARTESIAN_POINT('',(0.1512875,0.0663125,0.00625));
#7026=CARTESIAN_POINT('',(0.1502875,0.0663125,0.00625));
#7027=CARTESIAN_POINT('',(0.1512875,0.0653125,0.00625));
#7028=CARTESIAN_POINT('',(0.1512875,0.0643125,0.00625));
#7029=CARTESIAN_POINT('',(0.1512875,0.0643125,0.00625));
#7030=CARTESIAN_POINT('',(0.1512875,0.0653125,0.00625));
#7031=CARTESIAN_POINT('',(0.1527875,0.0643125,0.00625));
#7032=CARTESIAN_POINT('',(0.1527875,0.0643125,0.00625));
#7033=CARTESIAN_POINT('',(0.1217875,0.0643125,0.00625));
#7034=CARTESIAN_POINT('',(0.1232875,0.0643125,0.00625));
#7035=CARTESIAN_POINT('',(0.1232875,0.0643125,0.00625));
#7036=CARTESIAN_POINT('',(0.1217875,0.0643125,0.00625));
#7037=CARTESIAN_POINT('',(0.1232875,0.0653125,0.00625));
#7038=CARTESIAN_POINT('',(0.1232875,0.0663125,0.00625));
#7039=CARTESIAN_POINT('',(0.1232875,0.0663125,0.00625));
#7040=CARTESIAN_POINT('',(0.1232875,0.0653125,0.00625));
#7041=CARTESIAN_POINT('',(0.1242875,0.0663125,0.00625));
#7042=CARTESIAN_POINT('',(0.1242875,0.0663125,0.00625));
#7043=CARTESIAN_POINT('',(-2.84711490494694E-17,4.57533316788914E-17,0.00625000000000045));
#7044=CARTESIAN_POINT('',(0.025,0.0653125,0.00625));
#7045=CARTESIAN_POINT('',(0.025,0.0663125,0.00625));
#7046=CARTESIAN_POINT('',(0.025,0.0663125,0.00625));
#7047=CARTESIAN_POINT('',(0.025,0.0653125,0.00625));
#7048=CARTESIAN_POINT('',(0.025,0.0643125,0.00625));
#7049=CARTESIAN_POINT('',(0.025,0.0643125,0.00625));
#7050=CARTESIAN_POINT('',(0.026,0.0663125,0.00625));
#7051=CARTESIAN_POINT('',(0.026,0.0663125,0.00625));
#7052=CARTESIAN_POINT('',(0.052,0.0663125,0.00625));
#7053=CARTESIAN_POINT('',(0.053,0.0663125,0.00625));
#7054=CARTESIAN_POINT('',(0.053,0.0663125,0.00625));
#7055=CARTESIAN_POINT('',(0.052,0.0663125,0.00625));
#7056=CARTESIAN_POINT('',(0.053,0.0653125,0.00625));
#7057=CARTESIAN_POINT('',(0.053,0.0643125,0.00625));
#7058=CARTESIAN_POINT('',(0.053,0.0643125,0.00625));
#7059=CARTESIAN_POINT('',(0.053,0.0653125,0.00625));
#7060=CARTESIAN_POINT('',(0.0545,0.0643125,0.00625));
#7061=CARTESIAN_POINT('',(0.0545,0.0643125,0.00625));
#7062=CARTESIAN_POINT('',(0.0235,0.0643125,0.00625));
#7063=CARTESIAN_POINT('',(0.0235,0.0643125,0.00625));
#7064=CARTESIAN_POINT('',(-2.84711490494694E-17,4.57533316788914E-17,0.00625000000000045));
#7065=CARTESIAN_POINT('',(-0.053,0.0653125,0.00625));
#7066=CARTESIAN_POINT('',(-0.053,0.0663125,0.00625));
#7067=CARTESIAN_POINT('',(-0.053,0.0663125,0.00625));
#7068=CARTESIAN_POINT('',(-0.053,0.0653125,0.00625));
#7069=CARTESIAN_POINT('',(-0.053,0.0643125,0.00625));
#7070=CARTESIAN_POINT('',(-0.053,0.0643125,0.00625));
#7071=CARTESIAN_POINT('',(-0.052,0.0663125,0.00625));
#7072=CARTESIAN_POINT('',(-0.052,0.0663125,0.00625));
#7073=CARTESIAN_POINT('',(-0.026,0.0663125,0.00625));
#7074=CARTESIAN_POINT('',(-0.025,0.0663125,0.00625));
#7075=CARTESIAN_POINT('',(-0.025,0.0663125,0.00625));
#7076=CARTESIAN_POINT('',(-0.026,0.0663125,0.00625));
#7077=CARTESIAN_POINT('',(-0.025,0.0653125,0.00625));
#7078=CARTESIAN_POINT('',(-0.025,0.0643125,0.00625));
#7079=CARTESIAN_POINT('',(-0.025,0.0643125,0.00625));
#7080=CARTESIAN_POINT('',(-0.025,0.0653125,0.00625));
#7081=CARTESIAN_POINT('',(-0.0235,0.0643125,0.00625));
#7082=CARTESIAN_POINT('',(-0.0235,0.0643125,0.00625));
#7083=CARTESIAN_POINT('',(-0.0545,0.0643125,0.00625));
#7084=CARTESIAN_POINT('',(-0.0545,0.0643125,0.00625));
#7085=CARTESIAN_POINT('',(-2.84711490494694E-17,4.57533316788914E-17,0.00625000000000045));
#7086=CARTESIAN_POINT('',(-0.1700875,-0.0438125,0.00625000000000075));
#7087=CARTESIAN_POINT('',(-0.1710875,-0.0438125,0.00625000000000075));
#7088=CARTESIAN_POINT('',(-0.1710875,-0.0438125,0.00625000000000075));
#7089=CARTESIAN_POINT('',(-0.1700875,-0.0438125,0.00625000000000075));
#7090=CARTESIAN_POINT('',(-0.1690875,-0.0438125,0.00625000000000075));
#7091=CARTESIAN_POINT('',(-0.1690875,-0.0438125,0.00625000000000075));
#7092=CARTESIAN_POINT('',(-0.1710875,-0.0428125,0.00625000000000074));
#7093=CARTESIAN_POINT('',(-0.1710875,-0.0428125,0.00625000000000074));
#7094=CARTESIAN_POINT('',(-0.1710875,-0.0168125,0.00625000000000055));
#7095=CARTESIAN_POINT('',(-0.1710875,-0.0158125,0.00625000000000054));
#7096=CARTESIAN_POINT('',(-0.1710875,-0.0158125,0.00625000000000054));
#7097=CARTESIAN_POINT('',(-0.1710875,-0.0168125,0.00625000000000055));
#7098=CARTESIAN_POINT('',(-0.1700875,-0.0158125,0.00625000000000054));
#7099=CARTESIAN_POINT('',(-0.1690875,-0.0158125,0.00625000000000054));
#7100=CARTESIAN_POINT('',(-0.1690875,-0.0158125,0.00625000000000054));
#7101=CARTESIAN_POINT('',(-0.1700875,-0.0158125,0.00625000000000054));
#7102=CARTESIAN_POINT('',(-0.1690875,-0.0143125,0.00625000000000053));
#7103=CARTESIAN_POINT('',(-0.1690875,-0.0143125,0.00625000000000053));
#7104=CARTESIAN_POINT('',(-0.1690875,-0.0453125,0.00625000000000076));
#7105=CARTESIAN_POINT('',(-0.1690875,-0.0453125,0.00625000000000076));
#7106=CARTESIAN_POINT('',(-2.84711490494694E-17,4.57533316788914E-17,0.00625000000000045));
#7107=CARTESIAN_POINT('',(-0.1700875,0.0158125,0.00625000000000031));
#7108=CARTESIAN_POINT('',(-0.1710875,0.0158125,0.00625000000000031));
#7109=CARTESIAN_POINT('',(-0.1710875,0.0158125,0.00625000000000031));
#7110=CARTESIAN_POINT('',(-0.1700875,0.0158125,0.00625000000000031));
#7111=CARTESIAN_POINT('',(-0.1690875,0.0158125,0.00625000000000031));
#7112=CARTESIAN_POINT('',(-0.1690875,0.0158125,0.00625000000000031));
#7113=CARTESIAN_POINT('',(-0.1710875,0.0168125,0.0062500000000003));
#7114=CARTESIAN_POINT('',(-0.1710875,0.0168125,0.0062500000000003));
#7115=CARTESIAN_POINT('',(-0.1710875,0.0428125,0.00625000000000011));
#7116=CARTESIAN_POINT('',(-0.1710875,0.0438125,0.00625000000000011));
#7117=CARTESIAN_POINT('',(-0.1710875,0.0438125,0.00625000000000011));
#7118=CARTESIAN_POINT('',(-0.1710875,0.0428125,0.00625000000000011));
#7119=CARTESIAN_POINT('',(-0.1700875,0.0438125,0.00625000000000011));
#7120=CARTESIAN_POINT('',(-0.1690875,0.0438125,0.00625000000000011));
#7121=CARTESIAN_POINT('',(-0.1690875,0.0438125,0.00625000000000011));
#7122=CARTESIAN_POINT('',(-0.1700875,0.0438125,0.00625000000000011));
#7123=CARTESIAN_POINT('',(-0.1690875,0.0453125,0.00625000000000009));
#7124=CARTESIAN_POINT('',(-0.1690875,0.0453125,0.00625000000000009));
#7125=CARTESIAN_POINT('',(-0.1690875,0.0143125000000002,0.00625000000000032));
#7126=CARTESIAN_POINT('',(-0.1690875,0.0143125000000002,0.00625000000000032));
#7127=CARTESIAN_POINT('',(-2.84711490494694E-17,4.57533316788914E-17,0.00625000000000045));
#7128=MECHANICAL_DESIGN_GEOMETRIC_PRESENTATION_REPRESENTATION('',(#4226),
#7129);
#7129=(
GEOMETRIC_REPRESENTATION_CONTEXT(3)
GLOBAL_UNCERTAINTY_ASSIGNED_CONTEXT((#7130))
GLOBAL_UNIT_ASSIGNED_CONTEXT((#7133,#7132,#7131))
REPRESENTATION_CONTEXT('Part 1','TOP_LEVEL_ASSEMBLY_PART')
);
#7130=UNCERTAINTY_MEASURE_WITH_UNIT(LENGTH_MEASURE(2.E-5),#7133,
'DISTANCE_ACCURACY_VALUE','Maximum Tolerance applied to model');
#7131=(
NAMED_UNIT(*)
SI_UNIT($,.STERADIAN.)
SOLID_ANGLE_UNIT()
);
#7132=(
NAMED_UNIT(*)
PLANE_ANGLE_UNIT()
SI_UNIT($,.RADIAN.)
);
#7133=(
LENGTH_UNIT()
NAMED_UNIT(*)
SI_UNIT($,.METRE.)
);
#7134=PRODUCT_DEFINITION_SHAPE('','',#7135);
#7135=PRODUCT_DEFINITION('','',#7137,#7136);
#7136=PRODUCT_DEFINITION_CONTEXT('',#7143,'design');
#7137=PRODUCT_DEFINITION_FORMATION_WITH_SPECIFIED_SOURCE('','',#7139,
 .NOT_KNOWN.);
#7138=PRODUCT_RELATED_PRODUCT_CATEGORY('','',(#7139));
#7139=PRODUCT('Part 1','Part 1','Part 1',(#7141));
#7140=PRODUCT_CATEGORY('','');
#7141=PRODUCT_CONTEXT('',#7143,'mechanical');
#7142=APPLICATION_PROTOCOL_DEFINITION('international standard',
'ap242_managed_model_based_3d_engineering',2020,#7143);
#7143=APPLICATION_CONTEXT('managed model based 3d engineering');
ENDSEC;
END-ISO-10303-21;
